      Logging screen output to file "mcmc_sampling.log"

      Executing file "alignment_and_tree.nex"...

   UNIX line termination
   Longest line length = 1319
   Parsing file
   Expecting NEXUS formatted file
   Reading data block
      Allocated taxon set
      Allocated matrix
      Defining new matrix with 42 taxa and 107 characters
      Data is Standard
      Gaps coded as -
      Missing data coded as ?
      WARNING: MrBayes does not support 'symbols' specification; default symbols assumed
      Taxon  1 -> Huso_huso
      Taxon  2 -> Polypterus_senegalus
      Taxon  3 -> Pteronisculus_cicatrosus
      Taxon  4 -> Abdobalistum_thyrus
      Taxon  5 -> Nursallia_veronae
      Taxon  6 -> Paranursallia_gutturosum
      Taxon  7 -> Pycnodus_apodus
      Taxon  8 -> Oropycnodus_ponsorti
      Taxon  9 -> Coelodus_saturnus
      Taxon 10 -> Sylvienodus_laveirensis
      Taxon 11 -> Polazzodus_coronatus
      Taxon 12 -> Scalacurvichthys_naishi
      Taxon 13 -> Ocloedus_subdiscus
      Taxon 14 -> Tepexichthys_aranguthyorum
      Taxon 15 -> Iemanja_palma
      Taxon 16 -> Stemmatodus_rhombus
      Taxon 17 -> Proscinetes_radiatus
      Taxon 18 -> Proscinetes_bernardi
      Taxon 19 -> Proscinetes_elegans
      Taxon 20 -> Neoproscinetes_penalvai
      Taxon 21 -> Thiollierepycnodus_wagneri
      Taxon 22 -> Turboscinetes_egertoni
      Taxon 23 -> Turbomesodon_relegans
      Taxon 24 -> Turbomesodon_bernissartensis
      Taxon 25 -> Turbomesodon_praeclarus
      Taxon 26 -> Akromystax_tilmachiton
      Taxon 27 -> Stenamara_mia
      Taxon 28 -> Macromesodon_macropterus
      Taxon 29 -> Brembodus_ridens
      Taxon 30 -> Gibbodon_cenensis
      Taxon 31 -> Eomesodon_liassicus
      Taxon 32 -> Eomesodon_hoeferi
      Taxon 33 -> Apomesodon_gibbosus
      Taxon 34 -> Piranhamesodon_pinnatomus
      Taxon 35 -> Arduafrons_prominoris
      Taxon 36 -> Gyrodus_hexagonus
      Taxon 37 -> Mesturus_verrucosus
      Taxon 38 -> Aminiichthys_leedsi
      Taxon 39 -> Palaeobalistum_orbiculatum
      Taxon 40 -> Micropycnodon_kansasensis
      Taxon 41 -> Paramesturus_stuehmeri
      Taxon 42 -> Valgarzaella_antiquissima
      Successfully read matrix
      Setting default partition (does not divide up characters)
      Setting model defaults
      Seed (for generating default start values) = 1788798782
      Setting output file names to "alignment_and_tree.nex.run<i>.<p|t>"
   Exiting data block
   Reading trees block
      Successfully read tree 'tree1'
   Exiting trees block
   Reached end of file

   Returning execution to calling file ...

      Setting autoclose to yes
      Showing taxon status:

        Number of taxa        = 42 (all of which are included)
        Number of constraints = 0

        Taxon                                 Inclusion   
      -------------------------------------------------
    ->   1 (Huso_huso)                     -- Included    
         2 (Polypterus_senegalus)          -- Included    
         3 (Pteronisculus_cicatrosus)      -- Included    
         4 (Abdobalistum_thyrus)           -- Included    
         5 (Nursallia_veronae)             -- Included    
         6 (Paranursallia_gutturosum)      -- Included    
         7 (Pycnodus_apodus)               -- Included    
         8 (Oropycnodus_ponsorti)          -- Included    
         9 (Coelodus_saturnus)             -- Included    
        10 (Sylvienodus_laveirensis)       -- Included    
        11 (Polazzodus_coronatus)          -- Included    
        12 (Scalacurvichthys_naishi)       -- Included    
        13 (Ocloedus_subdiscus)            -- Included    
        14 (Tepexichthys_aranguthyorum)    -- Included    
        15 (Iemanja_palma)                 -- Included    
        16 (Stemmatodus_rhombus)           -- Included    
        17 (Proscinetes_radiatus)          -- Included    
        18 (Proscinetes_bernardi)          -- Included    
        19 (Proscinetes_elegans)           -- Included    
        20 (Neoproscinetes_penalvai)       -- Included    
        21 (Thiollierepycnodus_wagneri)    -- Included    
        22 (Turboscinetes_egertoni)        -- Included    
        23 (Turbomesodon_relegans)         -- Included    
        24 (Turbomesodon_bernissartensis)  -- Included    
        25 (Turbomesodon_praeclarus)       -- Included    
        26 (Akromystax_tilmachiton)        -- Included    
        27 (Stenamara_mia)                 -- Included    
        28 (Macromesodon_macropterus)      -- Included    
        29 (Brembodus_ridens)              -- Included    
        30 (Gibbodon_cenensis)             -- Included    
        31 (Eomesodon_liassicus)           -- Included    
        32 (Eomesodon_hoeferi)             -- Included    
        33 (Apomesodon_gibbosus)           -- Included    
        34 (Piranhamesodon_pinnatomus)     -- Included    
        35 (Arduafrons_prominoris)         -- Included    
        36 (Gyrodus_hexagonus)             -- Included    
        37 (Mesturus_verrucosus)           -- Included    
        38 (Aminiichthys_leedsi)           -- Included    
        39 (Palaeobalistum_orbiculatum)    -- Included    
        40 (Micropycnodon_kansasensis)     -- Included    
        41 (Paramesturus_stuehmeri)        -- Included    
        42 (Valgarzaella_antiquissima)     -- Included    

      '.' indicate that the taxon is not present in the constraint. 
      '*' indicate that the taxon is present in the 'hard' constraint. 
      '+' indicate that the taxon is present in the first group of 'partial' constraint. 
      '-' indicate that the taxon is present in the second group of 'partial' constraint. 
      '#' indicate that the taxon is present in the 'negative' constraint. 
      Arrow indicates current outgroup. 
      Defining charset called 'morphGEN'
      Defining charset called 'morphSKULL'
      Defining charset called 'morphTEETH'
      Defining charset called 'morphAX'
      Defining charset called 'morphCAU'
      Defining charset called 'morphFIN'
      Defining charset called 'morphSC'
      Defining charset called 'morphCSC'
      Defining charset called 'morphCLO'
      Defining partition called 'combined'
      Setting combined as the partition, dividing characters into 9 parts.
      Setting model defaults
      Seed (for generating default start values) = 1131138634
      Enabling Coding Variable for partition 1
      Enabling Coding Variable for partition 2
      Enabling Coding Variable for partition 3
      Enabling Coding Variable for partition 4
      Enabling Coding Variable for partition 5
      Enabling Coding Variable for partition 6
      Enabling Coding Variable for partition 7
      Enabling Coding Variable for partition 8
      Enabling Coding Variable for partition 9
      Successfully set likelihood model parameters to all
         applicable data partitions 
      Setting age of taxon 'Abdobalistum_thyrus' to Uniform(48.07,56.00)
      Setting age of taxon 'Akromystax_tilmachiton' to Uniform(93.90,100.50)
      Setting age of taxon 'Apomesodon_gibbosus' to Uniform(145.06,149.20)
      Setting age of taxon 'Arduafrons_prominoris' to Uniform(145.06,149.20)
      Setting age of taxon 'Brembodus_ridens' to Uniform(211.18,215.38)
      Setting age of taxon 'Coelodus_saturnus' to Uniform(83.60,100.50)
      Setting age of taxon 'Eomesodon_hoeferi' to Uniform(211.18,215.38)
      Setting age of taxon 'Eomesodon_liassicus' to Uniform(192.90,201.40)
      Setting age of taxon 'Gibbodon_cenensis' to Uniform(211.18,215.38)
      Setting age of taxon 'Gyrodus_hexagonus' to Uniform(145.06,149.20)
      Setting age of taxon 'Iemanja_palma' to Uniform(113.20,119.57)
      Setting age of taxon 'Valgarzaella_antiquissima' to Uniform(215.38,227.30)
      Setting age of taxon 'Macromesodon_macropterus' to Uniform(137.05,143.10)
      Setting age of taxon 'Aminiichthys_leedsi' to Uniform(159.00,165.30)
      Setting age of taxon 'Mesturus_verrucosus' to Uniform(145.06,149.20)
      Setting age of taxon 'Micropycnodon_kansasensis' to Uniform(85.70,100.50)
      Setting age of taxon 'Neoproscinetes_penalvai' to Uniform(110.10,121.40)
      Setting age of taxon 'Nursallia_veronae' to Uniform(48.07,56.00)
      Setting age of taxon 'Ocloedus_subdiscus' to Uniform(121.40,125.77)
      Setting age of taxon 'Oropycnodus_ponsorti' to Uniform(66.00,72.20)
      Setting age of taxon 'Palaeobalistum_orbiculatum' to Uniform(48.07,56.00)
      Setting age of taxon 'Paramesturus_stuehmeri' to Uniform(119.57,121.40)
      Setting age of taxon 'Paranursallia_gutturosum' to Uniform(89.80,100.50)
      Setting age of taxon 'Piranhamesodon_pinnatomus' to Uniform(145.06,152.21)
      Setting age of taxon 'Polazzodus_coronatus' to Uniform(83.60,89.80)
      Setting age of taxon 'Proscinetes_bernardi' to Uniform(145.06,152.21)
      Setting age of taxon 'Proscinetes_elegans' to Uniform(145.06,149.20)
      Setting age of taxon 'Proscinetes_radiatus' to Uniform(119.57,125.77)
      Setting age of taxon 'Pteronisculus_cicatrosus' to Uniform(250.80,251.10)
      Setting age of taxon 'Pycnodus_apodus' to Uniform(48.07,56.00)
      Setting age of taxon 'Scalacurvichthys_naishi' to Uniform(93.90,100.50)
      Setting age of taxon 'Stemmatodus_rhombus' to Uniform(121.40,125.77)
      Setting age of taxon 'Stenamara_mia' to Uniform(121.40,125.77)
      Setting age of taxon 'Sylvienodus_laveirensis' to Uniform(93.90,100.50)
      Setting age of taxon 'Tepexichthys_aranguthyorum' to Uniform(100.50,110.10)
      Setting age of taxon 'Thiollierepycnodus_wagneri' to Uniform(149.20,152.21)
      Setting age of taxon 'Turbomesodon_bernissartensis' to Uniform(100.50,125.77)
      Setting age of taxon 'Turbomesodon_praeclarus' to Uniform(121.40,125.77)
      Setting age of taxon 'Turbomesodon_relegans' to Uniform(145.06,149.20)
      Setting age of taxon 'Turboscinetes_egertoni' to Uniform(149.20,152.21)
      Setting Brlenspr to Clock:Fossilization for partition 1
      Setting Brlenspr to Clock:Fossilization for partition 2
      Setting Brlenspr to Clock:Fossilization for partition 3
      Setting Brlenspr to Clock:Fossilization for partition 4
      Setting Brlenspr to Clock:Fossilization for partition 5
      Setting Brlenspr to Clock:Fossilization for partition 6
      Setting Brlenspr to Clock:Fossilization for partition 7
      Setting Brlenspr to Clock:Fossilization for partition 8
      Setting Brlenspr to Clock:Fossilization for partition 9
      Setting Topologypr to Fixed for partition 1
      Setting Topologypr to Fixed for partition 2
      Setting Topologypr to Fixed for partition 3
      Setting Topologypr to Fixed for partition 4
      Setting Topologypr to Fixed for partition 5
      Setting Topologypr to Fixed for partition 6
      Setting Topologypr to Fixed for partition 7
      Setting Topologypr to Fixed for partition 8
      Setting Topologypr to Fixed for partition 9
      Setting Treeagepr to Uniform(252.00,299.00)
      Setting Treeagepr to Uniform(252.00,299.00)
      Setting Treeagepr to Uniform(252.00,299.00)
      Setting Treeagepr to Uniform(252.00,299.00)
      Setting Treeagepr to Uniform(252.00,299.00)
      Setting Treeagepr to Uniform(252.00,299.00)
      Setting Treeagepr to Uniform(252.00,299.00)
      Setting Treeagepr to Uniform(252.00,299.00)
      Setting Treeagepr to Uniform(252.00,299.00)
      Setting Sampleprob to 0.05000000 for partition 1
      Setting Sampleprob to 0.05000000 for partition 2
      Setting Sampleprob to 0.05000000 for partition 3
      Setting Sampleprob to 0.05000000 for partition 4
      Setting Sampleprob to 0.05000000 for partition 5
      Setting Sampleprob to 0.05000000 for partition 6
      Setting Sampleprob to 0.05000000 for partition 7
      Setting Sampleprob to 0.05000000 for partition 8
      Setting Sampleprob to 0.05000000 for partition 9
      Setting SampleStrat to Random for partition 1
      Setting SampleStrat to Random for partition 2
      Setting SampleStrat to Random for partition 3
      Setting SampleStrat to Random for partition 4
      Setting SampleStrat to Random for partition 5
      Setting SampleStrat to Random for partition 6
      Setting SampleStrat to Random for partition 7
      Setting SampleStrat to Random for partition 8
      Setting SampleStrat to Random for partition 9
      Setting Nodeagepr to Calibrated for partition 1
      Setting Nodeagepr to Calibrated for partition 2
      Setting Nodeagepr to Calibrated for partition 3
      Setting Nodeagepr to Calibrated for partition 4
      Setting Nodeagepr to Calibrated for partition 5
      Setting Nodeagepr to Calibrated for partition 6
      Setting Nodeagepr to Calibrated for partition 7
      Setting Nodeagepr to Calibrated for partition 8
      Setting Nodeagepr to Calibrated for partition 9
      Setting Speciationpr to Uniform(0.00,10.00) for partition 1
      Setting Speciationpr to Uniform(0.00,10.00) for partition 2
      Setting Speciationpr to Uniform(0.00,10.00) for partition 3
      Setting Speciationpr to Uniform(0.00,10.00) for partition 4
      Setting Speciationpr to Uniform(0.00,10.00) for partition 5
      Setting Speciationpr to Uniform(0.00,10.00) for partition 6
      Setting Speciationpr to Uniform(0.00,10.00) for partition 7
      Setting Speciationpr to Uniform(0.00,10.00) for partition 8
      Setting Speciationpr to Uniform(0.00,10.00) for partition 9
      Setting Extinctionpr to Beta(1.00,1.00) for partition 1
      Setting Extinctionpr to Beta(1.00,1.00) for partition 2
      Setting Extinctionpr to Beta(1.00,1.00) for partition 3
      Setting Extinctionpr to Beta(1.00,1.00) for partition 4
      Setting Extinctionpr to Beta(1.00,1.00) for partition 5
      Setting Extinctionpr to Beta(1.00,1.00) for partition 6
      Setting Extinctionpr to Beta(1.00,1.00) for partition 7
      Setting Extinctionpr to Beta(1.00,1.00) for partition 8
      Setting Extinctionpr to Beta(1.00,1.00) for partition 9
      Setting Fossilizationpr to Beta(1.00,1.00) for partition 1
      Setting Fossilizationpr to Beta(1.00,1.00) for partition 2
      Setting Fossilizationpr to Beta(1.00,1.00) for partition 3
      Setting Fossilizationpr to Beta(1.00,1.00) for partition 4
      Setting Fossilizationpr to Beta(1.00,1.00) for partition 5
      Setting Fossilizationpr to Beta(1.00,1.00) for partition 6
      Setting Fossilizationpr to Beta(1.00,1.00) for partition 7
      Setting Fossilizationpr to Beta(1.00,1.00) for partition 8
      Setting Fossilizationpr to Beta(1.00,1.00) for partition 9
      Successfully set prior model parameters to all
      applicable data partitions 
      Setting Clockvarpr to IGR for partition 1
      Setting Clockvarpr to IGR for partition 2
      Setting Clockvarpr to IGR for partition 3
      Setting Clockvarpr to IGR for partition 4
      Setting Clockvarpr to IGR for partition 5
      Setting Clockvarpr to IGR for partition 6
      Setting Clockvarpr to IGR for partition 7
      Setting Clockvarpr to IGR for partition 8
      Setting Clockvarpr to IGR for partition 9
      Setting IGRvarpr to Exponential(2.00) for partition 1
      Setting IGRvarpr to Exponential(2.00) for partition 2
      Setting IGRvarpr to Exponential(2.00) for partition 3
      Setting IGRvarpr to Exponential(2.00) for partition 4
      Setting IGRvarpr to Exponential(2.00) for partition 5
      Setting IGRvarpr to Exponential(2.00) for partition 6
      Setting IGRvarpr to Exponential(2.00) for partition 7
      Setting IGRvarpr to Exponential(2.00) for partition 8
      Setting IGRvarpr to Exponential(2.00) for partition 9
      Setting Clockratepr to Exponential(5.00) for partition 1
      Setting Clockratepr to Exponential(5.00) for partition 2
      Setting Clockratepr to Exponential(5.00) for partition 3
      Setting Clockratepr to Exponential(5.00) for partition 4
      Setting Clockratepr to Exponential(5.00) for partition 5
      Setting Clockratepr to Exponential(5.00) for partition 6
      Setting Clockratepr to Exponential(5.00) for partition 7
      Setting Clockratepr to Exponential(5.00) for partition 8
      Setting Clockratepr to Exponential(5.00) for partition 9
      Successfully set prior model parameters to all
      applicable data partitions 
      Model settings:

         Settings for partition 1 --
            Datatype  = Standard
            Coding    = Variable
            # States  = Variable, up to 24
                        State frequencies are fixed to be equal
            Rates     = Equal

         Settings for partition 2 --
            Datatype  = Standard
            Coding    = Variable
            # States  = Variable, up to 24
                        State frequencies are fixed to be equal
            Rates     = Equal

         Settings for partition 3 --
            Datatype  = Standard
            Coding    = Variable
            # States  = Variable, up to 24
                        State frequencies are fixed to be equal
            Rates     = Equal

         Settings for partition 4 --
            Datatype  = Standard
            Coding    = Variable
            # States  = Variable, up to 24
                        State frequencies are fixed to be equal
            Rates     = Equal

         Settings for partition 5 --
            Datatype  = Standard
            Coding    = Variable
            # States  = Variable, up to 24
                        State frequencies are fixed to be equal
            Rates     = Equal

         Settings for partition 6 --
            Datatype  = Standard
            Coding    = Variable
            # States  = Variable, up to 24
                        State frequencies are fixed to be equal
            Rates     = Equal

         Settings for partition 7 --
            Datatype  = Standard
            Coding    = Variable
            # States  = Variable, up to 24
                        State frequencies are fixed to be equal
            Rates     = Equal

         Settings for partition 8 --
            Datatype  = Standard
            Coding    = Variable
            # States  = Variable, up to 24
                        State frequencies are fixed to be equal
            Rates     = Equal

         Settings for partition 9 --
            Datatype  = Standard
            Coding    = Variable
            # States  = Variable, up to 24
                        State frequencies are fixed to be equal
            Rates     = Equal

      Active parameters: 

                             Partition(s)
         Parameters          1  2  3  4  5  6  7  8  9
         ---------------------------------------------
         Statefreq           1  1  1  1  1  1  1  1  1
         Ratemultiplier      2  2  2  2  2  2  2  2  2
         Topology            3  3  3  3  3  3  3  3  3
         Brlens              4  4  4  4  4  4  4  4  4
         Speciationrate      5  5  5  5  5  5  5  5  5
         Extinctionrate      6  6  6  6  6  6  6  6  6
         Fossilizationrate   7  7  7  7  7  7  7  7  7
         IGRvar              8  8  8  8  8  8  8  8  8
         IGRbranchrates      9  9  9  9  9  9  9  9  9
         Clockrate          10 10 10 10 10 10 10 10 10
         ---------------------------------------------

         Parameters can be linked or unlinked across partitions using 'link' and 'unlink'

         1 --  Parameter  = Alpha_symdir{all}
               Type       = Symmetric diricihlet distribution alpha_i parameter
               Prior      = Symmetric dirichlet with all parameters fixed to infinity
               Partitions = All

         2 --  Parameter  = Ratemultiplier{all}
               Type       = Partition-specific rate multiplier
               Prior      = Fixed(1.0)
               Partitions = All

         3 --  Parameter  = Tau{all}
               Type       = Topology
               Prior      = Prior is fixed to the topology of user tree 'tree1'
               Partitions = All
               Subparam.  = V{all}

         4 --  Parameter  = V{all}
               Type       = Branch lengths
               Prior      = Clock:Fossilization
                            Node depths are constrained by the following age constraints:
                            -- The age of terminal "Pteronisculus_cicatrosus" is Uniform(250.80,251.10)
                            -- The age of terminal "Abdobalistum_thyrus" is Uniform(48.07,56.00)
                            -- The age of terminal "Nursallia_veronae" is Uniform(48.07,56.00)
                            -- The age of terminal "Paranursallia_gutturosum" is Uniform(89.80,100.50)
                            -- The age of terminal "Pycnodus_apodus" is Uniform(48.07,56.00)
                            -- The age of terminal "Oropycnodus_ponsorti" is Uniform(66.00,72.20)
                            -- The age of terminal "Coelodus_saturnus" is Uniform(83.60,100.50)
                            -- The age of terminal "Sylvienodus_laveirensis" is Uniform(93.90,100.50)
                            -- The age of terminal "Polazzodus_coronatus" is Uniform(83.60,89.80)
                            -- The age of terminal "Scalacurvichthys_naishi" is Uniform(93.90,100.50)
                            -- The age of terminal "Ocloedus_subdiscus" is Uniform(121.40,125.77)
                            -- The age of terminal "Tepexichthys_aranguthyorum" is Uniform(100.50,110.10)
                            -- The age of terminal "Iemanja_palma" is Uniform(113.20,119.57)
                            -- The age of terminal "Stemmatodus_rhombus" is Uniform(121.40,125.77)
                            -- The age of terminal "Proscinetes_radiatus" is Uniform(119.57,125.77)
                            -- The age of terminal "Proscinetes_bernardi" is Uniform(145.06,152.21)
                            -- The age of terminal "Proscinetes_elegans" is Uniform(145.06,149.20)
                            -- The age of terminal "Neoproscinetes_penalvai" is Uniform(110.10,121.40)
                            -- The age of terminal "Thiollierepycnodus_wagneri" is Uniform(149.20,152.21)
                            -- The age of terminal "Turboscinetes_egertoni" is Uniform(149.20,152.21)
                            -- The age of terminal "Turbomesodon_relegans" is Uniform(145.06,149.20)
                            -- The age of terminal "Turbomesodon_bernissartensis" is Uniform(100.50,125.77)
                            -- The age of terminal "Turbomesodon_praeclarus" is Uniform(121.40,125.77)
                            -- The age of terminal "Akromystax_tilmachiton" is Uniform(93.90,100.50)
                            -- The age of terminal "Stenamara_mia" is Uniform(121.40,125.77)
                            -- The age of terminal "Macromesodon_macropterus" is Uniform(137.05,143.10)
                            -- The age of terminal "Brembodus_ridens" is Uniform(211.18,215.38)
                            -- The age of terminal "Gibbodon_cenensis" is Uniform(211.18,215.38)
                            -- The age of terminal "Eomesodon_liassicus" is Uniform(192.90,201.40)
                            -- The age of terminal "Eomesodon_hoeferi" is Uniform(211.18,215.38)
                            -- The age of terminal "Apomesodon_gibbosus" is Uniform(145.06,149.20)
                            -- The age of terminal "Piranhamesodon_pinnatomus" is Uniform(145.06,152.21)
                            -- The age of terminal "Arduafrons_prominoris" is Uniform(145.06,149.20)
                            -- The age of terminal "Gyrodus_hexagonus" is Uniform(145.06,149.20)
                            -- The age of terminal "Mesturus_verrucosus" is Uniform(145.06,149.20)
                            -- The age of terminal "Aminiichthys_leedsi" is Uniform(159.00,165.30)
                            -- The age of terminal "Palaeobalistum_orbiculatum" is Uniform(48.07,56.00)
                            -- The age of terminal "Micropycnodon_kansasensis" is Uniform(85.70,100.50)
                            -- The age of terminal "Paramesturus_stuehmeri" is Uniform(119.57,121.40)
                            -- The age of terminal "Valgarzaella_antiquissima" is Uniform(215.38,227.30)
                            -- Tree age has a Uniform(252.00,299.00) distribution
               Partitions = All
               Subparam.  = IgrBrlens{all}

         5 --  Parameter  = Net_speciation{all}
               Type       = Speciation rate
               Prior      = Uniform(0.00,10.00)
               Partitions = All

         6 --  Parameter  = Relative_extinction{all}
               Type       = Extinction rate
               Prior      = Beta(1.00,1.00)
               Partitions = All

         7 --  Parameter  = Relative_fossilization{all}
               Type       = Fossilization rate
               Prior      = Beta(1.00,1.00)
               Partitions = All

         8 --  Parameter  = IGRvar{all}
               Type       = Variance of IGR model branch rates
               Prior      = Exponential(2.00)
               Partitions = All
               Subparam.  = IgrBrlens{all}

         9 --  Parameter  = IgrBrlens{all}
               Type       = Branch lengths of IGR relaxed clock
               Prior      = Gamma (expectation = 1.0, variance = IGRvar{all}) 
               Partitions = All

        10 --  Parameter  = Clockrate{all}
               Type       = Base rate of clock
               Prior      = Exponential(5.00)
                            The clock rate varies according to an independent gamma model
               Partitions = All

      Running without data (WARNING: use this only for checking priors!)
      Setting number of runs to 1
      Setting heating parameter to 0.010000
      Setting number of generations to 10000000
      Setting number of chains to 8
      Setting sample frequency to 1000
      Setting print frequency to 10000
      Setting chain output file names to "alignment_and_tree.nex.<p/t>"
      Successfully set chain parameters
      Running Markov chain
      MCMC stamp = 7203381638
      Seed = 1476651741
      Swapseed = 1788798782
      Model settings:

         Settings for partition 1 --
            Datatype  = Standard
            Coding    = Variable
            # States  = Variable, up to 24
                        State frequencies are fixed to be equal
            Rates     = Equal

         Settings for partition 2 --
            Datatype  = Standard
            Coding    = Variable
            # States  = Variable, up to 24
                        State frequencies are fixed to be equal
            Rates     = Equal

         Settings for partition 3 --
            Datatype  = Standard
            Coding    = Variable
            # States  = Variable, up to 24
                        State frequencies are fixed to be equal
            Rates     = Equal

         Settings for partition 4 --
            Datatype  = Standard
            Coding    = Variable
            # States  = Variable, up to 24
                        State frequencies are fixed to be equal
            Rates     = Equal

         Settings for partition 5 --
            Datatype  = Standard
            Coding    = Variable
            # States  = Variable, up to 24
                        State frequencies are fixed to be equal
            Rates     = Equal

         Settings for partition 6 --
            Datatype  = Standard
            Coding    = Variable
            # States  = Variable, up to 24
                        State frequencies are fixed to be equal
            Rates     = Equal

         Settings for partition 7 --
            Datatype  = Standard
            Coding    = Variable
            # States  = Variable, up to 24
                        State frequencies are fixed to be equal
            Rates     = Equal

         Settings for partition 8 --
            Datatype  = Standard
            Coding    = Variable
            # States  = Variable, up to 24
                        State frequencies are fixed to be equal
            Rates     = Equal

         Settings for partition 9 --
            Datatype  = Standard
            Coding    = Variable
            # States  = Variable, up to 24
                        State frequencies are fixed to be equal
            Rates     = Equal

      Active parameters: 

                             Partition(s)
         Parameters          1  2  3  4  5  6  7  8  9
         ---------------------------------------------
         Statefreq           1  1  1  1  1  1  1  1  1
         Ratemultiplier      2  2  2  2  2  2  2  2  2
         Topology            3  3  3  3  3  3  3  3  3
         Brlens              4  4  4  4  4  4  4  4  4
         Speciationrate      5  5  5  5  5  5  5  5  5
         Extinctionrate      6  6  6  6  6  6  6  6  6
         Fossilizationrate   7  7  7  7  7  7  7  7  7
         IGRvar              8  8  8  8  8  8  8  8  8
         IGRbranchrates      9  9  9  9  9  9  9  9  9
         Clockrate          10 10 10 10 10 10 10 10 10
         ---------------------------------------------

         Parameters can be linked or unlinked across partitions using 'link' and 'unlink'

         1 --  Parameter  = Alpha_symdir{all}
               Type       = Symmetric diricihlet distribution alpha_i parameter
               Prior      = Symmetric dirichlet with all parameters fixed to infinity
               Partitions = All

         2 --  Parameter  = Ratemultiplier{all}
               Type       = Partition-specific rate multiplier
               Prior      = Fixed(1.0)
               Partitions = All

         3 --  Parameter  = Tau{all}
               Type       = Topology
               Prior      = Prior is fixed to the topology of user tree 'tree1'
               Partitions = All
               Subparam.  = V{all}

         4 --  Parameter  = V{all}
               Type       = Branch lengths
               Prior      = Clock:Fossilization
                            Node depths are constrained by the following age constraints:
                            -- The age of terminal "Pteronisculus_cicatrosus" is Uniform(250.80,251.10)
                            -- The age of terminal "Abdobalistum_thyrus" is Uniform(48.07,56.00)
                            -- The age of terminal "Nursallia_veronae" is Uniform(48.07,56.00)
                            -- The age of terminal "Paranursallia_gutturosum" is Uniform(89.80,100.50)
                            -- The age of terminal "Pycnodus_apodus" is Uniform(48.07,56.00)
                            -- The age of terminal "Oropycnodus_ponsorti" is Uniform(66.00,72.20)
                            -- The age of terminal "Coelodus_saturnus" is Uniform(83.60,100.50)
                            -- The age of terminal "Sylvienodus_laveirensis" is Uniform(93.90,100.50)
                            -- The age of terminal "Polazzodus_coronatus" is Uniform(83.60,89.80)
                            -- The age of terminal "Scalacurvichthys_naishi" is Uniform(93.90,100.50)
                            -- The age of terminal "Ocloedus_subdiscus" is Uniform(121.40,125.77)
                            -- The age of terminal "Tepexichthys_aranguthyorum" is Uniform(100.50,110.10)
                            -- The age of terminal "Iemanja_palma" is Uniform(113.20,119.57)
                            -- The age of terminal "Stemmatodus_rhombus" is Uniform(121.40,125.77)
                            -- The age of terminal "Proscinetes_radiatus" is Uniform(119.57,125.77)
                            -- The age of terminal "Proscinetes_bernardi" is Uniform(145.06,152.21)
                            -- The age of terminal "Proscinetes_elegans" is Uniform(145.06,149.20)
                            -- The age of terminal "Neoproscinetes_penalvai" is Uniform(110.10,121.40)
                            -- The age of terminal "Thiollierepycnodus_wagneri" is Uniform(149.20,152.21)
                            -- The age of terminal "Turboscinetes_egertoni" is Uniform(149.20,152.21)
                            -- The age of terminal "Turbomesodon_relegans" is Uniform(145.06,149.20)
                            -- The age of terminal "Turbomesodon_bernissartensis" is Uniform(100.50,125.77)
                            -- The age of terminal "Turbomesodon_praeclarus" is Uniform(121.40,125.77)
                            -- The age of terminal "Akromystax_tilmachiton" is Uniform(93.90,100.50)
                            -- The age of terminal "Stenamara_mia" is Uniform(121.40,125.77)
                            -- The age of terminal "Macromesodon_macropterus" is Uniform(137.05,143.10)
                            -- The age of terminal "Brembodus_ridens" is Uniform(211.18,215.38)
                            -- The age of terminal "Gibbodon_cenensis" is Uniform(211.18,215.38)
                            -- The age of terminal "Eomesodon_liassicus" is Uniform(192.90,201.40)
                            -- The age of terminal "Eomesodon_hoeferi" is Uniform(211.18,215.38)
                            -- The age of terminal "Apomesodon_gibbosus" is Uniform(145.06,149.20)
                            -- The age of terminal "Piranhamesodon_pinnatomus" is Uniform(145.06,152.21)
                            -- The age of terminal "Arduafrons_prominoris" is Uniform(145.06,149.20)
                            -- The age of terminal "Gyrodus_hexagonus" is Uniform(145.06,149.20)
                            -- The age of terminal "Mesturus_verrucosus" is Uniform(145.06,149.20)
                            -- The age of terminal "Aminiichthys_leedsi" is Uniform(159.00,165.30)
                            -- The age of terminal "Palaeobalistum_orbiculatum" is Uniform(48.07,56.00)
                            -- The age of terminal "Micropycnodon_kansasensis" is Uniform(85.70,100.50)
                            -- The age of terminal "Paramesturus_stuehmeri" is Uniform(119.57,121.40)
                            -- The age of terminal "Valgarzaella_antiquissima" is Uniform(215.38,227.30)
                            -- Tree age has a Uniform(252.00,299.00) distribution
               Partitions = All
               Subparam.  = IgrBrlens{all}

         5 --  Parameter  = Net_speciation{all}
               Type       = Speciation rate
               Prior      = Uniform(0.00,10.00)
               Partitions = All

         6 --  Parameter  = Relative_extinction{all}
               Type       = Extinction rate
               Prior      = Beta(1.00,1.00)
               Partitions = All

         7 --  Parameter  = Relative_fossilization{all}
               Type       = Fossilization rate
               Prior      = Beta(1.00,1.00)
               Partitions = All

         8 --  Parameter  = IGRvar{all}
               Type       = Variance of IGR model branch rates
               Prior      = Exponential(2.00)
               Partitions = All
               Subparam.  = IgrBrlens{all}

         9 --  Parameter  = IgrBrlens{all}
               Type       = Branch lengths of IGR relaxed clock
               Prior      = Gamma (expectation = 1.0, variance = IGRvar{all}) 
               Partitions = All

        10 --  Parameter  = Clockrate{all}
               Type       = Base rate of clock
               Prior      = Exponential(5.00)
                            The clock rate varies according to an independent gamma model
               Partitions = All


      Number of chains per MPI processor = 1

      The MCMC sampler will use the following moves:
         With prob.  Chain will use move
           10.75 %   AddBranch(V{all})
           10.75 %   DelBranch(V{all})
           32.26 %   NodesliderClock(V{all})
            3.23 %   TreeStretch(V{all})
            3.23 %   Slider(Net_speciation{all})
            3.23 %   Slider(Relative_extinction{all})
            3.23 %   Slider(Relative_fossilization{all})
            2.15 %   Multiplier(IGRvar{all})
           26.88 %   Multiplier(IgrBrlens{all})
            4.30 %   Multiplier(Clockrate{all})

      Division 1 has 9 unique site patterns
      Division 2 has 18 unique site patterns
      Division 3 has 23 unique site patterns
      Division 4 has 10 unique site patterns
      Division 5 has 10 unique site patterns
      Division 6 has 18 unique site patterns
      Division 7 has 13 unique site patterns
      Division 8 has 17 unique site patterns
      Division 9 has 7 unique site patterns
      Initializing conditional likelihoods
      Using standard non-SSE likelihood calculator for division 1 (single-precision)
      Using standard non-SSE likelihood calculator for division 2 (single-precision)
      Using standard non-SSE likelihood calculator for division 3 (single-precision)
      Using standard non-SSE likelihood calculator for division 4 (single-precision)
      Using standard non-SSE likelihood calculator for division 5 (single-precision)
      Using standard non-SSE likelihood calculator for division 6 (single-precision)
      Using standard non-SSE likelihood calculator for division 7 (single-precision)
      Using standard non-SSE likelihood calculator for division 8 (single-precision)
      Using standard non-SSE likelihood calculator for division 9 (single-precision)

      Initial log likelihoods and log prior probs:
         Chain 1 -- 0.000000 -- -1360.131270

      There are 7 more chains on other processor(s)

      Overwriting file "alignment_and_tree.nex.mcmc"
      Overwriting file "alignment_and_tree.nex.p"
      Overwriting file "alignment_and_tree.nex.t"

      Chain results (10000000 generations requested):

         0 -- [0.000] (...7 remote chains...) 
      10000 -- (0.000) [...7 remote chains...] -- 0:00:00
      20000 -- (0.000) [...7 remote chains...] -- 0:00:00
      30000 -- (0.000) [...7 remote chains...] -- 0:00:00
      40000 -- (0.000) [...7 remote chains...] -- 0:00:00
      50000 -- (0.000) [...7 remote chains...] -- 0:00:00
      60000 -- (0.000) [...7 remote chains...] -- 0:00:00
      70000 -- (0.000) [...7 remote chains...] -- 0:00:00
      80000 -- (0.000) [...7 remote chains...] -- 0:02:04
      90000 -- (0.000) [...7 remote chains...] -- 0:01:50
      100000 -- (0.000) [...7 remote chains...] -- 0:01:39
      110000 -- (0.000) [...7 remote chains...] -- 0:01:29
      120000 -- (0.000) [...7 remote chains...] -- 0:01:22
      130000 -- [0.000] (...7 remote chains...) -- 0:01:15
      140000 -- (0.000) [...7 remote chains...] -- 0:01:10
      150000 -- [0.000] (...7 remote chains...) -- 0:01:05
      160000 -- (0.000) [...7 remote chains...] -- 0:02:03
      170000 -- (0.000) [...7 remote chains...] -- 0:01:55
      180000 -- (0.000) [...7 remote chains...] -- 0:01:49
      190000 -- (0.000) [...7 remote chains...] -- 0:01:43
      200000 -- [0.000] (...7 remote chains...) -- 0:01:38
      210000 -- (0.000) [...7 remote chains...] -- 0:01:33
      220000 -- [0.000] (...7 remote chains...) -- 0:01:28
      230000 -- (0.000) [...7 remote chains...] -- 0:02:07
      240000 -- (0.000) [...7 remote chains...] -- 0:02:02
      250000 -- [0.000] (...7 remote chains...) -- 0:01:57
      260000 -- (0.000) [...7 remote chains...] -- 0:01:52
      270000 -- (0.000) [...7 remote chains...] -- 0:01:48
      280000 -- (0.000) [...7 remote chains...] -- 0:01:44
      290000 -- (0.000) [...7 remote chains...] -- 0:01:40
      300000 -- (0.000) [...7 remote chains...] -- 0:01:37
      310000 -- (0.000) [...7 remote chains...] -- 0:02:05
      320000 -- (0.000) [...7 remote chains...] -- 0:02:01
      330000 -- (0.000) [...7 remote chains...] -- 0:01:57
      340000 -- (0.000) [...7 remote chains...] -- 0:01:53
      350000 -- (0.000) [...7 remote chains...] -- 0:01:50
      360000 -- (0.000) [...7 remote chains...] -- 0:01:47
      370000 -- (0.000) [...7 remote chains...] -- 0:01:44
      380000 -- (0.000) [...7 remote chains...] -- 0:01:41
      390000 -- (0.000) [...7 remote chains...] -- 0:02:03
      400000 -- (0.000) [...7 remote chains...] -- 0:02:00
      410000 -- (0.000) [...7 remote chains...] -- 0:01:56
      420000 -- (0.000) [...7 remote chains...] -- 0:01:54
      430000 -- (0.000) [...7 remote chains...] -- 0:01:51
      440000 -- (0.000) [...7 remote chains...] -- 0:01:48
      450000 -- (0.000) [...7 remote chains...] -- 0:01:46
      460000 -- (0.000) [...7 remote chains...] -- 0:02:04
      470000 -- (0.000) [...7 remote chains...] -- 0:02:01
      480000 -- (0.000) [...7 remote chains...] -- 0:01:59
      490000 -- (0.000) [...7 remote chains...] -- 0:01:56
      500000 -- (0.000) [...7 remote chains...] -- 0:01:54
      510000 -- (0.000) [...7 remote chains...] -- 0:01:51
      520000 -- (0.000) [...7 remote chains...] -- 0:01:49
      530000 -- (0.000) [...7 remote chains...] -- 0:02:05
      540000 -- (0.000) [...7 remote chains...] -- 0:02:02
      550000 -- (0.000) [...7 remote chains...] -- 0:02:00
      560000 -- (0.000) [...7 remote chains...] -- 0:01:58
      570000 -- (0.000) [...7 remote chains...] -- 0:01:55
      580000 -- (0.000) [...7 remote chains...] -- 0:01:53
      590000 -- (0.000) [...7 remote chains...] -- 0:01:51
      600000 -- (0.000) [...7 remote chains...] -- 0:01:49
      610000 -- (0.000) [...7 remote chains...] -- 0:02:03
      620000 -- (0.000) [...7 remote chains...] -- 0:02:01
      630000 -- (0.000) [...7 remote chains...] -- 0:01:58
      640000 -- (0.000) [...7 remote chains...] -- 0:01:57
      650000 -- (0.000) [...7 remote chains...] -- 0:01:55
      660000 -- (0.000) [...7 remote chains...] -- 0:01:53
      670000 -- (0.000) [...7 remote chains...] -- 0:01:51
      680000 -- (0.000) [...7 remote chains...] -- 0:02:03
      690000 -- (0.000) [...7 remote chains...] -- 0:02:01
      700000 -- [0.000] (...7 remote chains...) -- 0:01:59
      710000 -- (0.000) [...7 remote chains...] -- 0:01:57
      720000 -- (0.000) [...7 remote chains...] -- 0:01:56
      730000 -- (0.000) [...7 remote chains...] -- 0:01:54
      740000 -- (0.000) [...7 remote chains...] -- 0:01:52
      750000 -- (0.000) [...7 remote chains...] -- 0:01:51
      760000 -- (0.000) [...7 remote chains...] -- 0:02:01
      770000 -- (0.000) [...7 remote chains...] -- 0:01:59
      780000 -- (0.000) [...7 remote chains...] -- 0:01:58
      790000 -- (0.000) [...7 remote chains...] -- 0:01:56
      800000 -- (0.000) [...7 remote chains...] -- 0:01:55
      810000 -- (0.000) [...7 remote chains...] -- 0:01:53
      820000 -- (0.000) [...7 remote chains...] -- 0:01:51
      830000 -- (0.000) [...7 remote chains...] -- 0:02:01
      840000 -- (0.000) [...7 remote chains...] -- 0:01:59
      850000 -- (0.000) [...7 remote chains...] -- 0:01:58
      860000 -- (0.000) [...7 remote chains...] -- 0:01:56
      870000 -- (0.000) [...7 remote chains...] -- 0:01:55
      880000 -- (0.000) [...7 remote chains...] -- 0:01:54
      890000 -- (0.000) [...7 remote chains...] -- 0:01:52
      900000 -- (0.000) [...7 remote chains...] -- 0:02:01
      910000 -- (0.000) [...7 remote chains...] -- 0:01:59
      920000 -- (0.000) [...7 remote chains...] -- 0:01:58
      930000 -- (0.000) [...7 remote chains...] -- 0:01:57
      940000 -- (0.000) [...7 remote chains...] -- 0:01:55
      950000 -- (0.000) [...7 remote chains...] -- 0:01:54
      960000 -- [0.000] (...7 remote chains...) -- 0:01:53
      970000 -- (0.000) [...7 remote chains...] -- 0:02:01
      980000 -- (0.000) [...7 remote chains...] -- 0:01:59
      990000 -- (0.000) [...7 remote chains...] -- 0:01:58
      1000000 -- (0.000) [...7 remote chains...] -- 0:01:56
      1010000 -- (0.000) [...7 remote chains...] -- 0:01:55
      1020000 -- (0.000) [...7 remote chains...] -- 0:01:54
      1030000 -- (0.000) [...7 remote chains...] -- 0:01:53
      1040000 -- [0.000] (...7 remote chains...) -- 0:02:00
      1050000 -- [0.000] (...7 remote chains...) -- 0:01:59
      1060000 -- (0.000) [...7 remote chains...] -- 0:01:58
      1070000 -- (0.000) [...7 remote chains...] -- 0:01:56
      1080000 -- (0.000) [...7 remote chains...] -- 0:01:55
      1090000 -- (0.000) [...7 remote chains...] -- 0:01:54
      1100000 -- (0.000) [...7 remote chains...] -- 0:01:53
      1110000 -- (0.000) [...7 remote chains...] -- 0:02:00
      1120000 -- (0.000) [...7 remote chains...] -- 0:01:58
      1130000 -- [0.000] (...7 remote chains...) -- 0:01:57
      1140000 -- (0.000) [...7 remote chains...] -- 0:01:56
      1150000 -- (0.000) [...7 remote chains...] -- 0:01:55
      1160000 -- (0.000) [...7 remote chains...] -- 0:01:54
      1170000 -- [0.000] (...7 remote chains...) -- 0:01:53
      1180000 -- (0.000) [...7 remote chains...] -- 0:01:59
      1190000 -- [0.000] (...7 remote chains...) -- 0:01:58
      1200000 -- (0.000) [...7 remote chains...] -- 0:01:57
      1210000 -- (0.000) [...7 remote chains...] -- 0:01:56
      1220000 -- [0.000] (...7 remote chains...) -- 0:01:55
      1230000 -- (0.000) [...7 remote chains...] -- 0:01:54
      1240000 -- (0.000) [...7 remote chains...] -- 0:01:53
      1250000 -- (0.000) [...7 remote chains...] -- 0:01:59
      1260000 -- (0.000) [...7 remote chains...] -- 0:01:57
      1270000 -- (0.000) [...7 remote chains...] -- 0:01:56
      1280000 -- (0.000) [...7 remote chains...] -- 0:01:55
      1290000 -- (0.000) [...7 remote chains...] -- 0:01:54
      1300000 -- (0.000) [...7 remote chains...] -- 0:01:53
      1310000 -- (0.000) [...7 remote chains...] -- 0:01:52
      1320000 -- (0.000) [...7 remote chains...] -- 0:01:58
      1330000 -- [0.000] (...7 remote chains...) -- 0:01:57
      1340000 -- (0.000) [...7 remote chains...] -- 0:01:56
      1350000 -- (0.000) [...7 remote chains...] -- 0:01:55
      1360000 -- (0.000) [...7 remote chains...] -- 0:01:54
      1370000 -- (0.000) [...7 remote chains...] -- 0:01:53
      1380000 -- (0.000) [...7 remote chains...] -- 0:01:52
      1390000 -- (0.000) [...7 remote chains...] -- 0:01:57
      1400000 -- (0.000) [...7 remote chains...] -- 0:01:56
      1410000 -- (0.000) [...7 remote chains...] -- 0:01:55
      1420000 -- (0.000) [...7 remote chains...] -- 0:01:54
      1430000 -- [0.000] (...7 remote chains...) -- 0:01:53
      1440000 -- (0.000) [...7 remote chains...] -- 0:01:52
      1450000 -- (0.000) [...7 remote chains...] -- 0:01:52
      1460000 -- (0.000) [...7 remote chains...] -- 0:01:56
      1470000 -- (0.000) [...7 remote chains...] -- 0:01:56
      1480000 -- (0.000) [...7 remote chains...] -- 0:01:55
      1490000 -- (0.000) [...7 remote chains...] -- 0:01:54
      1500000 -- (0.000) [...7 remote chains...] -- 0:01:53
      1510000 -- (0.000) [...7 remote chains...] -- 0:01:52
      1520000 -- (0.000) [...7 remote chains...] -- 0:01:51
      1530000 -- (0.000) [...7 remote chains...] -- 0:01:56
      1540000 -- (0.000) [...7 remote chains...] -- 0:01:55
      1550000 -- (0.000) [...7 remote chains...] -- 0:01:54
      1560000 -- (0.000) [...7 remote chains...] -- 0:01:53
      1570000 -- (0.000) [...7 remote chains...] -- 0:01:52
      1580000 -- (0.000) [...7 remote chains...] -- 0:01:51
      1590000 -- (0.000) [...7 remote chains...] -- 0:01:56
      1600000 -- (0.000) [...7 remote chains...] -- 0:01:55
      1610000 -- (0.000) [...7 remote chains...] -- 0:01:54
      1620000 -- (0.000) [...7 remote chains...] -- 0:01:53
      1630000 -- (0.000) [...7 remote chains...] -- 0:01:52
      1640000 -- (0.000) [...7 remote chains...] -- 0:01:52
      1650000 -- (0.000) [...7 remote chains...] -- 0:01:51
      1660000 -- (0.000) [...7 remote chains...] -- 0:01:55
      1670000 -- [0.000] (...7 remote chains...) -- 0:01:54
      1680000 -- (0.000) [...7 remote chains...] -- 0:01:53
      1690000 -- [0.000] (...7 remote chains...) -- 0:01:53
      1700000 -- [0.000] (...7 remote chains...) -- 0:01:52
      1710000 -- (0.000) [...7 remote chains...] -- 0:01:51
      1720000 -- [0.000] (...7 remote chains...) -- 0:01:50
      1730000 -- (0.000) [...7 remote chains...] -- 0:01:54
      1740000 -- [0.000] (...7 remote chains...) -- 0:01:53
      1750000 -- (0.000) [...7 remote chains...] -- 0:01:53
      1760000 -- (0.000) [...7 remote chains...] -- 0:01:52
      1770000 -- (0.000) [...7 remote chains...] -- 0:01:51
      1780000 -- (0.000) [...7 remote chains...] -- 0:01:50
      1790000 -- (0.000) [...7 remote chains...] -- 0:01:50
      1800000 -- (0.000) [...7 remote chains...] -- 0:01:53
      1810000 -- (0.000) [...7 remote chains...] -- 0:01:53
      1820000 -- [0.000] (...7 remote chains...) -- 0:01:52
      1830000 -- (0.000) [...7 remote chains...] -- 0:01:51
      1840000 -- (0.000) [...7 remote chains...] -- 0:01:50
      1850000 -- (0.000) [...7 remote chains...] -- 0:01:50
      1860000 -- (0.000) [...7 remote chains...] -- 0:01:53
      1870000 -- (0.000) [...7 remote chains...] -- 0:01:53
      1880000 -- (0.000) [...7 remote chains...] -- 0:01:52
      1890000 -- (0.000) [...7 remote chains...] -- 0:01:51
      1900000 -- (0.000) [...7 remote chains...] -- 0:01:50
      1910000 -- (0.000) [...7 remote chains...] -- 0:01:50
      1920000 -- (0.000) [...7 remote chains...] -- 0:01:49
      1930000 -- (0.000) [...7 remote chains...] -- 0:01:52
      1940000 -- (0.000) [...7 remote chains...] -- 0:01:52
      1950000 -- (0.000) [...7 remote chains...] -- 0:01:51
      1960000 -- (0.000) [...7 remote chains...] -- 0:01:50
      1970000 -- (0.000) [...7 remote chains...] -- 0:01:50
      1980000 -- (0.000) [...7 remote chains...] -- 0:01:49
      1990000 -- (0.000) [...7 remote chains...] -- 0:01:48
      2000000 -- (0.000) [...7 remote chains...] -- 0:01:52
      2010000 -- (0.000) [...7 remote chains...] -- 0:01:51
      2020000 -- (0.000) [...7 remote chains...] -- 0:01:50
      2030000 -- (0.000) [...7 remote chains...] -- 0:01:49
      2040000 -- (0.000) [...7 remote chains...] -- 0:01:49
      2050000 -- (0.000) [...7 remote chains...] -- 0:01:48
      2060000 -- (0.000) [...7 remote chains...] -- 0:01:47
      2070000 -- (0.000) [...7 remote chains...] -- 0:01:51
      2080000 -- (0.000) [...7 remote chains...] -- 0:01:50
      2090000 -- (0.000) [...7 remote chains...] -- 0:01:49
      2100000 -- (0.000) [...7 remote chains...] -- 0:01:49
      2110000 -- (0.000) [...7 remote chains...] -- 0:01:48
      2120000 -- (0.000) [...7 remote chains...] -- 0:01:47
      2130000 -- (0.000) [...7 remote chains...] -- 0:01:47
      2140000 -- (0.000) [...7 remote chains...] -- 0:01:50
      2150000 -- (0.000) [...7 remote chains...] -- 0:01:49
      2160000 -- (0.000) [...7 remote chains...] -- 0:01:48
      2170000 -- (0.000) [...7 remote chains...] -- 0:01:48
      2180000 -- (0.000) [...7 remote chains...] -- 0:01:47
      2190000 -- (0.000) [...7 remote chains...] -- 0:01:46
      2200000 -- (0.000) [...7 remote chains...] -- 0:01:46
      2210000 -- (0.000) [...7 remote chains...] -- 0:01:49
      2220000 -- [0.000] (...7 remote chains...) -- 0:01:48
      2230000 -- (0.000) [...7 remote chains...] -- 0:01:48
      2240000 -- (0.000) [...7 remote chains...] -- 0:01:47
      2250000 -- [0.000] (...7 remote chains...) -- 0:01:46
      2260000 -- [0.000] (...7 remote chains...) -- 0:01:46
      2270000 -- (0.000) [...7 remote chains...] -- 0:01:45
      2280000 -- (0.000) [...7 remote chains...] -- 0:01:48
      2290000 -- [0.000] (...7 remote chains...) -- 0:01:47
      2300000 -- (0.000) [...7 remote chains...] -- 0:01:47
      2310000 -- [0.000] (...7 remote chains...) -- 0:01:46
      2320000 -- (0.000) [...7 remote chains...] -- 0:01:45
      2330000 -- (0.000) [...7 remote chains...] -- 0:01:45
      2340000 -- (0.000) [...7 remote chains...] -- 0:01:44
      2350000 -- (0.000) [...7 remote chains...] -- 0:01:47
      2360000 -- (0.000) [...7 remote chains...] -- 0:01:46
      2370000 -- (0.000) [...7 remote chains...] -- 0:01:46
      2380000 -- (0.000) [...7 remote chains...] -- 0:01:45
      2390000 -- (0.000) [...7 remote chains...] -- 0:01:45
      2400000 -- (0.000) [...7 remote chains...] -- 0:01:44
      2410000 -- [0.000] (...7 remote chains...) -- 0:01:47
      2420000 -- (0.000) [...7 remote chains...] -- 0:01:46
      2430000 -- (0.000) [...7 remote chains...] -- 0:01:45
      2440000 -- (0.000) [...7 remote chains...] -- 0:01:45
      2450000 -- (0.000) [...7 remote chains...] -- 0:01:44
      2460000 -- (0.000) [...7 remote chains...] -- 0:01:44
      2470000 -- (0.000) [...7 remote chains...] -- 0:01:43
      2480000 -- (0.000) [...7 remote chains...] -- 0:01:46
      2490000 -- (0.000) [...7 remote chains...] -- 0:01:45
      2500000 -- (0.000) [...7 remote chains...] -- 0:01:45
      2510000 -- (0.000) [...7 remote chains...] -- 0:01:44
      2520000 -- (0.000) [...7 remote chains...] -- 0:01:43
      2530000 -- (0.000) [...7 remote chains...] -- 0:01:43
      2540000 -- [0.000] (...7 remote chains...) -- 0:01:42
      2550000 -- [0.000] (...7 remote chains...) -- 0:01:45
      2560000 -- (0.000) [...7 remote chains...] -- 0:01:44
      2570000 -- (0.000) [...7 remote chains...] -- 0:01:44
      2580000 -- (0.000) [...7 remote chains...] -- 0:01:43
      2590000 -- (0.000) [...7 remote chains...] -- 0:01:42
      2600000 -- (0.000) [...7 remote chains...] -- 0:01:42
      2610000 -- (0.000) [...7 remote chains...] -- 0:01:41
      2620000 -- (0.000) [...7 remote chains...] -- 0:01:44
      2630000 -- (0.000) [...7 remote chains...] -- 0:01:43
      2640000 -- (0.000) [...7 remote chains...] -- 0:01:43
      2650000 -- (0.000) [...7 remote chains...] -- 0:01:42
      2660000 -- (0.000) [...7 remote chains...] -- 0:01:42
      2670000 -- (0.000) [...7 remote chains...] -- 0:01:41
      2680000 -- (0.000) [...7 remote chains...] -- 0:01:43
      2690000 -- (0.000) [...7 remote chains...] -- 0:01:43
      2700000 -- (0.000) [...7 remote chains...] -- 0:01:42
      2710000 -- (0.000) [...7 remote chains...] -- 0:01:42
      2720000 -- (0.000) [...7 remote chains...] -- 0:01:41
      2730000 -- (0.000) [...7 remote chains...] -- 0:01:41
      2740000 -- (0.000) [...7 remote chains...] -- 0:01:40
      2750000 -- (0.000) [...7 remote chains...] -- 0:01:42
      2760000 -- (0.000) [...7 remote chains...] -- 0:01:42
      2770000 -- (0.000) [...7 remote chains...] -- 0:01:41
      2780000 -- (0.000) [...7 remote chains...] -- 0:01:41
      2790000 -- (0.000) [...7 remote chains...] -- 0:01:40
      2800000 -- (0.000) [...7 remote chains...] -- 0:01:40
      2810000 -- (0.000) [...7 remote chains...] -- 0:01:39
      2820000 -- (0.000) [...7 remote chains...] -- 0:01:41
      2830000 -- (0.000) [...7 remote chains...] -- 0:01:41
      2840000 -- (0.000) [...7 remote chains...] -- 0:01:40
      2850000 -- (0.000) [...7 remote chains...] -- 0:01:40
      2860000 -- (0.000) [...7 remote chains...] -- 0:01:39
      2870000 -- (0.000) [...7 remote chains...] -- 0:01:39
      2880000 -- (0.000) [...7 remote chains...] -- 0:01:41
      2890000 -- (0.000) [...7 remote chains...] -- 0:01:40
      2900000 -- (0.000) [...7 remote chains...] -- 0:01:40
      2910000 -- (0.000) [...7 remote chains...] -- 0:01:39
      2920000 -- (0.000) [...7 remote chains...] -- 0:01:39
      2930000 -- (0.000) [...7 remote chains...] -- 0:01:38
      2940000 -- (0.000) [...7 remote chains...] -- 0:01:38
      2950000 -- (0.000) [...7 remote chains...] -- 0:01:40
      2960000 -- (0.000) [...7 remote chains...] -- 0:01:39
      2970000 -- (0.000) [...7 remote chains...] -- 0:01:39
      2980000 -- (0.000) [...7 remote chains...] -- 0:01:38
      2990000 -- [0.000] (...7 remote chains...) -- 0:01:38
      3000000 -- (0.000) [...7 remote chains...] -- 0:01:38
      3010000 -- (0.000) [...7 remote chains...] -- 0:01:37
      3020000 -- (0.000) [...7 remote chains...] -- 0:01:39
      3030000 -- (0.000) [...7 remote chains...] -- 0:01:38
      3040000 -- (0.000) [...7 remote chains...] -- 0:01:38
      3050000 -- (0.000) [...7 remote chains...] -- 0:01:37
      3060000 -- [0.000] (...7 remote chains...) -- 0:01:37
      3070000 -- (0.000) [...7 remote chains...] -- 0:01:37
      3080000 -- (0.000) [...7 remote chains...] -- 0:01:36
      3090000 -- (0.000) [...7 remote chains...] -- 0:01:38
      3100000 -- (0.000) [...7 remote chains...] -- 0:01:37
      3110000 -- [0.000] (...7 remote chains...) -- 0:01:37
      3120000 -- (0.000) [...7 remote chains...] -- 0:01:37
      3130000 -- (0.000) [...7 remote chains...] -- 0:01:36
      3140000 -- (0.000) [...7 remote chains...] -- 0:01:36
      3150000 -- (0.000) [...7 remote chains...] -- 0:01:35
      3160000 -- (0.000) [...7 remote chains...] -- 0:01:37
      3170000 -- (0.000) [...7 remote chains...] -- 0:01:36
      3180000 -- (0.000) [...7 remote chains...] -- 0:01:36
      3190000 -- (0.000) [...7 remote chains...] -- 0:01:36
      3200000 -- (0.000) [...7 remote chains...] -- 0:01:35
      3210000 -- (0.000) [...7 remote chains...] -- 0:01:35
      3220000 -- (0.000) [...7 remote chains...] -- 0:01:34
      3230000 -- (0.000) [...7 remote chains...] -- 0:01:36
      3240000 -- (0.000) [...7 remote chains...] -- 0:01:35
      3250000 -- [0.000] (...7 remote chains...) -- 0:01:35
      3260000 -- (0.000) [...7 remote chains...] -- 0:01:35
      3270000 -- (0.000) [...7 remote chains...] -- 0:01:34
      3280000 -- (0.000) [...7 remote chains...] -- 0:01:34
      3290000 -- (0.000) [...7 remote chains...] -- 0:01:33
      3300000 -- (0.000) [...7 remote chains...] -- 0:01:33
      3310000 -- (0.000) [...7 remote chains...] -- 0:01:34
      3320000 -- (0.000) [...7 remote chains...] -- 0:01:34
      3330000 -- [0.000] (...7 remote chains...) -- 0:01:34
      3340000 -- (0.000) [...7 remote chains...] -- 0:01:33
      3350000 -- (0.000) [...7 remote chains...] -- 0:01:33
      3360000 -- (0.000) [...7 remote chains...] -- 0:01:32
      3370000 -- (0.000) [...7 remote chains...] -- 0:01:32
      3380000 -- (0.000) [...7 remote chains...] -- 0:01:34
      3390000 -- (0.000) [...7 remote chains...] -- 0:01:33
      3400000 -- (0.000) [...7 remote chains...] -- 0:01:33
      3410000 -- (0.000) [...7 remote chains...] -- 0:01:32
      3420000 -- (0.000) [...7 remote chains...] -- 0:01:32
      3430000 -- (0.000) [...7 remote chains...] -- 0:01:31
      3440000 -- (0.000) [...7 remote chains...] -- 0:01:31
      3450000 -- (0.000) [...7 remote chains...] -- 0:01:31
      3460000 -- (0.000) [...7 remote chains...] -- 0:01:32
      3470000 -- [0.000] (...7 remote chains...) -- 0:01:32
      3480000 -- (0.000) [...7 remote chains...] -- 0:01:31
      3490000 -- (0.000) [...7 remote chains...] -- 0:01:31
      3500000 -- (0.000) [...7 remote chains...] -- 0:01:31
      3510000 -- (0.000) [...7 remote chains...] -- 0:01:30
      3520000 -- (0.000) [...7 remote chains...] -- 0:01:30
      3530000 -- (0.000) [...7 remote chains...] -- 0:01:29
      3540000 -- (0.000) [...7 remote chains...] -- 0:01:31
      3550000 -- (0.000) [...7 remote chains...] -- 0:01:30
      3560000 -- (0.000) [...7 remote chains...] -- 0:01:30
      3570000 -- (0.000) [...7 remote chains...] -- 0:01:30
      3580000 -- (0.000) [...7 remote chains...] -- 0:01:29
      3590000 -- (0.000) [...7 remote chains...] -- 0:01:29
      3600000 -- (0.000) [...7 remote chains...] -- 0:01:28
      3610000 -- (0.000) [...7 remote chains...] -- 0:01:28
      3620000 -- (0.000) [...7 remote chains...] -- 0:01:28
      3630000 -- (0.000) [...7 remote chains...] -- 0:01:29
      3640000 -- (0.000) [...7 remote chains...] -- 0:01:29
      3650000 -- (0.000) [...7 remote chains...] -- 0:01:28
      3660000 -- (0.000) [...7 remote chains...] -- 0:01:28
      3670000 -- (0.000) [...7 remote chains...] -- 0:01:27
      3680000 -- (0.000) [...7 remote chains...] -- 0:01:27
      3690000 -- (0.000) [...7 remote chains...] -- 0:01:27
      3700000 -- (0.000) [...7 remote chains...] -- 0:01:26
      3710000 -- (0.000) [...7 remote chains...] -- 0:01:28
      3720000 -- (0.000) [...7 remote chains...] -- 0:01:27
      3730000 -- (0.000) [...7 remote chains...] -- 0:01:27
      3740000 -- (0.000) [...7 remote chains...] -- 0:01:27
      3750000 -- (0.000) [...7 remote chains...] -- 0:01:26
      3760000 -- (0.000) [...7 remote chains...] -- 0:01:26
      3770000 -- (0.000) [...7 remote chains...] -- 0:01:25
      3780000 -- (0.000) [...7 remote chains...] -- 0:01:27
      3790000 -- (0.000) [...7 remote chains...] -- 0:01:26
      3800000 -- (0.000) [...7 remote chains...] -- 0:01:26
      3810000 -- (0.000) [...7 remote chains...] -- 0:01:26
      3820000 -- (0.000) [...7 remote chains...] -- 0:01:25
      3830000 -- (0.000) [...7 remote chains...] -- 0:01:25
      3840000 -- (0.000) [...7 remote chains...] -- 0:01:25
      3850000 -- (0.000) [...7 remote chains...] -- 0:01:24
      3860000 -- (0.000) [...7 remote chains...] -- 0:01:25
      3870000 -- (0.000) [...7 remote chains...] -- 0:01:25
      3880000 -- (0.000) [...7 remote chains...] -- 0:01:25
      3890000 -- (0.000) [...7 remote chains...] -- 0:01:24
      3900000 -- (0.000) [...7 remote chains...] -- 0:01:24
      3910000 -- (0.000) [...7 remote chains...] -- 0:01:24
      3920000 -- (0.000) [...7 remote chains...] -- 0:01:23
      3930000 -- (0.000) [...7 remote chains...] -- 0:01:23
      3940000 -- (0.000) [...7 remote chains...] -- 0:01:24
      3950000 -- (0.000) [...7 remote chains...] -- 0:01:24
      3960000 -- (0.000) [...7 remote chains...] -- 0:01:23
      3970000 -- (0.000) [...7 remote chains...] -- 0:01:23
      3980000 -- (0.000) [...7 remote chains...] -- 0:01:23
      3990000 -- (0.000) [...7 remote chains...] -- 0:01:22
      4000000 -- (0.000) [...7 remote chains...] -- 0:01:22
      4010000 -- (0.000) [...7 remote chains...] -- 0:01:22
      4020000 -- (0.000) [...7 remote chains...] -- 0:01:21
      4030000 -- (0.000) [...7 remote chains...] -- 0:01:22
      4040000 -- (0.000) [...7 remote chains...] -- 0:01:22
      4050000 -- (0.000) [...7 remote chains...] -- 0:01:22
      4060000 -- (0.000) [...7 remote chains...] -- 0:01:21
      4070000 -- (0.000) [...7 remote chains...] -- 0:01:21
      4080000 -- (0.000) [...7 remote chains...] -- 0:01:21
      4090000 -- (0.000) [...7 remote chains...] -- 0:01:20
      4100000 -- (0.000) [...7 remote chains...] -- 0:01:22
      4110000 -- (0.000) [...7 remote chains...] -- 0:01:21
      4120000 -- (0.000) [...7 remote chains...] -- 0:01:21
      4130000 -- (0.000) [...7 remote chains...] -- 0:01:21
      4140000 -- (0.000) [...7 remote chains...] -- 0:01:20
      4150000 -- (0.000) [...7 remote chains...] -- 0:01:20
      4160000 -- (0.000) [...7 remote chains...] -- 0:01:20
      4170000 -- (0.000) [...7 remote chains...] -- 0:01:21
      4180000 -- (0.000) [...7 remote chains...] -- 0:01:20
      4190000 -- (0.000) [...7 remote chains...] -- 0:01:20
      4200000 -- (0.000) [...7 remote chains...] -- 0:01:20
      4210000 -- (0.000) [...7 remote chains...] -- 0:01:19
      4220000 -- (0.000) [...7 remote chains...] -- 0:01:19
      4230000 -- [0.000] (...7 remote chains...) -- 0:01:20
      4240000 -- (0.000) [...7 remote chains...] -- 0:01:20
      4250000 -- (0.000) [...7 remote chains...] -- 0:01:19
      4260000 -- (0.000) [...7 remote chains...] -- 0:01:19
      4270000 -- (0.000) [...7 remote chains...] -- 0:01:19
      4280000 -- [0.000] (...7 remote chains...) -- 0:01:18
      4290000 -- (0.000) [...7 remote chains...] -- 0:01:18
      4300000 -- (0.000) [...7 remote chains...] -- 0:01:19
      4310000 -- (0.000) [...7 remote chains...] -- 0:01:19
      4320000 -- (0.000) [...7 remote chains...] -- 0:01:18
      4330000 -- (0.000) [...7 remote chains...] -- 0:01:18
      4340000 -- (0.000) [...7 remote chains...] -- 0:01:18
      4350000 -- (0.000) [...7 remote chains...] -- 0:01:17
      4360000 -- (0.000) [...7 remote chains...] -- 0:01:17
      4370000 -- (0.000) [...7 remote chains...] -- 0:01:18
      4380000 -- (0.000) [...7 remote chains...] -- 0:01:18
      4390000 -- (0.000) [...7 remote chains...] -- 0:01:17
      4400000 -- [0.000] (...7 remote chains...) -- 0:01:17
      4410000 -- (0.000) [...7 remote chains...] -- 0:01:17
      4420000 -- (0.000) [...7 remote chains...] -- 0:01:17
      4430000 -- (0.000) [...7 remote chains...] -- 0:01:16
      4440000 -- [0.000] (...7 remote chains...) -- 0:01:17
      4450000 -- (0.000) [...7 remote chains...] -- 0:01:17
      4460000 -- [0.000] (...7 remote chains...) -- 0:01:17
      4470000 -- [0.000] (...7 remote chains...) -- 0:01:16
      4480000 -- [0.000] (...7 remote chains...) -- 0:01:16
      4490000 -- [0.000] (...7 remote chains...) -- 0:01:16
      4500000 -- (0.000) [...7 remote chains...] -- 0:01:15
      4510000 -- [0.000] (...7 remote chains...) -- 0:01:16
      4520000 -- [0.000] (...7 remote chains...) -- 0:01:16
      4530000 -- [0.000] (...7 remote chains...) -- 0:01:16
      4540000 -- [0.000] (...7 remote chains...) -- 0:01:15
      4550000 -- [0.000] (...7 remote chains...) -- 0:01:15
      4560000 -- [0.000] (...7 remote chains...) -- 0:01:15
      4570000 -- [0.000] (...7 remote chains...) -- 0:01:14
      4580000 -- (0.000) [...7 remote chains...] -- 0:01:15
      4590000 -- (0.000) [...7 remote chains...] -- 0:01:15
      4600000 -- [0.000] (...7 remote chains...) -- 0:01:15
      4610000 -- [0.000] (...7 remote chains...) -- 0:01:14
      4620000 -- [0.000] (...7 remote chains...) -- 0:01:14
      4630000 -- [0.000] (...7 remote chains...) -- 0:01:14
      4640000 -- [0.000] (...7 remote chains...) -- 0:01:13
      4650000 -- [0.000] (...7 remote chains...) -- 0:01:14
      4660000 -- [0.000] (...7 remote chains...) -- 0:01:14
      4670000 -- [0.000] (...7 remote chains...) -- 0:01:14
      4680000 -- [0.000] (...7 remote chains...) -- 0:01:13
      4690000 -- [0.000] (...7 remote chains...) -- 0:01:13
      4700000 -- (0.000) [...7 remote chains...] -- 0:01:13
      4710000 -- [0.000] (...7 remote chains...) -- 0:01:13
      4720000 -- [0.000] (...7 remote chains...) -- 0:01:12
      4730000 -- [0.000] (...7 remote chains...) -- 0:01:13
      4740000 -- [0.000] (...7 remote chains...) -- 0:01:13
      4750000 -- (0.000) [...7 remote chains...] -- 0:01:12
      4760000 -- (0.000) [...7 remote chains...] -- 0:01:12
      4770000 -- [0.000] (...7 remote chains...) -- 0:01:12
      4780000 -- [0.000] (...7 remote chains...) -- 0:01:12
      4790000 -- [0.000] (...7 remote chains...) -- 0:01:11
      4800000 -- [0.000] (...7 remote chains...) -- 0:01:12
      4810000 -- [0.000] (...7 remote chains...) -- 0:01:12
      4820000 -- [0.000] (...7 remote chains...) -- 0:01:12
      4830000 -- (0.000) [...7 remote chains...] -- 0:01:11
      4840000 -- [0.000] (...7 remote chains...) -- 0:01:11
      4850000 -- [0.000] (...7 remote chains...) -- 0:01:11
      4860000 -- [0.000] (...7 remote chains...) -- 0:01:10
      4870000 -- [0.000] (...7 remote chains...) -- 0:01:10
      4880000 -- [0.000] (...7 remote chains...) -- 0:01:11
      4890000 -- [0.000] (...7 remote chains...) -- 0:01:11
      4900000 -- [0.000] (...7 remote chains...) -- 0:01:10
      4910000 -- [0.000] (...7 remote chains...) -- 0:01:10
      4920000 -- [0.000] (...7 remote chains...) -- 0:01:10
      4930000 -- [0.000] (...7 remote chains...) -- 0:01:09
      4940000 -- [0.000] (...7 remote chains...) -- 0:01:09
      4950000 -- [0.000] (...7 remote chains...) -- 0:01:09
      4960000 -- (0.000) [...7 remote chains...] -- 0:01:10
      4970000 -- [0.000] (...7 remote chains...) -- 0:01:09
      4980000 -- [0.000] (...7 remote chains...) -- 0:01:09
      4990000 -- [0.000] (...7 remote chains...) -- 0:01:09
      5000000 -- [0.000] (...7 remote chains...) -- 0:01:09
      5010000 -- [0.000] (...7 remote chains...) -- 0:01:08
      5020000 -- (0.000) [...7 remote chains...] -- 0:01:08
      5030000 -- [0.000] (...7 remote chains...) -- 0:01:08
      5040000 -- [0.000] (...7 remote chains...) -- 0:01:08
      5050000 -- [0.000] (...7 remote chains...) -- 0:01:08
      5060000 -- [0.000] (...7 remote chains...) -- 0:01:08
      5070000 -- [0.000] (...7 remote chains...) -- 0:01:08
      5080000 -- [0.000] (...7 remote chains...) -- 0:01:07
      5090000 -- (0.000) [...7 remote chains...] -- 0:01:07
      5100000 -- [0.000] (...7 remote chains...) -- 0:01:07
      5110000 -- [0.000] (...7 remote chains...) -- 0:01:07
      5120000 -- [0.000] (...7 remote chains...) -- 0:01:07
      5130000 -- (0.000) [...7 remote chains...] -- 0:01:07
      5140000 -- [0.000] (...7 remote chains...) -- 0:01:07
      5150000 -- [0.000] (...7 remote chains...) -- 0:01:06
      5160000 -- (0.000) [...7 remote chains...] -- 0:01:06
      5170000 -- (0.000) [...7 remote chains...] -- 0:01:06
      5180000 -- (0.000) [...7 remote chains...] -- 0:01:06
      5190000 -- (0.000) [...7 remote chains...] -- 0:01:06
      5200000 -- [0.000] (...7 remote chains...) -- 0:01:06
      5210000 -- (0.000) [...7 remote chains...] -- 0:01:06
      5220000 -- (0.000) [...7 remote chains...] -- 0:01:05
      5230000 -- (0.000) [...7 remote chains...] -- 0:01:05
      5240000 -- (0.000) [...7 remote chains...] -- 0:01:06
      5250000 -- (0.000) [...7 remote chains...] -- 0:01:06
      5260000 -- (0.000) [...7 remote chains...] -- 0:01:05
      5270000 -- (0.000) [...7 remote chains...] -- 0:01:05
      5280000 -- (0.000) [...7 remote chains...] -- 0:01:05
      5290000 -- (0.000) [...7 remote chains...] -- 0:01:04
      5300000 -- [0.000] (...7 remote chains...) -- 0:01:04
      5310000 -- (0.000) [...7 remote chains...] -- 0:01:05
      5320000 -- [0.000] (...7 remote chains...) -- 0:01:05
      5330000 -- (0.000) [...7 remote chains...] -- 0:01:04
      5340000 -- (0.000) [...7 remote chains...] -- 0:01:04
      5350000 -- (0.000) [...7 remote chains...] -- 0:01:04
      5360000 -- (0.000) [...7 remote chains...] -- 0:01:04
      5370000 -- (0.000) [...7 remote chains...] -- 0:01:03
      5380000 -- (0.000) [...7 remote chains...] -- 0:01:03
      5390000 -- (0.000) [...7 remote chains...] -- 0:01:04
      5400000 -- (0.000) [...7 remote chains...] -- 0:01:03
      5410000 -- (0.000) [...7 remote chains...] -- 0:01:03
      5420000 -- (0.000) [...7 remote chains...] -- 0:01:03
      5430000 -- (0.000) [...7 remote chains...] -- 0:01:03
      5440000 -- (0.000) [...7 remote chains...] -- 0:01:02
      5450000 -- (0.000) [...7 remote chains...] -- 0:01:02
      5460000 -- (0.000) [...7 remote chains...] -- 0:01:02
      5470000 -- (0.000) [...7 remote chains...] -- 0:01:02
      5480000 -- (0.000) [...7 remote chains...] -- 0:01:02
      5490000 -- (0.000) [...7 remote chains...] -- 0:01:02
      5500000 -- (0.000) [...7 remote chains...] -- 0:01:02
      5510000 -- (0.000) [...7 remote chains...] -- 0:01:01
      5520000 -- (0.000) [...7 remote chains...] -- 0:01:01
      5530000 -- (0.000) [...7 remote chains...] -- 0:01:01
      5540000 -- (0.000) [...7 remote chains...] -- 0:01:01
      5550000 -- (0.000) [...7 remote chains...] -- 0:01:01
      5560000 -- (0.000) [...7 remote chains...] -- 0:01:01
      5570000 -- [0.000] (...7 remote chains...) -- 0:01:01
      5580000 -- (0.000) [...7 remote chains...] -- 0:01:00
      5590000 -- (0.000) [...7 remote chains...] -- 0:01:00
      5600000 -- (0.000) [...7 remote chains...] -- 0:01:00
      5610000 -- (0.000) [...7 remote chains...] -- 0:01:00
      5620000 -- (0.000) [...7 remote chains...] -- 0:01:00
      5630000 -- (0.000) [...7 remote chains...] -- 0:01:00
      5640000 -- [0.000] (...7 remote chains...) -- 0:01:00
      5650000 -- (0.000) [...7 remote chains...] -- 0:01:00
      5660000 -- (0.000) [...7 remote chains...] -- 0:00:59
      5670000 -- (0.000) [...7 remote chains...] -- 0:00:59
      5680000 -- [0.000] (...7 remote chains...) -- 0:00:59
      5690000 -- (0.000) [...7 remote chains...] -- 0:00:59
      5700000 -- (0.000) [...7 remote chains...] -- 0:00:59
      5710000 -- (0.000) [...7 remote chains...] -- 0:00:59
      5720000 -- (0.000) [...7 remote chains...] -- 0:00:59
      5730000 -- (0.000) [...7 remote chains...] -- 0:00:58
      5740000 -- (0.000) [...7 remote chains...] -- 0:00:58
      5750000 -- (0.000) [...7 remote chains...] -- 0:00:58
      5760000 -- (0.000) [...7 remote chains...] -- 0:00:58
      5770000 -- (0.000) [...7 remote chains...] -- 0:00:57
      5780000 -- (0.000) [...7 remote chains...] -- 0:00:58
      5790000 -- (0.000) [...7 remote chains...] -- 0:00:58
      5800000 -- (0.000) [...7 remote chains...] -- 0:00:57
      5810000 -- [0.000] (...7 remote chains...) -- 0:00:57
      5820000 -- (0.000) [...7 remote chains...] -- 0:00:57
      5830000 -- (0.000) [...7 remote chains...] -- 0:00:57
      5840000 -- [0.000] (...7 remote chains...) -- 0:00:56
      5850000 -- (0.000) [...7 remote chains...] -- 0:00:57
      5860000 -- [0.000] (...7 remote chains...) -- 0:00:57
      5870000 -- (0.000) [...7 remote chains...] -- 0:00:56
      5880000 -- [0.000] (...7 remote chains...) -- 0:00:56
      5890000 -- [0.000] (...7 remote chains...) -- 0:00:56
      5900000 -- [0.000] (...7 remote chains...) -- 0:00:56
      5910000 -- (0.000) [...7 remote chains...] -- 0:00:56
      5920000 -- (0.000) [...7 remote chains...] -- 0:00:56
      5930000 -- [0.000] (...7 remote chains...) -- 0:00:56
      5940000 -- [0.000] (...7 remote chains...) -- 0:00:56
      5950000 -- [0.000] (...7 remote chains...) -- 0:00:55
      5960000 -- (0.000) [...7 remote chains...] -- 0:00:55
      5970000 -- (0.000) [...7 remote chains...] -- 0:00:55
      5980000 -- [0.000] (...7 remote chains...) -- 0:00:55
      5990000 -- (0.000) [...7 remote chains...] -- 0:00:54
      6000000 -- (0.000) [...7 remote chains...] -- 0:00:55
      6010000 -- (0.000) [...7 remote chains...] -- 0:00:55
      6020000 -- (0.000) [...7 remote chains...] -- 0:00:54
      6030000 -- (0.000) [...7 remote chains...] -- 0:00:54
      6040000 -- (0.000) [...7 remote chains...] -- 0:00:54
      6050000 -- [0.000] (...7 remote chains...) -- 0:00:54
      6060000 -- (0.000) [...7 remote chains...] -- 0:00:53
      6070000 -- (0.000) [...7 remote chains...] -- 0:00:54
      6080000 -- (0.000) [...7 remote chains...] -- 0:00:54
      6090000 -- (0.000) [...7 remote chains...] -- 0:00:53
      6100000 -- [0.000] (...7 remote chains...) -- 0:00:53
      6110000 -- (0.000) [...7 remote chains...] -- 0:00:53
      6120000 -- [0.000] (...7 remote chains...) -- 0:00:53
      6130000 -- (0.000) [...7 remote chains...] -- 0:00:53
      6140000 -- (0.000) [...7 remote chains...] -- 0:00:52
      6150000 -- (0.000) [...7 remote chains...] -- 0:00:53
      6160000 -- (0.000) [...7 remote chains...] -- 0:00:52
      6170000 -- (0.000) [...7 remote chains...] -- 0:00:52
      6180000 -- (0.000) [...7 remote chains...] -- 0:00:52
      6190000 -- [0.000] (...7 remote chains...) -- 0:00:52
      6200000 -- [0.000] (...7 remote chains...) -- 0:00:52
      6210000 -- [0.000] (...7 remote chains...) -- 0:00:51
      6220000 -- [0.000] (...7 remote chains...) -- 0:00:52
      6230000 -- (0.000) [...7 remote chains...] -- 0:00:52
      6240000 -- [0.000] (...7 remote chains...) -- 0:00:51
      6250000 -- (0.000) [...7 remote chains...] -- 0:00:51
      6260000 -- [0.000] (...7 remote chains...) -- 0:00:51
      6270000 -- (0.000) [...7 remote chains...] -- 0:00:51
      6280000 -- [0.000] (...7 remote chains...) -- 0:00:50
      6290000 -- [0.000] (...7 remote chains...) -- 0:00:50
      6300000 -- (0.000) [...7 remote chains...] -- 0:00:51
      6310000 -- [0.000] (...7 remote chains...) -- 0:00:50
      6320000 -- [0.000] (...7 remote chains...) -- 0:00:50
      6330000 -- [0.000] (...7 remote chains...) -- 0:00:50
      6340000 -- (0.000) [...7 remote chains...] -- 0:00:50
      6350000 -- [0.000] (...7 remote chains...) -- 0:00:50
      6360000 -- (0.000) [...7 remote chains...] -- 0:00:49
      6370000 -- (0.000) [...7 remote chains...] -- 0:00:50
      6380000 -- (0.000) [...7 remote chains...] -- 0:00:49
      6390000 -- (0.000) [...7 remote chains...] -- 0:00:49
      6400000 -- [0.000] (...7 remote chains...) -- 0:00:49
      6410000 -- [0.000] (...7 remote chains...) -- 0:00:49
      6420000 -- [0.000] (...7 remote chains...) -- 0:00:49
      6430000 -- [0.000] (...7 remote chains...) -- 0:00:48
      6440000 -- [0.000] (...7 remote chains...) -- 0:00:49
      6450000 -- [0.000] (...7 remote chains...) -- 0:00:48
      6460000 -- [0.000] (...7 remote chains...) -- 0:00:48
      6470000 -- [0.000] (...7 remote chains...) -- 0:00:48
      6480000 -- (0.000) [...7 remote chains...] -- 0:00:48
      6490000 -- [0.000] (...7 remote chains...) -- 0:00:48
      6500000 -- [0.000] (...7 remote chains...) -- 0:00:47
      6510000 -- [0.000] (...7 remote chains...) -- 0:00:47
      6520000 -- [0.000] (...7 remote chains...) -- 0:00:48
      6530000 -- [0.000] (...7 remote chains...) -- 0:00:47
      6540000 -- [0.000] (...7 remote chains...) -- 0:00:47
      6550000 -- [0.000] (...7 remote chains...) -- 0:00:47
      6560000 -- [0.000] (...7 remote chains...) -- 0:00:47
      6570000 -- [0.000] (...7 remote chains...) -- 0:00:46
      6580000 -- [0.000] (...7 remote chains...) -- 0:00:46
      6590000 -- [0.000] (...7 remote chains...) -- 0:00:47
      6600000 -- (0.000) [...7 remote chains...] -- 0:00:46
      6610000 -- (0.000) [...7 remote chains...] -- 0:00:46
      6620000 -- [0.000] (...7 remote chains...) -- 0:00:46
      6630000 -- [0.000] (...7 remote chains...) -- 0:00:46
      6640000 -- (0.000) [...7 remote chains...] -- 0:00:46
      6650000 -- [0.000] (...7 remote chains...) -- 0:00:45
      6660000 -- [0.000] (...7 remote chains...) -- 0:00:45
      6670000 -- [0.000] (...7 remote chains...) -- 0:00:45
      6680000 -- [0.000] (...7 remote chains...) -- 0:00:45
      6690000 -- [0.000] (...7 remote chains...) -- 0:00:45
      6700000 -- (0.000) [...7 remote chains...] -- 0:00:45
      6710000 -- (0.000) [...7 remote chains...] -- 0:00:45
      6720000 -- [0.000] (...7 remote chains...) -- 0:00:44
      6730000 -- (0.000) [...7 remote chains...] -- 0:00:44
      6740000 -- (0.000) [...7 remote chains...] -- 0:00:44
      6750000 -- (0.000) [...7 remote chains...] -- 0:00:44
      6760000 -- (0.000) [...7 remote chains...] -- 0:00:44
      6770000 -- (0.000) [...7 remote chains...] -- 0:00:44
      6780000 -- (0.000) [...7 remote chains...] -- 0:00:44
      6790000 -- [0.000] (...7 remote chains...) -- 0:00:43
      6800000 -- (0.000) [...7 remote chains...] -- 0:00:43
      6810000 -- (0.000) [...7 remote chains...] -- 0:00:44
      6820000 -- [0.000] (...7 remote chains...) -- 0:00:43
      6830000 -- (0.000) [...7 remote chains...] -- 0:00:43
      6840000 -- (0.000) [...7 remote chains...] -- 0:00:43
      6850000 -- [0.000] (...7 remote chains...) -- 0:00:43
      6860000 -- (0.000) [...7 remote chains...] -- 0:00:43
      6870000 -- [0.000] (...7 remote chains...) -- 0:00:42
      6880000 -- [0.000] (...7 remote chains...) -- 0:00:42
      6890000 -- (0.000) [...7 remote chains...] -- 0:00:42
      6900000 -- [0.000] (...7 remote chains...) -- 0:00:42
      6910000 -- [0.000] (...7 remote chains...) -- 0:00:42
      6920000 -- (0.000) [...7 remote chains...] -- 0:00:42
      6930000 -- (0.000) [...7 remote chains...] -- 0:00:42
      6940000 -- (0.000) [...7 remote chains...] -- 0:00:41
      6950000 -- [0.000] (...7 remote chains...) -- 0:00:41
      6960000 -- [0.000] (...7 remote chains...) -- 0:00:41
      6970000 -- (0.000) [...7 remote chains...] -- 0:00:41
      6980000 -- (0.000) [...7 remote chains...] -- 0:00:41
      6990000 -- (0.000) [...7 remote chains...] -- 0:00:41
      7000000 -- (0.000) [...7 remote chains...] -- 0:00:41
      7010000 -- (0.000) [...7 remote chains...] -- 0:00:40
      7020000 -- (0.000) [...7 remote chains...] -- 0:00:40
      7030000 -- (0.000) [...7 remote chains...] -- 0:00:40
      7040000 -- (0.000) [...7 remote chains...] -- 0:00:40
      7050000 -- (0.000) [...7 remote chains...] -- 0:00:40
      7060000 -- (0.000) [...7 remote chains...] -- 0:00:40
      7070000 -- [0.000] (...7 remote chains...) -- 0:00:40
      7080000 -- (0.000) [...7 remote chains...] -- 0:00:40
      7090000 -- [0.000] (...7 remote chains...) -- 0:00:39
      7100000 -- (0.000) [...7 remote chains...] -- 0:00:39
      7110000 -- (0.000) [...7 remote chains...] -- 0:00:39
      7120000 -- [0.000] (...7 remote chains...) -- 0:00:39
      7130000 -- (0.000) [...7 remote chains...] -- 0:00:39
      7140000 -- [0.000] (...7 remote chains...) -- 0:00:39
      7150000 -- [0.000] (...7 remote chains...) -- 0:00:39
      7160000 -- (0.000) [...7 remote chains...] -- 0:00:38
      7170000 -- (0.000) [...7 remote chains...] -- 0:00:38
      7180000 -- [0.000] (...7 remote chains...) -- 0:00:38
      7190000 -- (0.000) [...7 remote chains...] -- 0:00:38
      7200000 -- (0.000) [...7 remote chains...] -- 0:00:38
      7210000 -- [0.000] (...7 remote chains...) -- 0:00:38
      7220000 -- [0.000] (...7 remote chains...) -- 0:00:38
      7230000 -- [0.000] (...7 remote chains...) -- 0:00:37
      7240000 -- (0.000) [...7 remote chains...] -- 0:00:37
      7250000 -- (0.000) [...7 remote chains...] -- 0:00:37
      7260000 -- (0.000) [...7 remote chains...] -- 0:00:37
      7270000 -- (0.000) [...7 remote chains...] -- 0:00:37
      7280000 -- [0.000] (...7 remote chains...) -- 0:00:37
      7290000 -- (0.000) [...7 remote chains...] -- 0:00:37
      7300000 -- [0.000] (...7 remote chains...) -- 0:00:36
      7310000 -- [0.000] (...7 remote chains...) -- 0:00:36
      7320000 -- [0.000] (...7 remote chains...) -- 0:00:36
      7330000 -- [0.000] (...7 remote chains...) -- 0:00:36
      7340000 -- (0.000) [...7 remote chains...] -- 0:00:36
      7350000 -- [0.000] (...7 remote chains...) -- 0:00:36
      7360000 -- [0.000] (...7 remote chains...) -- 0:00:36
      7370000 -- (0.000) [...7 remote chains...] -- 0:00:36
      7380000 -- [0.000] (...7 remote chains...) -- 0:00:35
      7390000 -- [0.000] (...7 remote chains...) -- 0:00:35
      7400000 -- [0.000] (...7 remote chains...) -- 0:00:35
      7410000 -- (0.000) [...7 remote chains...] -- 0:00:35
      7420000 -- [0.000] (...7 remote chains...) -- 0:00:35
      7430000 -- [0.000] (...7 remote chains...) -- 0:00:35
      7440000 -- [0.000] (...7 remote chains...) -- 0:00:35
      7450000 -- [0.000] (...7 remote chains...) -- 0:00:34
      7460000 -- [0.000] (...7 remote chains...) -- 0:00:34
      7470000 -- [0.000] (...7 remote chains...) -- 0:00:34
      7480000 -- [0.000] (...7 remote chains...) -- 0:00:34
      7490000 -- [0.000] (...7 remote chains...) -- 0:00:34
      7500000 -- [0.000] (...7 remote chains...) -- 0:00:34
      7510000 -- (0.000) [...7 remote chains...] -- 0:00:34
      7520000 -- [0.000] (...7 remote chains...) -- 0:00:33
      7530000 -- [0.000] (...7 remote chains...) -- 0:00:33
      7540000 -- [0.000] (...7 remote chains...) -- 0:00:33
      7550000 -- [0.000] (...7 remote chains...) -- 0:00:33
      7560000 -- (0.000) [...7 remote chains...] -- 0:00:33
      7570000 -- (0.000) [...7 remote chains...] -- 0:00:33
      7580000 -- [0.000] (...7 remote chains...) -- 0:00:33
      7590000 -- (0.000) [...7 remote chains...] -- 0:00:33
      7600000 -- [0.000] (...7 remote chains...) -- 0:00:32
      7610000 -- (0.000) [...7 remote chains...] -- 0:00:32
      7620000 -- (0.000) [...7 remote chains...] -- 0:00:32
      7630000 -- [0.000] (...7 remote chains...) -- 0:00:32
      7640000 -- [0.000] (...7 remote chains...) -- 0:00:32
      7650000 -- (0.000) [...7 remote chains...] -- 0:00:32
      7660000 -- (0.000) [...7 remote chains...] -- 0:00:32
      7670000 -- [0.000] (...7 remote chains...) -- 0:00:31
      7680000 -- (0.000) [...7 remote chains...] -- 0:00:31
      7690000 -- [0.000] (...7 remote chains...) -- 0:00:31
      7700000 -- (0.000) [...7 remote chains...] -- 0:00:31
      7710000 -- [0.000] (...7 remote chains...) -- 0:00:31
      7720000 -- (0.000) [...7 remote chains...] -- 0:00:31
      7730000 -- (0.000) [...7 remote chains...] -- 0:00:31
      7740000 -- (0.000) [...7 remote chains...] -- 0:00:30
      7750000 -- [0.000] (...7 remote chains...) -- 0:00:30
      7760000 -- [0.000] (...7 remote chains...) -- 0:00:30
      7770000 -- [0.000] (...7 remote chains...) -- 0:00:30
      7780000 -- (0.000) [...7 remote chains...] -- 0:00:30
      7790000 -- [0.000] (...7 remote chains...) -- 0:00:30
      7800000 -- [0.000] (...7 remote chains...) -- 0:00:30
      7810000 -- [0.000] (...7 remote chains...) -- 0:00:30
      7820000 -- [0.000] (...7 remote chains...) -- 0:00:29
      7830000 -- (0.000) [...7 remote chains...] -- 0:00:29
      7840000 -- (0.000) [...7 remote chains...] -- 0:00:29
      7850000 -- [0.000] (...7 remote chains...) -- 0:00:29
      7860000 -- [0.000] (...7 remote chains...) -- 0:00:29
      7870000 -- [0.000] (...7 remote chains...) -- 0:00:29
      7880000 -- [0.000] (...7 remote chains...) -- 0:00:29
      7890000 -- [0.000] (...7 remote chains...) -- 0:00:28
      7900000 -- [0.000] (...7 remote chains...) -- 0:00:28
      7910000 -- [0.000] (...7 remote chains...) -- 0:00:28
      7920000 -- (0.000) [...7 remote chains...] -- 0:00:28
      7930000 -- (0.000) [...7 remote chains...] -- 0:00:28
      7940000 -- [0.000] (...7 remote chains...) -- 0:00:28
      7950000 -- [0.000] (...7 remote chains...) -- 0:00:28
      7960000 -- (0.000) [...7 remote chains...] -- 0:00:27
      7970000 -- [0.000] (...7 remote chains...) -- 0:00:27
      7980000 -- [0.000] (...7 remote chains...) -- 0:00:27
      7990000 -- (0.000) [...7 remote chains...] -- 0:00:27
      8000000 -- [0.000] (...7 remote chains...) -- 0:00:27
      8010000 -- (0.000) [...7 remote chains...] -- 0:00:27
      8020000 -- [0.000] (...7 remote chains...) -- 0:00:27
      8030000 -- [0.000] (...7 remote chains...) -- 0:00:26
      8040000 -- (0.000) [...7 remote chains...] -- 0:00:26
      8050000 -- [0.000] (...7 remote chains...) -- 0:00:26
      8060000 -- [0.000] (...7 remote chains...) -- 0:00:26
      8070000 -- (0.000) [...7 remote chains...] -- 0:00:26
      8080000 -- [0.000] (...7 remote chains...) -- 0:00:26
      8090000 -- [0.000] (...7 remote chains...) -- 0:00:26
      8100000 -- (0.000) [...7 remote chains...] -- 0:00:26
      8110000 -- (0.000) [...7 remote chains...] -- 0:00:25
      8120000 -- [0.000] (...7 remote chains...) -- 0:00:25
      8130000 -- [0.000] (...7 remote chains...) -- 0:00:25
      8140000 -- [0.000] (...7 remote chains...) -- 0:00:25
      8150000 -- [0.000] (...7 remote chains...) -- 0:00:25
      8160000 -- (0.000) [...7 remote chains...] -- 0:00:25
      8170000 -- [0.000] (...7 remote chains...) -- 0:00:25
      8180000 -- (0.000) [...7 remote chains...] -- 0:00:24
      8190000 -- (0.000) [...7 remote chains...] -- 0:00:24
      8200000 -- (0.000) [...7 remote chains...] -- 0:00:24
      8210000 -- [0.000] (...7 remote chains...) -- 0:00:24
      8220000 -- (0.000) [...7 remote chains...] -- 0:00:24
      8230000 -- (0.000) [...7 remote chains...] -- 0:00:24
      8240000 -- (0.000) [...7 remote chains...] -- 0:00:24
      8250000 -- (0.000) [...7 remote chains...] -- 0:00:23
      8260000 -- (0.000) [...7 remote chains...] -- 0:00:23
      8270000 -- (0.000) [...7 remote chains...] -- 0:00:23
      8280000 -- (0.000) [...7 remote chains...] -- 0:00:23
      8290000 -- (0.000) [...7 remote chains...] -- 0:00:23
      8300000 -- (0.000) [...7 remote chains...] -- 0:00:23
      8310000 -- (0.000) [...7 remote chains...] -- 0:00:23
      8320000 -- (0.000) [...7 remote chains...] -- 0:00:23
      8330000 -- (0.000) [...7 remote chains...] -- 0:00:22
      8340000 -- (0.000) [...7 remote chains...] -- 0:00:22
      8350000 -- (0.000) [...7 remote chains...] -- 0:00:22
      8360000 -- (0.000) [...7 remote chains...] -- 0:00:22
      8370000 -- (0.000) [...7 remote chains...] -- 0:00:22
      8380000 -- (0.000) [...7 remote chains...] -- 0:00:22
      8390000 -- (0.000) [...7 remote chains...] -- 0:00:22
      8400000 -- (0.000) [...7 remote chains...] -- 0:00:21
      8410000 -- (0.000) [...7 remote chains...] -- 0:00:21
      8420000 -- (0.000) [...7 remote chains...] -- 0:00:21
      8430000 -- (0.000) [...7 remote chains...] -- 0:00:21
      8440000 -- (0.000) [...7 remote chains...] -- 0:00:21
      8450000 -- (0.000) [...7 remote chains...] -- 0:00:21
      8460000 -- (0.000) [...7 remote chains...] -- 0:00:21
      8470000 -- (0.000) [...7 remote chains...] -- 0:00:20
      8480000 -- (0.000) [...7 remote chains...] -- 0:00:20
      8490000 -- [0.000] (...7 remote chains...) -- 0:00:20
      8500000 -- (0.000) [...7 remote chains...] -- 0:00:20
      8510000 -- (0.000) [...7 remote chains...] -- 0:00:20
      8520000 -- (0.000) [...7 remote chains...] -- 0:00:20
      8530000 -- (0.000) [...7 remote chains...] -- 0:00:20
      8540000 -- (0.000) [...7 remote chains...] -- 0:00:20
      8550000 -- (0.000) [...7 remote chains...] -- 0:00:19
      8560000 -- (0.000) [...7 remote chains...] -- 0:00:19
      8570000 -- (0.000) [...7 remote chains...] -- 0:00:19
      8580000 -- (0.000) [...7 remote chains...] -- 0:00:19
      8590000 -- (0.000) [...7 remote chains...] -- 0:00:19
      8600000 -- (0.000) [...7 remote chains...] -- 0:00:19
      8610000 -- (0.000) [...7 remote chains...] -- 0:00:19
      8620000 -- (0.000) [...7 remote chains...] -- 0:00:19
      8630000 -- (0.000) [...7 remote chains...] -- 0:00:18
      8640000 -- (0.000) [...7 remote chains...] -- 0:00:18
      8650000 -- (0.000) [...7 remote chains...] -- 0:00:18
      8660000 -- (0.000) [...7 remote chains...] -- 0:00:18
      8670000 -- (0.000) [...7 remote chains...] -- 0:00:18
      8680000 -- (0.000) [...7 remote chains...] -- 0:00:18
      8690000 -- (0.000) [...7 remote chains...] -- 0:00:18
      8700000 -- (0.000) [...7 remote chains...] -- 0:00:17
      8710000 -- (0.000) [...7 remote chains...] -- 0:00:17
      8720000 -- (0.000) [...7 remote chains...] -- 0:00:17
      8730000 -- (0.000) [...7 remote chains...] -- 0:00:17
      8740000 -- (0.000) [...7 remote chains...] -- 0:00:17
      8750000 -- (0.000) [...7 remote chains...] -- 0:00:17
      8760000 -- (0.000) [...7 remote chains...] -- 0:00:17
      8770000 -- (0.000) [...7 remote chains...] -- 0:00:16
      8780000 -- (0.000) [...7 remote chains...] -- 0:00:16
      8790000 -- (0.000) [...7 remote chains...] -- 0:00:16
      8800000 -- [0.000] (...7 remote chains...) -- 0:00:16
      8810000 -- (0.000) [...7 remote chains...] -- 0:00:16
      8820000 -- (0.000) [...7 remote chains...] -- 0:00:16
      8830000 -- (0.000) [...7 remote chains...] -- 0:00:16
      8840000 -- [0.000] (...7 remote chains...) -- 0:00:16
      8850000 -- (0.000) [...7 remote chains...] -- 0:00:15
      8860000 -- (0.000) [...7 remote chains...] -- 0:00:15
      8870000 -- [0.000] (...7 remote chains...) -- 0:00:15
      8880000 -- (0.000) [...7 remote chains...] -- 0:00:15
      8890000 -- [0.000] (...7 remote chains...) -- 0:00:15
      8900000 -- (0.000) [...7 remote chains...] -- 0:00:15
      8910000 -- (0.000) [...7 remote chains...] -- 0:00:15
      8920000 -- (0.000) [...7 remote chains...] -- 0:00:14
      8930000 -- (0.000) [...7 remote chains...] -- 0:00:14
      8940000 -- (0.000) [...7 remote chains...] -- 0:00:14
      8950000 -- (0.000) [...7 remote chains...] -- 0:00:14
      8960000 -- (0.000) [...7 remote chains...] -- 0:00:14
      8970000 -- (0.000) [...7 remote chains...] -- 0:00:14
      8980000 -- (0.000) [...7 remote chains...] -- 0:00:14
      8990000 -- (0.000) [...7 remote chains...] -- 0:00:13
      9000000 -- (0.000) [...7 remote chains...] -- 0:00:13
      9010000 -- (0.000) [...7 remote chains...] -- 0:00:13
      9020000 -- (0.000) [...7 remote chains...] -- 0:00:13
      9030000 -- (0.000) [...7 remote chains...] -- 0:00:13
      9040000 -- (0.000) [...7 remote chains...] -- 0:00:13
      9050000 -- (0.000) [...7 remote chains...] -- 0:00:13
      9060000 -- (0.000) [...7 remote chains...] -- 0:00:12
      9070000 -- (0.000) [...7 remote chains...] -- 0:00:12
      9080000 -- (0.000) [...7 remote chains...] -- 0:00:12
      9090000 -- (0.000) [...7 remote chains...] -- 0:00:12
      9100000 -- (0.000) [...7 remote chains...] -- 0:00:12
      9110000 -- (0.000) [...7 remote chains...] -- 0:00:12
      9120000 -- [0.000] (...7 remote chains...) -- 0:00:12
      9130000 -- (0.000) [...7 remote chains...] -- 0:00:12
      9140000 -- (0.000) [...7 remote chains...] -- 0:00:11
      9150000 -- (0.000) [...7 remote chains...] -- 0:00:11
      9160000 -- (0.000) [...7 remote chains...] -- 0:00:11
      9170000 -- (0.000) [...7 remote chains...] -- 0:00:11
      9180000 -- (0.000) [...7 remote chains...] -- 0:00:11
      9190000 -- (0.000) [...7 remote chains...] -- 0:00:11
      9200000 -- (0.000) [...7 remote chains...] -- 0:00:11
      9210000 -- (0.000) [...7 remote chains...] -- 0:00:10
      9220000 -- (0.000) [...7 remote chains...] -- 0:00:10
      9230000 -- (0.000) [...7 remote chains...] -- 0:00:10
      9240000 -- (0.000) [...7 remote chains...] -- 0:00:10
      9250000 -- (0.000) [...7 remote chains...] -- 0:00:10
      9260000 -- (0.000) [...7 remote chains...] -- 0:00:10
      9270000 -- (0.000) [...7 remote chains...] -- 0:00:10
      9280000 -- (0.000) [...7 remote chains...] -- 0:00:09
      9290000 -- (0.000) [...7 remote chains...] -- 0:00:09
      9300000 -- (0.000) [...7 remote chains...] -- 0:00:09
      9310000 -- (0.000) [...7 remote chains...] -- 0:00:09
      9320000 -- (0.000) [...7 remote chains...] -- 0:00:09
      9330000 -- [0.000] (...7 remote chains...) -- 0:00:09
      9340000 -- (0.000) [...7 remote chains...] -- 0:00:09
      9350000 -- (0.000) [...7 remote chains...] -- 0:00:08
      9360000 -- (0.000) [...7 remote chains...] -- 0:00:08
      9370000 -- (0.000) [...7 remote chains...] -- 0:00:08
      9380000 -- (0.000) [...7 remote chains...] -- 0:00:08
      9390000 -- (0.000) [...7 remote chains...] -- 0:00:08
      9400000 -- (0.000) [...7 remote chains...] -- 0:00:08
      9410000 -- (0.000) [...7 remote chains...] -- 0:00:08
      9420000 -- (0.000) [...7 remote chains...] -- 0:00:08
      9430000 -- (0.000) [...7 remote chains...] -- 0:00:07
      9440000 -- (0.000) [...7 remote chains...] -- 0:00:07
      9450000 -- (0.000) [...7 remote chains...] -- 0:00:07
      9460000 -- (0.000) [...7 remote chains...] -- 0:00:07
      9470000 -- [0.000] (...7 remote chains...) -- 0:00:07
      9480000 -- (0.000) [...7 remote chains...] -- 0:00:07
      9490000 -- (0.000) [...7 remote chains...] -- 0:00:07
      9500000 -- (0.000) [...7 remote chains...] -- 0:00:06
      9510000 -- (0.000) [...7 remote chains...] -- 0:00:06
      9520000 -- (0.000) [...7 remote chains...] -- 0:00:06
      9530000 -- (0.000) [...7 remote chains...] -- 0:00:06
      9540000 -- (0.000) [...7 remote chains...] -- 0:00:06
      9550000 -- (0.000) [...7 remote chains...] -- 0:00:06
      9560000 -- (0.000) [...7 remote chains...] -- 0:00:06
      9570000 -- (0.000) [...7 remote chains...] -- 0:00:05
      9580000 -- (0.000) [...7 remote chains...] -- 0:00:05
      9590000 -- (0.000) [...7 remote chains...] -- 0:00:05
      9600000 -- (0.000) [...7 remote chains...] -- 0:00:05
      9610000 -- (0.000) [...7 remote chains...] -- 0:00:05
      9620000 -- (0.000) [...7 remote chains...] -- 0:00:05
      9630000 -- (0.000) [...7 remote chains...] -- 0:00:05
      9640000 -- (0.000) [...7 remote chains...] -- 0:00:04
      9650000 -- (0.000) [...7 remote chains...] -- 0:00:04
      9660000 -- (0.000) [...7 remote chains...] -- 0:00:04
      9670000 -- (0.000) [...7 remote chains...] -- 0:00:04
      9680000 -- (0.000) [...7 remote chains...] -- 0:00:04
      9690000 -- (0.000) [...7 remote chains...] -- 0:00:04
      9700000 -- (0.000) [...7 remote chains...] -- 0:00:04
      9710000 -- (0.000) [...7 remote chains...] -- 0:00:03
      9720000 -- (0.000) [...7 remote chains...] -- 0:00:03
      9730000 -- (0.000) [...7 remote chains...] -- 0:00:03
      9740000 -- (0.000) [...7 remote chains...] -- 0:00:03
      9750000 -- (0.000) [...7 remote chains...] -- 0:00:03
      9760000 -- (0.000) [...7 remote chains...] -- 0:00:03
      9770000 -- (0.000) [...7 remote chains...] -- 0:00:03
      9780000 -- (0.000) [...7 remote chains...] -- 0:00:03
      9790000 -- (0.000) [...7 remote chains...] -- 0:00:02
      9800000 -- (0.000) [...7 remote chains...] -- 0:00:02
      9810000 -- (0.000) [...7 remote chains...] -- 0:00:02
      9820000 -- (0.000) [...7 remote chains...] -- 0:00:02
      9830000 -- (0.000) [...7 remote chains...] -- 0:00:02
      9840000 -- (0.000) [...7 remote chains...] -- 0:00:02
      9850000 -- (0.000) [...7 remote chains...] -- 0:00:02
      9860000 -- (0.000) [...7 remote chains...] -- 0:00:01
      9870000 -- (0.000) [...7 remote chains...] -- 0:00:01
      9880000 -- (0.000) [...7 remote chains...] -- 0:00:01
      9890000 -- (0.000) [...7 remote chains...] -- 0:00:01
      9900000 -- (0.000) [...7 remote chains...] -- 0:00:01
      9910000 -- (0.000) [...7 remote chains...] -- 0:00:01
      9920000 -- (0.000) [...7 remote chains...] -- 0:00:01
      9930000 -- (0.000) [...7 remote chains...] -- 0:00:00
      9940000 -- (0.000) [...7 remote chains...] -- 0:00:00
      9950000 -- (0.000) [...7 remote chains...] -- 0:00:00
      9960000 -- (0.000) [...7 remote chains...] -- 0:00:00
      9970000 -- (0.000) [...7 remote chains...] -- 0:00:00
      9980000 -- (0.000) [...7 remote chains...] -- 0:00:00
      9990000 -- (0.000) [...7 remote chains...] -- 0:00:00
      10000000 -- (0.000) [...7 remote chains...] -- 0:00:00

      Analysis completed in 2 mins 17 seconds
      Analysis used 137.10 seconds of CPU time on processor 0
      Log likelihood of best state for "cold" chain was 0.00

      Acceptance rates for the moves in the "cold" chain:
         With prob.   (last 1000)   chain accepted proposals by move
            12.2 %     ( 15 %)     AddBranch(V{all})
            12.1 %     ( 14 %)     DelBranch(V{all})
            96.9 %     ( 96 %)     NodesliderClock(V{all})
            15.9 %     ( 26 %)     TreeStretch(V{all})
            14.6 %     ( 23 %)     Slider(Net_speciation{all})
            24.3 %     ( 20 %)     Slider(Relative_extinction{all})
            24.7 %     ( 19 %)     Slider(Relative_fossilization{all})
            30.9 %     ( 24 %)     Multiplier(IGRvar{all})
            30.4 %     ( 29 %)     Multiplier(IgrBrlens{all})
            52.4 %     ( 23 %)     Multiplier(Clockrate{all})

      Chain swap information:

                   1       2       3       4       5       6       7       8 
           ------------------------------------------------------------------
         1 |            0.69    0.49    0.37    0.30    0.24    0.20    0.17 
         2 |  356108            0.77    0.62    0.51    0.43    0.36    0.32 
         3 |  356728  356780            0.83    0.70    0.60    0.52    0.46 
         4 |  358067  357043  356920            0.87    0.76    0.67    0.59 
         5 |  355974  356994  358109  356707            0.89    0.79    0.71 
         6 |  357935  356655  357155  357535  358065            0.90    0.82 
         7 |  356776  357186  357181  356691  356532  357382            0.91 
         8 |  357854  355857  357216  357479  357839  358241  356991         

      Upper diagonal: Proportion of successful state exchanges between chains
      Lower diagonal: Number of attempted state exchanges between chains

      Chain information:

        ID -- Heat 
       -----------
         1 -- 1.00  (cold chain)
         2 -- 0.99 
         3 -- 0.98 
         4 -- 0.97 
         5 -- 0.96 
         6 -- 0.95 
         7 -- 0.94 
         8 -- 0.93 

      Heat = 1 / (1 + T * (ID - 1))
         (where T = 0.01 is the temperature and ID is the chain number)

      Setting sumt nruns to 1
      Using relative burnin (a fraction of samples discarded).
      Setting burnin fraction to 0.10
      Summarizing trees in file "alignment_and_tree.nex.t"
      Using relative burnin ('relburnin=yes'), discarding the first 10 % of sampled trees
      Writing statistics to files alignment_and_tree.nex.<parts|tstat|vstat|trprobs|con>
      Examining file ...
      Found one tree block in file "alignment_and_tree.nex.t" with 10001 trees in last block

      Tree reading status:

      0      10      20      30      40      50      60      70      80      90     100
      v-------v-------v-------v-------v-------v-------v-------v-------v-------v-------v
      *********************************************************************************

      Read 10001 trees from last tree block (sampling 9001 of them)
      Overwriting file "alignment_and_tree.nex.parts"
      Overwriting file "alignment_and_tree.nex.tstat"
      Overwriting file "alignment_and_tree.nex.vstat"
      Overwriting file "alignment_and_tree.nex.con.tre"
      Overwriting file "alignment_and_tree.nex.trprobs"
                                                                                   
      General explanation:                                                          
                                                                                   
      In an unrooted tree, a taxon bipartition (split) is specified by removing a   
      branch, thereby dividing the species into those to the left and those to the  
      right of the branch. Here, taxa to one side of the removed branch are denoted 
      '.' and those to the other side are denoted '*'. Specifically, the '.' symbol 
      is used for the taxa on the same side as the outgroup.                        
                                                                                   
      In a rooted or clock tree, the tree is rooted using the model and not by      
      reference to an outgroup. Each bipartition therefore corresponds to a clade,  
      that is, a group that includes all the descendants of a particular branch in  
      the tree.  Taxa that are included in each clade are denoted using '*', and    
      taxa that are not included are denoted using the '.' symbol.                  
                                                                                   
      The output first includes a key to all the bipartitions with frequency larger 
      or equal to (Minpartfreq) in at least one run. Minpartfreq is a parameter to  
      sumt command and currently it is set to 0.10.  This is followed by a table  
      with statistics for the informative bipartitions (those including at least    
      two taxa), sorted from highest to lowest probability. For each bipartition,   
      the table gives the number of times the partition or split was observed in all
      runs (#obs) and the posterior probability of the bipartition (Probab.), which 
      is the same as the split frequency. If several runs are summarized, this is   
      followed by the minimum split frequency (Min(s)), the maximum frequency       
      (Max(s)), and the standard deviation of frequencies (Stddev(s)) across runs.  
      The latter value should approach 0 for all bipartitions as MCMC runs converge.
                                                                                   
      This is followed by a table summarizing branch lengths, node heights (if a    
      clock model was used) and relaxed clock parameters (if a relaxed clock model  
      was used). The mean, variance, and 95 % credible interval are given for each 
      of these parameters. If several runs are summarized, the potential scale      
      reduction factor (PSRF) is also given; it should approach 1 as runs converge. 
      Node heights will take calibration points into account, if such points were   
      used in the analysis.                                                         
                                                                                    
      Note that Stddev may be unreliable if the partition is not present in all     
      runs (the last column indicates the number of runs that sampled the partition 
      if more than one run is summarized). The PSRF is not calculated at all if     
      the partition is not present in all runs.The PSRF is also sensitive to small  
      sample sizes and it should only be considered a rough guide to convergence    
      since some of the assumptions allowing one to interpret it as a true potential
      scale reduction factor are violated in MrBayes.                               
                                                                                    
      List of taxa in bipartitions:                                                 
                                                                                   
         1 -- Huso_huso
         2 -- Polypterus_senegalus
         3 -- Pteronisculus_cicatrosus
         4 -- Abdobalistum_thyrus
         5 -- Nursallia_veronae
         6 -- Paranursallia_gutturosum
         7 -- Pycnodus_apodus
         8 -- Oropycnodus_ponsorti
         9 -- Coelodus_saturnus
        10 -- Sylvienodus_laveirensis
        11 -- Polazzodus_coronatus
        12 -- Scalacurvichthys_naishi
        13 -- Ocloedus_subdiscus
        14 -- Tepexichthys_aranguthyorum
        15 -- Iemanja_palma
        16 -- Stemmatodus_rhombus
        17 -- Proscinetes_radiatus
        18 -- Proscinetes_bernardi
        19 -- Proscinetes_elegans
        20 -- Neoproscinetes_penalvai
        21 -- Thiollierepycnodus_wagneri
        22 -- Turboscinetes_egertoni
        23 -- Turbomesodon_relegans
        24 -- Turbomesodon_bernissartensis
        25 -- Turbomesodon_praeclarus
        26 -- Akromystax_tilmachiton
        27 -- Stenamara_mia
        28 -- Macromesodon_macropterus
        29 -- Brembodus_ridens
        30 -- Gibbodon_cenensis
        31 -- Eomesodon_liassicus
        32 -- Eomesodon_hoeferi
        33 -- Apomesodon_gibbosus
        34 -- Piranhamesodon_pinnatomus
        35 -- Arduafrons_prominoris
        36 -- Gyrodus_hexagonus
        37 -- Mesturus_verrucosus
        38 -- Aminiichthys_leedsi
        39 -- Palaeobalistum_orbiculatum
        40 -- Micropycnodon_kansasensis
        41 -- Paramesturus_stuehmeri
        42 -- Valgarzaella_antiquissima

      Key to taxon bipartitions (saved to file "alignment_and_tree.nex.parts"):

      ID -- Partition
      ------------------------------------------------
       0 -- 
       1 -- 
       2 -- 
       3 -- 
       4 -- 
       5 -- 
       6 -- 
       7 -- 
       8 -- 
       9 -- 
      10 -- 
      11 -- 
      12 -- 
      13 -- 
      14 -- 
      15 -- 
      16 -- 
      17 -- 
      18 -- 
      19 -- 
      20 -- 
      21 -- 
      22 -- 
      23 -- 
      24 -- 
      25 -- 
      26 -- 
      27 -- 
      28 -- 
      29 -- 
      30 -- 
      31 -- 
      32 -- 
      33 -- 
      34 -- 
      35 -- 
      36 -- 
      37 -- 
      38 -- 
      39 -- 
      40 -- 
      41 -- 
      42 -- 
      43 -- 
      44 -- 
      45 -- 
      46 -- 
      47 -- 
      48 -- 
      49 -- 
      50 -- 
      51 -- 
      52 -- 
      53 -- 
      54 -- 
      55 -- 
      56 -- 
      57 -- 
      58 -- 
      59 -- 
      60 -- 
      61 -- 
      62 -- 
      63 -- 
      64 -- 
      65 -- 
      66 -- 
      67 -- 
      68 -- 
      69 -- 
      70 -- 
      71 -- 
      72 -- 
      73 -- 
      74 -- 
      75 -- 
      76 -- 
      77 -- 
      78 -- 
      79 -- 
      80 -- 
      81 -- 
      82 -- 
      ------------------------------------------------

      Summary statistics for informative taxon bipartitions (clades)
         (saved to file "alignment_and_tree.nex.tstat"):

      ID   #obs    Probab.
      --------------------
      43  9001    1.000000
      44  9001    1.000000
      45  9001    1.000000
      46  9001    1.000000
      47  9001    1.000000
      48  9001    1.000000
      49  9001    1.000000
      50  9001    1.000000
      51  9001    1.000000
      52  9001    1.000000
      53  9001    1.000000
      54  9001    1.000000
      55  9001    1.000000
      56  9001    1.000000
      57  9001    1.000000
      58  9001    1.000000
      59  9001    1.000000
      60  9001    1.000000
      61  9001    1.000000
      62  9001    1.000000
      63  9001    1.000000
      64  9001    1.000000
      65  9001    1.000000
      66  9001    1.000000
      67  9001    1.000000
      68  9001    1.000000
      69  9001    1.000000
      70  9001    1.000000
      71  9001    1.000000
      72  9001    1.000000
      73  9001    1.000000
      74  9001    1.000000
      75  9001    1.000000
      76  9001    1.000000
      77  9001    1.000000
      78  9001    1.000000
      79  9001    1.000000
      80  9001    1.000000
      81  9001    1.000000
      82  9001    1.000000
      --------------------

      Summary statistics for branch and node parameters
         (saved to file "alignment_and_tree.nex.vstat"):

                                                             95% HPD Interval
                                                           --------------------
      Parameter                     Mean       Variance     Lower       Upper       Median
      ------------------------------------------------------------------------------------
      length{all}[1]              50.844819  2518.513324    0.001128  152.217200   35.245950
      length{all}[2]              54.687463  2917.848127    0.001193  164.395000   37.867710
      length{all}[3]               2.945633   20.144368    0.000000   11.598110    1.298859
      length{all}[4]               8.982111   79.785221    0.000198   26.797360    6.210384
      length{all}[5]               8.283631   67.668715    0.000195   24.661600    5.695354
      length{all}[6]               0.261701    0.558666    0.000000    1.434676    0.000000
      length{all}[7]               9.784667   95.164480    0.000229   29.657980    6.742218
      length{all}[8]               8.366532   72.521862    0.000189   25.686420    5.657906
      length{all}[9]               6.159435   45.634365    0.000000   19.761740    3.857594
      length{all}[10]              1.226176    5.937609    0.000000    5.642973    0.233915
      length{all}[11]              3.255689   14.902724    0.000037   10.597950    1.981913
      length{all}[12]              4.654529   24.821708    0.000112   14.349060    3.059848
      length{all}[13]              6.592627   55.532376    0.000000   21.324760    4.082874
      length{all}[14]             10.638057  111.805961    0.000253   31.880510    7.283021
      length{all}[15]              0.938919    4.343188    0.000000    4.668877    0.093630
      length{all}[16]              4.465205   32.449370    0.000000   15.839950    2.488942
      length{all}[17]              8.022735   65.457027    0.000164   23.974280    5.533532
      length{all}[18]              0.311506    0.432295    0.000000    1.472732    0.049032
      length{all}[19]              0.473423    0.657605    0.000000    1.959496    0.169929
      length{all}[20]              7.837989   61.288652    0.000175   23.510770    5.370527
      length{all}[21]              0.371450    0.827258    0.000000    1.978500    0.000000
      length{all}[22]              3.385810   15.223983    0.000000   11.100160    2.099109
      length{all}[23]              6.044947   42.253123    0.000108   18.847350    3.978297
      length{all}[24]             14.864112  226.274197    0.000265   44.752590   10.094310
      length{all}[25]             11.823844  143.630764    0.000226   35.826310    8.029464
      length{all}[26]              8.053794   71.715595    0.000137   24.922520    5.312262
      length{all}[27]             14.733254  220.957312    0.000298   44.510180   10.096320
      length{all}[28]             13.398579  181.137207    0.000261   40.404200    9.226197
      length{all}[29]              0.397708    0.840087    0.000000    1.742950    0.092208
      length{all}[30]              0.404072    0.818778    0.000000    1.831706    0.094068
      length{all}[31]              3.419729   12.300628    0.000083   10.356460    2.314767
      length{all}[32]              0.318215    0.711881    0.000000    1.691900    0.000000
      length{all}[33]              4.052582   46.248119    0.000000   17.343950    1.503488
      length{all}[34]              3.748779   43.943175    0.000000   16.554980    1.210246
      length{all}[35]             15.987604  251.961619    0.000337   47.491520   11.061790
      length{all}[36]             16.672718  273.754484    0.000348   49.653540   11.548040
      length{all}[37]              6.713835   76.069310    0.000242   23.426940    3.789402
      length{all}[38]              3.772605   46.044789    0.000000   16.578980    1.114473
      length{all}[39]             10.685974  115.163788    0.000256   31.956090    7.319246
      length{all}[40]             28.011642  766.449906    0.000599   83.721590   19.433320
      length{all}[41]             24.557651  594.466295    0.000533   73.700700   17.067170
      length{all}[42]              5.687776   42.131655    0.000000   18.439040    3.529365
      length{all}[43]              1.042290    2.771643    0.000002    4.064372    0.441769
      length{all}[44]              0.969607    2.672009    0.000030    3.866718    0.392880
      length{all}[45]              0.798953    1.908073    0.000006    3.215623    0.315110
      length{all}[46]              0.860743    2.092782    0.000006    3.344395    0.355170
      length{all}[47]              1.289253    4.288452    0.000007    5.153954    0.540986
      length{all}[48]              1.618330    7.432346    0.000029    6.602016    0.662487
      length{all}[49]              1.503327    5.420194    0.000004    5.824786    0.669869
      length{all}[50]              1.183452    3.483230    0.000005    4.542763    0.502014
      length{all}[51]              1.259892    4.216709    0.000023    5.049859    0.531731
      length{all}[52]              1.665232    6.781208    0.000010    6.521727    0.709153
      length{all}[53]              2.177412   11.404470    0.000049    8.381037    0.931963
      length{all}[54]              1.361932    5.059002    0.000002    5.343240    0.562862
      length{all}[55]              1.007117    3.046260    0.000003    3.856689    0.407620
      length{all}[56]              0.798658    1.791098    0.000009    3.139175    0.320990
      length{all}[57]              0.703377    1.377101    0.000000    2.721785    0.288932
      length{all}[58]             11.602844  164.904928    0.000129   37.129440    7.411420
      length{all}[59]              1.127248    3.568608    0.000003    4.480958    0.464951
      length{all}[60]              0.583868    0.774943    0.000003    2.180087    0.280184
      length{all}[61]              2.101175    9.761573    0.000001    8.097340    0.947689
      length{all}[62]              2.125229   10.553258    0.000054    8.364040    0.944623
      length{all}[63]              0.694470    1.294573    0.000004    2.701145    0.289684
      length{all}[64]              0.720741    1.307995    0.000007    2.826223    0.306552
      length{all}[65]              2.806211   13.467502    0.000025   10.037430    1.508817
      length{all}[66]              0.781956    1.719734    0.000004    3.067195    0.321351
      length{all}[67]              0.650424    1.227391    0.000005    2.613320    0.262733
      length{all}[68]              0.827218    1.650431    0.000002    3.076981    0.384803
      length{all}[69]              0.613953    1.135913    0.000007    2.406516    0.245503
      length{all}[70]              0.886095    2.125221    0.000021    3.512218    0.365281
      length{all}[71]             11.286136  155.481110    0.000331   36.394290    7.121545
      length{all}[72]              0.898551    2.255794    0.000006    3.478287    0.373476
      length{all}[73]              1.292321    4.415820    0.000003    5.260374    0.527770
      length{all}[74]              1.610324    6.569442    0.000038    6.403024    0.684516
      length{all}[75]              1.125912    3.569016    0.000009    4.466115    0.446628
      length{all}[76]              3.152767   20.865900    0.000015   11.801040    1.512834
      length{all}[77]              0.952080    2.482505    0.000005    3.746267    0.396275
      length{all}[78]              0.644140    1.274063    0.000011    2.578245    0.262019
      length{all}[79]              0.693731    1.358168    0.000009    2.699527    0.278871
      length{all}[80]              0.571462    1.001061    0.000000    2.297874    0.222548
      length{all}[81]              1.954226    8.638609    0.000032    7.457157    0.875319
      length{all}[82]              2.736947   15.230058    0.000092   10.165570    1.345050
      height{all}[0]              54.687467  2917.848633    0.001193  164.395027   37.867710
      height{all}[1]               0.000004    0.000000    0.000000    0.000021    0.000000
      height{all}[2]               0.000004    0.000000    0.000000    0.000021    0.000000
      height{all}[3]              49.564422  2378.952568    0.001144  147.469817   34.428868
      height{all}[4]              10.308332  103.264236    0.000235   30.859863    7.135072
      height{all}[5]              10.312341  103.487058    0.000220   31.021783    7.149401
      height{all}[6]              18.334272  326.067851    0.000413   54.750797   12.695746
      height{all}[7]              10.304433  103.418552    0.000243   30.938745    7.151179
      height{all}[8]              13.663408  181.043435    0.000328   40.889739    9.445672
      height{all}[9]              18.313850  325.656970    0.000428   55.075380   12.687080
      height{all}[10]             19.181006  356.833900    0.000438   57.313473   13.326558
      height{all}[11]             17.151493  285.651555    0.000403   51.022784   11.923702
      height{all}[12]             19.220909  358.045865    0.000446   57.166349   13.301271
      height{all}[13]             24.416798  576.903950    0.000554   73.108387   16.984832
      height{all}[14]             20.831970  420.123367    0.000468   62.279988   14.454966
      height{all}[15]             22.936519  509.082252    0.000535   68.465573   15.889063
      height{all}[16]             24.418992  577.638978    0.000559   72.766795   16.963318
      height{all}[17]             24.246245  569.576257    0.000563   72.764289   16.832997
      height{all}[18]             29.220851  827.889366    0.000666   87.295504   20.289091
      height{all}[19]             29.058934  818.441223    0.000663   86.774105   20.123976
      height{all}[20]             22.928660  510.564740    0.000542   68.485902   15.900790
      height{all}[21]             29.744775  856.376824    0.000691   88.585729   20.618192
      height{all}[22]             29.769266  858.195208    0.000690   88.996318   20.672166
      height{all}[23]             29.069325  817.558693    0.000671   86.669033   20.218009
      height{all}[24]             22.668394  503.541708    0.000535   67.563305   15.615359
      height{all}[25]             24.416341  577.609996    0.000561   72.818619   16.977754
      height{all}[26]             19.212072  357.200147    0.000437   57.128259   13.348334
      height{all}[27]             24.409577  576.728596    0.000561   72.895897   16.940082
      height{all}[28]             27.698477  744.164857    0.000630   82.728382   19.171723
      height{all}[29]             42.101602  1716.774109    0.000967  125.312748   29.257582
      height{all}[30]             42.095238  1715.997902    0.000975  125.587071   29.220492
      height{all}[31]             38.973103  1470.957667    0.000888  116.491151   26.988230
      height{all}[32]             42.074617  1713.414506    0.000971  125.144575   29.246369
      height{all}[33]             29.066747  818.379418    0.000663   86.570099   20.152992
      height{all}[34]             29.370550  835.852487    0.000664   87.417578   20.347185
      height{all}[35]             29.062002  817.290220    0.000669   86.873379   20.176024
      height{all}[36]             29.070618  818.646656    0.000668   86.718480   20.207313
      height{all}[37]             29.069356  818.753604    0.000680   86.525144   20.166691
      height{all}[38]             32.010586  991.537239    0.000747   95.738898   22.216276
      height{all}[39]             10.301677  102.732397    0.000235   30.665573    7.165877
      height{all}[40]             18.513650  333.430732    0.000421   55.294357   12.832438
      height{all}[41]             23.797991  548.326143    0.000547   70.896807   16.526445
      height{all}[42]             43.795115  1856.903770    0.000996  130.708041   30.402045
      height{all}[43]             20.987651  430.184071    0.000490   62.701398   14.496755
      height{all}[44]             47.386035  2182.269332    0.001051  141.230050   32.873183
      height{all}[45]             31.470027  957.772424    0.000721   93.561057   21.896143
      height{all}[46]             46.525292  2101.852258    0.001020  139.032911   32.243053
      height{all}[47]             25.976613  657.689120    0.000567   77.220553   17.963175
      height{all}[48]             27.265866  724.314309    0.000574   81.508275   18.839525
      height{all}[49]             24.473285  585.569297    0.000564   73.050615   16.876255
      height{all}[50]             22.029941  474.081025    0.000517   66.277524   15.203064
      height{all}[51]             23.213393  524.369073    0.000540   69.728162   16.112848
      height{all}[52]             50.844822  2518.513769    0.001128  152.217213   35.245950
      height{all}[53]             52.510054  2686.633500    0.001144  157.578960   36.404876
      height{all}[54]             49.482890  2383.528103    0.001084  147.837837   34.363167
      height{all}[55]             33.155076  1064.465916    0.000748   98.753643   23.032847
      height{all}[56]             19.290442  360.965414    0.000434   58.121610   13.392857
      height{all}[57]             30.766650  916.401312    0.000718   91.480974   21.334158
      height{all}[58]             35.783191  1272.290077    0.000922  107.396617   24.710383
      height{all}[59]             48.355642  2277.195719    0.001081  144.412678   33.596200
      height{all}[60]             29.532357  844.315761    0.000666   88.163646   20.477717
      height{all}[61]             23.875438  555.095826    0.000559   71.416624   16.524684
      height{all}[62]             28.884196  820.659291    0.000604   86.149472   19.922217
      height{all}[63]             18.595972  335.576267    0.000415   55.409384   12.929060
      height{all}[64]             42.499310  1749.897708    0.000975  126.834569   29.515603
      height{all}[65]             20.407182  407.281197    0.000440   60.866200   14.106137
      height{all}[66]             45.743336  2030.666608    0.001016  136.364520   31.749690
      height{all}[67]             30.116226  876.905963    0.000691   89.894409   20.894619
      height{all}[68]             42.392833  1738.828231    0.000971  126.768937   29.393632
      height{all}[69]             43.220051  1807.917935    0.000982  129.045733   29.984962
      height{all}[70]             32.268980  1009.699941    0.000727   95.776415   22.393081
      height{all}[71]             33.119330  1090.448785    0.000664   98.666297   22.788851
      height{all}[72]             20.089100  392.301563    0.000471   60.662111   13.912336
      height{all}[73]             36.240185  1279.565290    0.000788  108.282514   25.090384
      height{all}[74]             37.532506  1374.848371    0.000800  112.484261   26.004486
      height{all}[75]             35.114273  1198.489308    0.000779  104.811116   24.362505
      height{all}[76]             31.009426  940.780863    0.000748   91.814171   21.374283
      height{all}[77]             34.162193  1134.088593    0.000763  102.295697   23.657794
      height{all}[78]             44.405466  1908.369180    0.000995  132.387636   30.830699
      height{all}[79]             45.049606  1969.657846    0.001007  134.169784   31.273306
      height{all}[80]             43.834004  1860.086416    0.000995  130.405392   30.463903
      height{all}[81]             39.142830  1495.063572    0.000860  117.150597   27.159940
      height{all}[82]             41.097056  1640.208349    0.000892  122.156588   28.657269
      age{all}[0]                276.784935  161.002031  255.730825  298.891007  277.069078
      age{all}[1]                  0.000017    0.000000    0.000000    0.000086    0.000000
      age{all}[2]                  0.000018    0.000000    0.000000    0.000086    0.000000
      age{all}[3]                250.950265    0.007398  250.816001  251.099719  250.949315
      age{all}[4]                 52.206630    5.175480   48.521547   55.993956   52.291531
      age{all}[5]                 52.202532    5.295526   48.313548   55.832051   52.301463
      age{all}[6]                 92.829675    6.455365   89.801608   98.178622   92.135230
      age{all}[7]                 52.163277    5.189243   48.516717   55.992202   52.230934
      age{all}[8]                 69.183551    3.221916   66.337578   72.188332   69.205655
      age{all}[9]                 92.777894   23.196221   84.763512  100.496614   93.128862
      age{all}[10]                97.097865    3.620606   93.908545  100.125630   97.051116
      age{all}[11]                86.816314    3.123393   83.954149   89.788829   86.882481
      age{all}[12]                97.275657    3.603294   94.209383  100.457582   97.313057
      age{all}[13]               123.646127    1.594732  121.602908  125.732517  123.694527
      age{all}[14]               105.518198    7.789484  101.036953  110.097004  105.615108
      age{all}[15]               116.132374    3.325805  113.200831  119.174263  116.000525
      age{all}[16]               123.628113    1.576577  121.610482  125.738772  123.659059
      age{all}[17]               122.762780    3.206351  119.835056  125.711494  122.804907
      age{all}[18]               147.936717    3.255947  145.061851  151.160665  147.830044
      age{all}[19]               147.109307    1.383366  145.131571  149.040670  147.088365
      age{all}[20]               116.060994   10.372134  110.777639  121.398266  116.196402
      age{all}[21]               150.620038    0.746530  149.202318  152.035978  150.582515
      age{all}[22]               150.719216    0.769976  149.351097  152.207975  150.725086
      age{all}[23]               147.197764    1.430529  145.242991  149.146667  147.232626
      age{all}[24]               114.640293   51.326965  102.343127  125.744100  115.308623
      age{all}[25]               123.621843    1.614372  121.620902  125.763646  123.644943
      age{all}[26]                97.297175    3.674726   94.149602  100.399833   97.341232
      age{all}[27]               123.596700    1.580133  121.437094  125.572034  123.604915
      age{all}[28]               140.184759    2.999887  137.401376  143.091887  140.245295
      age{all}[29]               213.150283    1.410271  211.182631  215.112993  213.092910
      age{all}[30]               213.139503    1.354058  211.180129  215.074796  213.081397
      age{all}[31]               197.344744    6.003345  193.391359  201.395658  197.443058
      age{all}[32]               213.060415    1.370611  211.184506  215.051840  212.974315
      age{all}[33]               147.167883    1.420214  145.268022  149.187578  147.189070
      age{all}[34]               148.690861    4.270120  145.455558  152.207814  148.707429
      age{all}[35]               147.170822    1.437918  145.250963  149.180498  147.219817
      age{all}[36]               147.192700    1.449469  145.264293  149.176567  147.211108
      age{all}[37]               147.173235    1.434610  145.268702  149.198692  147.195106
      age{all}[38]               162.090374    3.328140  159.001176  164.966006  162.071437
      age{all}[39]                52.162640    5.206491   48.502029   55.966738   52.220185
      age{all}[40]                93.697404   18.034746   86.652496  100.486588   93.979349
      age{all}[41]               120.494470    0.275759  119.667941  121.396975  120.496139
      age{all}[42]               221.714919   11.797442  216.097322  227.296764  221.893098
      age{all}[43]               106.266683   49.969403   93.949135  120.393460  105.517692
      age{all}[44]               239.906846   81.041179  223.675022  258.094058  238.747004
      age{all}[45]               159.475922   32.957689  150.261846  170.696560  158.410478
      age{all}[46]               235.541652   68.645237  220.641496  252.077236  234.467536
      age{all}[47]               131.492518  102.858194  114.615883  150.194686  130.238235
      age{all}[48]               138.091482  133.599107  117.954722  159.629294  137.283958
      age{all}[49]               123.880609   92.298560  107.291930  143.813703  122.788429
      age{all}[50]               111.538636   63.992184   96.114020  126.863045  110.745111
      age{all}[51]               117.569887   76.648862  101.669274  135.416323  116.603054
      age{all}[52]               257.362786  132.663240  237.087353  280.489928  255.763784
      age{all}[53]               265.821829  143.204001  250.799906  287.493929  264.573912
      age{all}[54]               250.479299  114.671462  231.934141  273.079190  248.955367
      age{all}[55]               167.977945   60.773766  154.663258  183.772176  167.120990
      age{all}[56]                97.778468   23.887449   90.191309  106.999947   97.007280
      age{all}[57]               155.837392   21.014032  149.385662  164.776455  154.775961
      age{all}[58]               181.245501  420.882431  159.002494  223.502285  174.445850
      age{all}[59]               244.789286   95.939219  227.358233  264.802794  243.559906
      age{all}[60]               149.557368    6.265058  145.373619  154.423017  149.085594
      age{all}[61]               120.901002   48.764237  113.201602  135.241223  118.698841
      age{all}[62]               146.167482  169.579372  121.442864  167.922680  145.993324
      age{all}[63]                94.170754   12.896241   89.800178  100.768672   93.289257
      age{all}[64]               215.202808    7.796553  211.586986  221.037842  214.573094
      age{all}[65]               103.329692   59.323801   93.908545  118.492751  100.521005
      age{all}[66]               231.622695   57.006883  218.477095  246.328832  230.487036
      age{all}[67]               152.569747   10.897990  149.201242  159.336065  151.538437
      age{all}[68]               214.700043    9.073678  211.180555  220.844892  214.028909
      age{all}[69]               218.882301   18.062747  212.767066  227.502948  217.823321
      age{all}[70]               163.474579   46.034079  151.616039  176.803630  162.462927
      age{all}[71]               167.941488  400.274684  145.615512  210.225184  161.396351
      age{all}[72]               101.779686   36.625693   91.434533  113.196844  100.942162
      age{all}[73]               183.477322  108.272643  163.948938  203.504204  183.085093
      age{all}[74]               190.015774  121.999885  168.261158  210.694995  189.910743
      age{all}[75]               177.866770   91.767276  160.167922  196.379432  177.356491
      age{all}[76]               157.133547  180.044241  124.503572  179.509138  158.009725
      age{all}[77]               173.017210   77.992964  156.839079  190.280388  172.317614
      age{all}[78]               224.888769   36.480005  215.213634  237.189610  223.802247
      age{all}[79]               228.095508   45.681654  217.198056  242.234370  227.046734
      age{all}[80]               221.979502   27.771318  213.983940  232.480812  220.890346
      age{all}[81]               198.123992  131.755233  174.923156  218.740144  198.819486
      age{all}[82]               208.212224  118.078906  185.383837  227.290527  209.547902
      IgrBrlens{all}_length[1]    50.583794  3703.822749    0.000926  161.393300   31.083930
      IgrBrlens{all}_length[2]    54.701837  4452.069265    0.000232  172.872600   34.077680
      IgrBrlens{all}_length[3]     2.953955   28.429519    0.000000   11.844940    1.105086
      IgrBrlens{all}_length[4]     8.974062  136.778837    0.000008   28.396730    5.524290
      IgrBrlens{all}_length[5]     8.250521   98.096798    0.000051   26.324940    5.024508
      IgrBrlens{all}_length[6]     0.254902    0.604497    0.000000    1.415386    0.000000
      IgrBrlens{all}_length[7]     9.685088  132.547762    0.000006   31.069430    5.880502
      IgrBrlens{all}_length[8]     8.360540  101.975142    0.000026   27.189610    5.031975
      IgrBrlens{all}_length[9]     6.282806   73.136601    0.000000   21.305870    3.513368
      IgrBrlens{all}_length[10]    1.157846    5.639802    0.000000    5.315317    0.196980
      IgrBrlens{all}_length[11]    3.266125   19.306338    0.000003   11.268580    1.789426
      IgrBrlens{all}_length[12]    4.679331   34.796199    0.000006   14.939470    2.771554
      IgrBrlens{all}_length[13]    6.613035   73.260010    0.000000   23.206590    3.675992
      IgrBrlens{all}_length[14]   10.539728  161.390159    0.000003   33.638220    6.506977
      IgrBrlens{all}_length[15]    0.898490    4.196484    0.000000    4.531901    0.078419
      IgrBrlens{all}_length[16]    4.502346   59.532521    0.000000   16.117040    2.222820
      IgrBrlens{all}_length[17]    7.969107   86.967193    0.000058   25.288970    4.953019
      IgrBrlens{all}_length[18]    0.306757    0.456080    0.000000    1.479717    0.039474
      IgrBrlens{all}_length[19]    0.470252    0.764076    0.000000    2.016662    0.144964
      IgrBrlens{all}_length[20]    7.799645   87.374383    0.000018   24.995690    4.782338
      IgrBrlens{all}_length[21]    0.360507    0.819928    0.000000    1.914993    0.000000
      IgrBrlens{all}_length[22]    3.388868   20.104121    0.000000   11.589820    1.919219
      IgrBrlens{all}_length[23]    5.969407   51.921464    0.000019   19.933230    3.574521
      IgrBrlens{all}_length[24]   14.846521  320.927095    0.000005   47.089640    9.035815
      IgrBrlens{all}_length[25]   11.786892  195.626310    0.000006   37.266250    7.338602
      IgrBrlens{all}_length[26]    8.105509  100.236890    0.000052   26.767370    4.833194
      IgrBrlens{all}_length[27]   14.858205  406.156687    0.000013   47.374860    9.082616
      IgrBrlens{all}_length[28]   13.254570  238.338278    0.000069   42.886100    8.171682
      IgrBrlens{all}_length[29]    0.393589    0.897849    0.000000    1.788848    0.079579
      IgrBrlens{all}_length[30]    0.396351    0.861805    0.000000    1.829055    0.078758
      IgrBrlens{all}_length[31]    3.435445   18.606881    0.000028   11.075230    2.071625
      IgrBrlens{all}_length[32]    0.313174    0.998053    0.000000    1.674465    0.000000
      IgrBrlens{all}_length[33]    3.981171   58.504137    0.000000   16.935460    1.338118
      IgrBrlens{all}_length[34]    3.587649   46.029213    0.000000   15.845890    1.010448
      IgrBrlens{all}_length[35]   16.097173  366.606311    0.000006   52.106090    9.969588
      IgrBrlens{all}_length[36]   16.618857  383.954555    0.000426   52.861530   10.305280
      IgrBrlens{all}_length[37]    6.733070  101.400744    0.000015   23.734180    3.412712
      IgrBrlens{all}_length[38]    3.600737   50.397248    0.000000   15.901110    0.920931
      IgrBrlens{all}_length[39]   10.546081  163.955166    0.000013   33.499580    6.491143
      IgrBrlens{all}_length[40]   27.943902  1127.401200    0.000265   90.064960   17.140440
      IgrBrlens{all}_length[41]   24.894920  1147.566139    0.000492   78.590990   15.099030
      IgrBrlens{all}_length[42]    5.659070   58.526801    0.000000   19.243100    3.196436
      IgrBrlens{all}_length[43]    1.022729    3.249907    0.000002    4.106688    0.385016
      IgrBrlens{all}_length[44]    0.963518    3.270670    0.000002    3.893481    0.349773
      IgrBrlens{all}_length[45]    0.802082    2.693041    0.000000    3.278666    0.275025
      IgrBrlens{all}_length[46]    0.852952    2.589325    0.000006    3.389159    0.311390
      IgrBrlens{all}_length[47]    1.304036    6.142099    0.000000    5.294150    0.478903
      IgrBrlens{all}_length[48]    1.599631    8.697525    0.000005    6.621282    0.597820
      IgrBrlens{all}_length[49]    1.501574    6.876625    0.000002    5.825236    0.586856
      IgrBrlens{all}_length[50]    1.170881    4.146484    0.000003    4.653092    0.446439
      IgrBrlens{all}_length[51]    1.251891    5.135691    0.000001    5.199202    0.466808
      IgrBrlens{all}_length[52]    1.644056    8.358961    0.000005    6.537260    0.622913
      IgrBrlens{all}_length[53]    2.150779   14.582168    0.000000    8.404914    0.823608
      IgrBrlens{all}_length[54]    1.343091    5.813960    0.000000    5.367646    0.512040
      IgrBrlens{all}_length[55]    0.997662    3.823260    0.000001    4.003583    0.365288
      IgrBrlens{all}_length[56]    0.804192    2.694608    0.000000    3.234557    0.284540
      IgrBrlens{all}_length[57]    0.694170    1.604913    0.000000    2.828950    0.257323
      IgrBrlens{all}_length[58]   11.792568  276.232509    0.000005   39.638390    6.507353
      IgrBrlens{all}_length[59]    1.120921    4.343869    0.000002    4.563715    0.403151
      IgrBrlens{all}_length[60]    0.586079    1.020767    0.000002    2.274599    0.245902
      IgrBrlens{all}_length[61]    2.146006   14.130923    0.000001    8.634800    0.844718
      IgrBrlens{all}_length[62]    2.152045   16.340926    0.000003    8.485719    0.850664
      IgrBrlens{all}_length[63]    0.702599    1.817895    0.000002    2.761596    0.264119
      IgrBrlens{all}_length[64]    0.719511    1.700283    0.000001    2.901744    0.276872
      IgrBrlens{all}_length[65]    2.834260   19.419803    0.000001   10.587820    1.339575
      IgrBrlens{all}_length[66]    0.785806    2.620163    0.000001    3.118733    0.280460
      IgrBrlens{all}_length[67]    0.656962    1.775601    0.000002    2.643123    0.234552
      IgrBrlens{all}_length[68]    0.835134    2.022809    0.000000    3.273970    0.347823
      IgrBrlens{all}_length[69]    0.626293    1.484315    0.000001    2.591348    0.219355
      IgrBrlens{all}_length[70]    0.904567    3.051906    0.000002    3.701678    0.328898
      IgrBrlens{all}_length[71]   11.458265  229.048262    0.000226   39.121530    6.448663
      IgrBrlens{all}_length[72]    0.894246    2.879410    0.000000    3.591046    0.331225
      IgrBrlens{all}_length[73]    1.293357    5.549053    0.000000    5.401535    0.472714
      IgrBrlens{all}_length[74]    1.610987    8.205964    0.000001    6.557389    0.600722
      IgrBrlens{all}_length[75]    1.127364    4.472961    0.000002    4.589511    0.394883
      IgrBrlens{all}_length[76]    3.151443   28.013550    0.000002   12.029520    1.370406
      IgrBrlens{all}_length[77]    0.957752    3.268461    0.000000    3.873001    0.355292
      IgrBrlens{all}_length[78]    0.643809    1.563452    0.000002    2.620811    0.229860
      IgrBrlens{all}_length[79]    0.690136    1.669583    0.000006    2.833348    0.241299
      IgrBrlens{all}_length[80]    0.572579    1.216028    0.000000    2.347457    0.199681
      IgrBrlens{all}_length[81]    1.986646   16.876859    0.000004    7.593208    0.786039
      IgrBrlens{all}_length[82]    2.712241   19.869906    0.000000   10.483940    1.165647
      IgrBrlens{all}_rate[1]       0.998444    0.248622    0.000049    1.706303    0.983705
      IgrBrlens{all}_rate[2]       1.004449    0.254334    0.000030    1.729852    0.984766
      IgrBrlens{all}_rate[3]       0.990085    0.150430    0.000032    1.465491    1.000000
      IgrBrlens{all}_rate[4]       0.995648    0.244361    0.000005    1.682005    0.984228
      IgrBrlens{all}_rate[5]       0.994451    0.214794    0.000014    1.700800    0.985856
      IgrBrlens{all}_rate[6]       0.985956    0.029454    0.651887    1.241080    1.000000
      IgrBrlens{all}_rate[7]       0.991256    0.234069    0.000005    1.674114    0.978377
      IgrBrlens{all}_rate[8]       0.999936    0.256128    0.000020    1.701673    0.985458
      IgrBrlens{all}_rate[9]       1.008968    0.242787    0.000018    1.722198    0.985404
      IgrBrlens{all}_rate[10]      0.971685    0.062379    0.341935    1.404159    1.000000
      IgrBrlens{all}_rate[11]      1.008124    0.278626    0.000026    1.738270    0.984965
      IgrBrlens{all}_rate[12]      1.002785    0.249351    0.000040    1.709167    0.986008
      IgrBrlens{all}_rate[13]      1.003909    0.248347    0.000096    1.689262    0.985221
      IgrBrlens{all}_rate[14]      0.992487    0.235874    0.000005    1.698055    0.977834
      IgrBrlens{all}_rate[15]      0.977949    0.049727    0.510599    1.364783    1.000000
      IgrBrlens{all}_rate[16]      0.999166    0.231664    0.000002    1.585343    1.000000
      IgrBrlens{all}_rate[17]      0.994812    0.233470    0.000030    1.695053    0.981410
      IgrBrlens{all}_rate[18]      0.986300    0.096886    0.110513    1.376040    1.000000
      IgrBrlens{all}_rate[19]      0.989826    0.156962    0.000014    1.469241    1.000000
      IgrBrlens{all}_rate[20]      1.001861    0.247384    0.000007    1.717076    0.988245
      IgrBrlens{all}_rate[21]      0.988961    0.051991    0.601180    1.271792    1.000000
      IgrBrlens{all}_rate[22]      1.002123    0.223619    0.000022    1.735935    0.981139
      IgrBrlens{all}_rate[23]      0.992679    0.225973    0.000015    1.681784    0.982438
      IgrBrlens{all}_rate[24]      1.003819    0.249044    0.000006    1.753778    0.982110
      IgrBrlens{all}_rate[25]      1.008030    0.274935    0.000003    1.718209    0.986929
      IgrBrlens{all}_rate[26]      1.008632    0.272694    0.000073    1.750773    0.983238
      IgrBrlens{all}_rate[27]      1.003225    0.264573    0.000006    1.732106    0.984139
      IgrBrlens{all}_rate[28]      0.993125    0.235073    0.000024    1.673469    0.986774
      IgrBrlens{all}_rate[29]      0.992985    0.154282    0.135163    1.481466    1.000000
      IgrBrlens{all}_rate[30]      0.977954    0.120684    0.134123    1.490520    1.000000
      IgrBrlens{all}_rate[31]      0.994803    0.241493    0.000006    1.717979    0.980090
      IgrBrlens{all}_rate[32]      0.987856    0.047514    0.647239    1.264307    1.000000
      IgrBrlens{all}_rate[33]      0.981648    0.179979    0.000005    1.569368    0.993065
      IgrBrlens{all}_rate[34]      0.966485    0.128364    0.000026    1.378718    1.000000
      IgrBrlens{all}_rate[35]      1.007989    0.270004    0.000007    1.699384    0.988781
      IgrBrlens{all}_rate[36]      1.008261    0.264301    0.000847    1.749588    0.986720
      IgrBrlens{all}_rate[37]      0.994887    0.212611    0.000008    1.681390    0.987904
      IgrBrlens{all}_rate[38]      0.960426    0.095088    0.109338    1.423045    1.000000
      IgrBrlens{all}_rate[39]      0.990446    0.241532    0.000009    1.671029    0.981496
      IgrBrlens{all}_rate[40]      0.996592    0.245919    0.000012    1.697493    0.982741
      IgrBrlens{all}_rate[41]      1.001099    0.270834    0.000064    1.690162    0.989041
      IgrBrlens{all}_rate[42]      0.994076    0.239322    0.000030    1.673356    0.983280
      IgrBrlens{all}_rate[43]      0.991431    0.227743    0.000001    1.681943    0.983630
      IgrBrlens{all}_rate[44]      0.997066    0.230609    0.000048    1.704427    0.984041
      IgrBrlens{all}_rate[45]      0.997354    0.248719    0.000001    1.704414    0.981207
      IgrBrlens{all}_rate[46]      1.000191    0.225721    0.000013    1.720920    0.989723
      IgrBrlens{all}_rate[47]      1.001407    0.292019    0.000003    1.728776    0.983848
      IgrBrlens{all}_rate[48]      1.003777    0.243693    0.000004    1.725344    0.985008
      IgrBrlens{all}_rate[49]      1.001794    0.242496    0.000011    1.704227    0.983421
      IgrBrlens{all}_rate[50]      0.989786    0.227730    0.000010    1.681956    0.979754
      IgrBrlens{all}_rate[51]      0.996380    0.247025    0.000014    1.684529    0.986182
      IgrBrlens{all}_rate[52]      0.993863    0.248326    0.000004    1.697539    0.979953
      IgrBrlens{all}_rate[53]      0.994744    0.249115    0.000002    1.679038    0.984658
      IgrBrlens{all}_rate[54]      0.996668    0.242069    0.000003    1.673494    0.985568
      IgrBrlens{all}_rate[55]      0.993110    0.242910    0.000010    1.702239    0.980238
      IgrBrlens{all}_rate[56]      0.989025    0.261052    0.000013    1.656962    0.975189
      IgrBrlens{all}_rate[57]      0.995145    0.241330    0.000001    1.709751    0.978704
      IgrBrlens{all}_rate[58]      0.991863    0.226512    0.000002    1.714142    0.978656
      IgrBrlens{all}_rate[59]      0.996486    0.240524    0.000009    1.687467    0.985564
      IgrBrlens{all}_rate[60]      0.998412    0.260948    0.000106    1.704494    0.984996
      IgrBrlens{all}_rate[61]      1.004133    0.225551    0.000026    1.718923    0.987594
      IgrBrlens{all}_rate[62]      1.005013    0.244950    0.000017    1.737166    0.984531
      IgrBrlens{all}_rate[63]      1.001851    0.225589    0.000012    1.742919    0.988356
      IgrBrlens{all}_rate[64]      1.000635    0.255817    0.000029    1.735449    0.979782
      IgrBrlens{all}_rate[65]      1.000521    0.227811    0.000126    1.733261    0.984078
      IgrBrlens{all}_rate[66]      0.994994    0.223085    0.000004    1.722684    0.983495
      IgrBrlens{all}_rate[67]      1.007157    0.260858    0.000020    1.724448    0.989254
      IgrBrlens{all}_rate[68]      1.001060    0.242644    0.000006    1.711341    0.987777
      IgrBrlens{all}_rate[69]      1.000441    0.252304    0.000001    1.695201    0.983369
      IgrBrlens{all}_rate[70]      1.000819    0.258761    0.000012    1.695910    0.979556
      IgrBrlens{all}_rate[71]      0.996398    0.230421    0.000050    1.682533    0.986944
      IgrBrlens{all}_rate[72]      1.002350    0.268753    0.000087    1.734064    0.982431
      IgrBrlens{all}_rate[73]      1.001163    0.229638    0.000046    1.740851    0.987203
      IgrBrlens{all}_rate[74]      1.002377    0.251853    0.000017    1.707192    0.983621
      IgrBrlens{all}_rate[75]      1.002753    0.259628    0.000029    1.726979    0.989300
      IgrBrlens{all}_rate[76]      1.001383    0.248034    0.000001    1.726650    0.984461
      IgrBrlens{all}_rate[77]      1.005246    0.259819    0.000019    1.717907    0.981951
      IgrBrlens{all}_rate[78]      1.009410    0.270059    0.000010    1.724754    0.989325
      IgrBrlens{all}_rate[79]      1.002492    0.257201    0.000021    1.749489    0.986408
      IgrBrlens{all}_rate[80]      0.999528    0.239440    0.001127    1.690131    0.984352
      IgrBrlens{all}_rate[81]      1.008053    0.248763    0.000003    1.759671    0.989068
      IgrBrlens{all}_rate[82]      0.991127    0.239103    0.000003    1.674057    0.983603
      ------------------------------------------------------------------------------------




      Clade credibility values:

      Subtree rooted at node 53:

                                                     /----------- Abdobalistum_th~ (4)
                                                     |                                
                                                /-100+     /----- Nursallia_veron~ (5)
                                                |    \-100-+                          
                                           /-100+          \----- Paranursallia_g~ (6)
                                           |    |                                     
                                      /-100+    \---------------- Pycnodus_apodus (7)
                                      |    |                                          
                                /-100-+    \--------------------- Palaeobalistum~ (39)
                                |     |                                               
                                |     \-------------------------- Oropycnodus_pon~ (8)
                           /-100+                                                     
                           |    |                          /----- Sylvienodus_la~ (10)
                           |    \------------100-----------+                          
                      /-100+                               \----- Polazzodus_cor~ (11)
                      |    |                                                          
                      |    \------------------------------------- Coelodus_saturn~ (9)
                 /-100+                                                               
                 |    |                                    /----- Scalacurvichth~ (12)
                 |    \-----------------100----------------+                          
           /-100-+                                         \----- Iemanja_palma (15)
           |     |                                                                    
      --100+     \----------------------------------------------- Akromystax_til~ (26)
           |                                                                          
           \----------------------------------------------------- Stemmatodus_rh~ (16)
                                                                                      
      Subtree rooted at node 64:

                                                           /----- (53)
                           /--------------100--------------+                          
                           |                               \----- Ocloedus_subdi~ (13)
                           |                                                          
                           |               /--------------------- Tepexichthys_a~ (14)
                           |               |                                          
                           |               |               /----- Proscinetes_be~ (18)
                           |               |         /-100-+                          
                      /-100+          /-100+         |     \----- Proscinetes_el~ (19)
                      |    |          |    |    /-100+                                
                      |    |          |    |    |    \----------- Thiollierepycn~ (21)
                      |    |    /-100-+    \-100+                                     
                      |    |    |     |         \---------------- Neoproscinetes~ (20)
                 /-100+    |    |     |                                               
                 |    |    \-100+     \-------------------------- Proscinetes_ra~ (17)
                 |    |         |                                                     
                 |    |         \-------------------------------- Turboscinetes_~ (22)
           /-100-+    |                                                               
           |     |    \------------------------------------------ Turbomesodon_r~ (23)
           |     |                                                                    
      --100+     \----------------------------------------------- Turbomesodon_p~ (25)
           |                                                                          
           \----------------------------------------------------- Turbomesodon_b~ (24)
                                                                                      
      Subtree rooted at node 79:

                                                           /----- (64)
                                                     /-100-+                          
                                                     |     \----- Stenamara_mia (27)
                                                /-100+                                
                                                |    \----------- Macromesodon_m~ (28)
                                                |                                     
                                           /-100+          /----- Brembodus_ride~ (29)
                                           |    |    /-100-+                          
                                           |    |    |     \----- Gibbodon_cenen~ (30)
                                           |    \-100+                                
                                           |         |     /----- Eomesodon_lias~ (31)
                                      /-100+         \-100-+                          
                                      |    |               \----- Eomesodon_hoef~ (32)
                                      |    |                                          
                                      |    |               /----- Apomesodon_gib~ (33)
                                /-100-+    \------100------+                          
                                |     |                    \----- Piranhamesodon~ (34)
                                |     |                                               
                           /-100+     \-------------------------- Arduafrons_pro~ (35)
                           |    |                                                     
                      /-100+    \-------------------------------- Gyrodus_hexago~ (36)
                      |    |                                                          
                      |    \------------------------------------- Micropycnodon_~ (40)
                 /-100+                                                               
                 |    |                                    /----- Mesturus_verru~ (37)
                 |    \-----------------100----------------+                          
           /-100-+                                         \----- Aminiichthys_l~ (38)
           |     |                                                                    
      --100+     \----------------------------------------------- Paramesturus_s~ (41)
           |                                                                          
           \----------------------------------------------------- Valgarzaella_a~ (42)
                                                                                      
      Root part of tree:

      /---------------------------------------------------------- Polypterus_sene~ (2)
      |                                                                               
      |                                      /------------------- Huso_huso (1)
      +                  /--------100--------+                                        
      |                  |                   \------------------- (79)
      \--------100-------+                                                            
                         \--------------------------------------- Pteronisculus_c~ (3)
                                                                                      

      Phylogram (based on median node depths):

                                                                                                                                                                                                                                                                                                                                                                                                                                                                                                                              ------|----------|---------|----------|---------|---------|                     
           250        200       150        100       50         0                     

      [User-defined time units]

      /---------------------------------------------------------- Polypterus_sene~ (2)
      |                                                                               
      |   /------------------------------------------------------ Huso_huso (1)
      |   |                                                                           
      |   |                                 /--------- Abdobalistum_th~ (4)
      |   |                                 |                                         
      |   |                                /+--------- Nursallia_veron~ (5)
      |   |                                ||                                         
      |   |                               /+\- Paranursallia_g~ (6)
      |   |                               ||                                          
      |   |                              /+\---------- Pycnodus_apodus (7)
      |   |                              ||                                           
      |   |                             /+\----------- Palaeobalistum~ (39)
      |   |                             ||                                            
      |   |                             |\--------- Oropycnodus_pon~ (8)
      |   |                           /-+                                             
      |   |                           | |  /- Sylvienodus_la~ (10)
      |   |                           | \--+                                          
      |   |                          /+    \--- Polazzodus_cor~ (11)
      |   |                          ||                                               
      |   |                          |\------- Coelodus_saturn~ (9)
      |   |                        /-+                                                
      |   |                        | | /----- Scalacurvichth~ (12)
      |   |                        | \-+                                              
      |   |                      /-+   \- Iemanja_palma (15)
      |   |                      | |                                                  
      |   |                    /-+ \--------- Akromystax_til~ (26)
      |   |                    | |                                                    
      |   |                 /--+ \----- Stemmatodus_rh~ (16)
      |   |                 |  |                                                      
      |   |                 |  \------- Ocloedus_subdi~ (13)
      +   |                 |                                                         
      |   |                 |  /----------- Tepexichthys_a~ (14)
      |   |                 |  |                                                      
      |   |                 |  | / Proscinetes_be~ (18)
      |   |                /+  |/+                                                    
      |   |                || /+|\ Proscinetes_el~ (19)
      |   |                || |||                                                     
      |   |                || ||| Thiollierepycn~ (21)
      |   |                ||/+\+                                                     
      |  /+                |||| \-------- Neoproscinetes~ (20)
      |  ||               /+|||                                                       
      |  ||               ||\+\-------- Proscinetes_ra~ (17)
      |  ||               || |                                                        
      |  ||               || \--- Turboscinetes_~ (22)
      |  ||             /-+|                                                          
      |  ||             | |\------ Turbomesodon_r~ (23)
      |  ||             | |                                                           
      |  ||           /-+ \------------ Turbomesodon_p~ (25)
      |  ||           | |                                                             
      |  ||         /-+ \---------------- Turbomesodon_b~ (24)
      |  ||         | |                                                               
      |  ||       /-+ \---------------- Stenamara_mia (27)
      |  ||       | |                                                                 
      |  ||       | \--------------- Macromesodon_m~ (28)
      |  ||       |                                                                   
      |  ||      /+/ Brembodus_ride~ (29)
      |  ||      ||+                                                                  
      |  ||      ||\ Gibbodon_cenen~ (30)
      |  ||      ||                                                                   
      |  ||      ||/---- Eomesodon_lias~ (31)
      \--+|     /+\+                                                                  
         ||     || \ Eomesodon_hoef~ (32)
         ||     ||                                                                    
         ||     ||            /--- Apomesodon_gib~ (33)
         ||     |\------------+                                                       
         ||     |             \--- Piranhamesodon~ (34)
         ||     |                                                                     
         ||    /+----------------- Arduafrons_pro~ (35)
         ||    ||                                                                     
         ||   /+\----------------- Gyrodus_hexago~ (36)
         ||   ||                                                                      
         ||   |\----------------------------- Micropycnodon_~ (40)
         ||  /+                                                                       
         ||  ||            /------ Mesturus_verru~ (37)
         ||  |\------------+                                                          
         || /+             \--- Aminiichthys_l~ (38)
         || ||                                                                        
         |\-+\-------------------------- Paramesturus_s~ (41)
         |  |                                                                         
         |  \------ Valgarzaella_a~ (42)
         |                                                                            
         \-- Pteronisculus_c~ (3)
                                                                                      
      ------|----------|---------|----------|---------|---------|                     
           250        200       150        100       50         0                     

      [User-defined time units]

      Calculating tree probabilities...

      Credible sets of trees (1 tree sampled):
         99 % credible set contains 1 tree

      Plotting parameters in file alignment_and_tree.nex.p ...
      Found 10000 parameter lines in file "alignment_and_tree.nex.p"
      Of the 10000 lines, 9001 of them will be summarized (starting at line 1002)
      (Only the last set of lines will be read, in case multiple
      parameter blocks are present in the same file.)
      Did not find any parameters matching "lnL" to plot
      Summarizing parameters in file alignment_and_tree.nex.p
      Writing summary statistics to file alignment_and_tree.nex.pstat
      Using relative burnin ('relburnin=yes'), discarding the first 10 % of samples

      Below is a rough plot of the generation (x-axis) versus the log   
      probability of observing the data (y-axis). You can use this      
      graph to determine what the burn in for your analysis should be.  
      When the log probability starts to plateau you may be at station- 
      arity. Sample trees and parameters after the log probability      
      plateaus. Of course, this is not a guarantee that you are at sta- 
      analysis should be. When the log probability starts to plateau    
      tionarity. When possible, run multiple analyses starting from dif-
      ferent random trees; if the inferences you make for independent   
      analyses are the same, this is reasonable evidence that the chains
      have converged. You can use MrBayes to run several independent    
      analyses simultaneously. During such a run, MrBayes will monitor  
      the convergence of topologies. After the run has been completed,  
      the 'sumt' and 'sump' functions will provide additional conver-   
      gence diagnostics for all the parameters in your model. Remember  
      that the burn in is the number of samples to discard. There are   
      a total of ngen / samplefreq samples taken during a MCMC analysis.

   +------------------------------------------------------------+ 0.000
   |                                                            |
   |                                                            |
   |                                                            |
   |                                                            |
   |                                                            |
   |                                                            |
   |                                                            |
   |                                                            |
   |                                                            |
   |                                                            |
   |                                                            |
   |                                                            |
   |                                                            |
   |                                                            |
   |************************************************************|
   +------+-----+-----+-----+-----+-----+-----+-----+-----+-----+ 0.000
   ^                                                            ^
   1000000                                                     10000000

      Overwriting file "alignment_and_tree.nex.lstat"

      Estimated marginal likelihoods for run sampled in file "alignment_and_tree.nex.p":
         (Use the harmonic mean for Bayes factor comparisons of models)
         (Values are saved to the file alignment_and_tree.nex.lstat)

      Arithmetic mean   Harmonic mean
      --------------------------------
             0.00            -0.00
      --------------------------------


      Model parameter summaries for run sampled in file "alignment_and_tree.nex":
         Based on a total of 9001 samples out of a total of 10001 samples
            from this analysis.
         Parameter summaries saved to file "alignment_and_tree.nex.pstat".
      Overwriting file "alignment_and_tree.nex.pstat"

                                                              95% HPD Interval
                                                            --------------------
      Parameter                       Mean      Variance     Lower       Upper       Median     ESS*
      -------------------------------------------------------------------------------------------------
      TH{all}                      54.687463  2917.848127    0.001193  164.395000   37.867710   9001.00
      TL{all}                     466.519137  212750.074662    0.009779  1396.033000  324.193400   9001.00
      pr_fossil_ancestor{all}       0.107749    0.004986    0.000000    0.225000    0.100000     42.85
      net_speciation{all}           0.005231    0.000006    0.000879    0.010045    0.004968   1441.53
      relative_extinction{all}      0.936360    0.002102    0.845834    0.997000    0.947884    168.76
      relative_fossilization{all}   0.042009    0.001512    0.000702    0.121497    0.029826    103.06
      igrvar{all}                   0.248673    0.196599    0.000370    1.186853    0.060087     84.71
      clockrate{all}                0.197508    0.037776    0.000005    0.587678    0.137235   9001.00
      -------------------------------------------------------------------------------------------------
      * Convergence diagnostic (ESS = Estimated Sample Size); ESS value 
        below 100 may indicate that the parameter is undersampled. 


