      Logging screen output to file "mcmc_sampling.log"

      Executing file "alignment_and_tree.nex"...

   UNIX line termination
   Longest line length = 1296
   Parsing file
   Expecting NEXUS formatted file
   Reading data block
      Allocated taxon set
      Allocated matrix
      Defining new matrix with 42 taxa and 106 characters
      Data is Standard
      Gaps coded as -
      Missing data coded as ?
      WARNING: MrBayes does not support 'symbols' specification; default symbols assumed
      Taxon  1 -> Huso_huso
      Taxon  2 -> Polypterus_senegalus
      Taxon  3 -> Pteronisculus_cicatrosus
      Taxon  4 -> Abdobalistum_thyrus
      Taxon  5 -> Nursallia_veronae
      Taxon  6 -> Paranursallia_gutturosum
      Taxon  7 -> Pycnodus_apodus
      Taxon  8 -> Oropycnodus_ponsorti
      Taxon  9 -> Coelodus_saturnus
      Taxon 10 -> Sylvienodus_laveirensis
      Taxon 11 -> Polazzodus_coronatus
      Taxon 12 -> Scalacurvichthys_naishi
      Taxon 13 -> Ocloedus_subdiscus
      Taxon 14 -> Tepexichthys_aranguthyorum
      Taxon 15 -> Iemanja_palma
      Taxon 16 -> Stemmatodus_rhombus
      Taxon 17 -> Proscinetes_radiatus
      Taxon 18 -> Proscinetes_bernardi
      Taxon 19 -> Proscinetes_elegans
      Taxon 20 -> Neoproscinetes_penalvai
      Taxon 21 -> Thiollierepycnodus_wagneri
      Taxon 22 -> Turboscinetes_egertoni
      Taxon 23 -> Turbomesodon_relegans
      Taxon 24 -> Turbomesodon_bernissartensis
      Taxon 25 -> Turbomesodon_praeclarus
      Taxon 26 -> Akromystax_tilmachiton
      Taxon 27 -> Stenamara_mia
      Taxon 28 -> Macromesodon_macropterus
      Taxon 29 -> Brembodus_ridens
      Taxon 30 -> Gibbodon_cenensis
      Taxon 31 -> Eomesodon_liassicus
      Taxon 32 -> Eomesodon_hoeferi
      Taxon 33 -> Apomesodon_gibbosus
      Taxon 34 -> Piranhamesodon_pinnatomus
      Taxon 35 -> Arduafrons_prominoris
      Taxon 36 -> Gyrodus_hexagonus
      Taxon 37 -> Mesturus_verrucosus
      Taxon 38 -> Mesturus_leedsi
      Taxon 39 -> Palaeobalistum_orbiculatum
      Taxon 40 -> Micropycnodon_kansasensis
      Taxon 41 -> Paramesturus_stuehmeri
      Taxon 42 -> Valgarzaella_antiquissima
      Successfully read matrix
      Setting default partition (does not divide up characters)
      Setting model defaults
      Seed (for generating default start values) = 1788245291
      Setting output file names to "alignment_and_tree.nex.run<i>.<p|t>"
   Exiting data block
   Reading trees block
      Successfully read tree 'tree1'
   Exiting trees block
   Reached end of file

   Returning execution to calling file ...

      Setting autoclose to yes
      Showing taxon status:

        Number of taxa        = 42 (all of which are included)
        Number of constraints = 0

        Taxon                                 Inclusion   
      -------------------------------------------------
    ->   1 (Huso_huso)                     -- Included    
         2 (Polypterus_senegalus)          -- Included    
         3 (Pteronisculus_cicatrosus)      -- Included    
         4 (Abdobalistum_thyrus)           -- Included    
         5 (Nursallia_veronae)             -- Included    
         6 (Paranursallia_gutturosum)      -- Included    
         7 (Pycnodus_apodus)               -- Included    
         8 (Oropycnodus_ponsorti)          -- Included    
         9 (Coelodus_saturnus)             -- Included    
        10 (Sylvienodus_laveirensis)       -- Included    
        11 (Polazzodus_coronatus)          -- Included    
        12 (Scalacurvichthys_naishi)       -- Included    
        13 (Ocloedus_subdiscus)            -- Included    
        14 (Tepexichthys_aranguthyorum)    -- Included    
        15 (Iemanja_palma)                 -- Included    
        16 (Stemmatodus_rhombus)           -- Included    
        17 (Proscinetes_radiatus)          -- Included    
        18 (Proscinetes_bernardi)          -- Included    
        19 (Proscinetes_elegans)           -- Included    
        20 (Neoproscinetes_penalvai)       -- Included    
        21 (Thiollierepycnodus_wagneri)    -- Included    
        22 (Turboscinetes_egertoni)        -- Included    
        23 (Turbomesodon_relegans)         -- Included    
        24 (Turbomesodon_bernissartensis)  -- Included    
        25 (Turbomesodon_praeclarus)       -- Included    
        26 (Akromystax_tilmachiton)        -- Included    
        27 (Stenamara_mia)                 -- Included    
        28 (Macromesodon_macropterus)      -- Included    
        29 (Brembodus_ridens)              -- Included    
        30 (Gibbodon_cenensis)             -- Included    
        31 (Eomesodon_liassicus)           -- Included    
        32 (Eomesodon_hoeferi)             -- Included    
        33 (Apomesodon_gibbosus)           -- Included    
        34 (Piranhamesodon_pinnatomus)     -- Included    
        35 (Arduafrons_prominoris)         -- Included    
        36 (Gyrodus_hexagonus)             -- Included    
        37 (Mesturus_verrucosus)           -- Included    
        38 (Mesturus_leedsi)               -- Included    
        39 (Palaeobalistum_orbiculatum)    -- Included    
        40 (Micropycnodon_kansasensis)     -- Included    
        41 (Paramesturus_stuehmeri)        -- Included    
        42 (Valgarzaella_antiquissima)     -- Included    

      '.' indicate that the taxon is not present in the constraint. 
      '*' indicate that the taxon is present in the 'hard' constraint. 
      '+' indicate that the taxon is present in the first group of 'partial' constraint. 
      '-' indicate that the taxon is present in the second group of 'partial' constraint. 
      '#' indicate that the taxon is present in the 'negative' constraint. 
      Arrow indicates current outgroup. 
      Enabling Coding Variable
      Successfully set likelihood model parameters
      Setting age of taxon 'Abdobalistum_thyrus' to Uniform(48.07,56.00)
      Setting age of taxon 'Akromystax_tilmachiton' to Uniform(93.90,100.50)
      Setting age of taxon 'Apomesodon_gibbosus' to Uniform(145.06,149.20)
      Setting age of taxon 'Arduafrons_prominoris' to Uniform(145.06,149.20)
      Setting age of taxon 'Brembodus_ridens' to Uniform(211.18,215.38)
      Setting age of taxon 'Coelodus_saturnus' to Uniform(83.60,100.50)
      Setting age of taxon 'Eomesodon_hoeferi' to Uniform(211.18,215.38)
      Setting age of taxon 'Eomesodon_liassicus' to Uniform(192.90,201.40)
      Setting age of taxon 'Gibbodon_cenensis' to Uniform(211.18,215.38)
      Setting age of taxon 'Gyrodus_hexagonus' to Uniform(145.06,149.20)
      Setting age of taxon 'Iemanja_palma' to Uniform(113.20,119.57)
      Setting age of taxon 'Valgarzaella_antiquissima' to Uniform(215.38,227.30)
      Setting age of taxon 'Macromesodon_macropterus' to Uniform(137.05,143.10)
      Setting age of taxon 'Mesturus_leedsi' to Uniform(159.00,165.30)
      Setting age of taxon 'Mesturus_verrucosus' to Uniform(145.06,149.20)
      Setting age of taxon 'Micropycnodon_kansasensis' to Uniform(85.70,100.50)
      Setting age of taxon 'Neoproscinetes_penalvai' to Uniform(110.10,121.40)
      Setting age of taxon 'Nursallia_veronae' to Uniform(48.07,56.00)
      Setting age of taxon 'Ocloedus_subdiscus' to Uniform(121.40,125.77)
      Setting age of taxon 'Oropycnodus_ponsorti' to Uniform(66.00,72.20)
      Setting age of taxon 'Palaeobalistum_orbiculatum' to Uniform(48.07,56.00)
      Setting age of taxon 'Paramesturus_stuehmeri' to Uniform(119.57,121.40)
      Setting age of taxon 'Paranursallia_gutturosum' to Uniform(89.80,100.50)
      Setting age of taxon 'Piranhamesodon_pinnatomus' to Uniform(145.06,152.21)
      Setting age of taxon 'Polazzodus_coronatus' to Uniform(83.60,89.80)
      Setting age of taxon 'Proscinetes_bernardi' to Uniform(100.50,152.21)
      Setting age of taxon 'Proscinetes_elegans' to Uniform(145.06,149.20)
      Setting age of taxon 'Proscinetes_radiatus' to Uniform(119.57,125.77)
      Setting age of taxon 'Pteronisculus_cicatrosus' to Uniform(250.80,251.10)
      Setting age of taxon 'Pycnodus_apodus' to Uniform(48.07,56.00)
      Setting age of taxon 'Scalacurvichthys_naishi' to Uniform(93.90,100.50)
      Setting age of taxon 'Stemmatodus_rhombus' to Uniform(121.40,125.77)
      Setting age of taxon 'Stenamara_mia' to Uniform(121.40,125.77)
      Setting age of taxon 'Sylvienodus_laveirensis' to Uniform(93.90,100.50)
      Setting age of taxon 'Tepexichthys_aranguthyorum' to Uniform(100.50,110.10)
      Setting age of taxon 'Thiollierepycnodus_wagneri' to Uniform(149.20,152.21)
      Setting age of taxon 'Turbomesodon_bernissartensis' to Uniform(100.50,125.77)
      Setting age of taxon 'Turbomesodon_praeclarus' to Uniform(121.40,125.77)
      Setting age of taxon 'Turbomesodon_relegans' to Uniform(145.06,149.20)
      Setting age of taxon 'Turboscinetes_egertoni' to Uniform(149.20,152.21)
      Setting Brlenspr to Clock:Fossilization
      Setting Topologypr to Fixed
      Setting Treeagepr to Uniform(252.00,299.00)
      Setting Sampleprob to 0.05000000
      Setting SampleStrat to Random
      Setting Nodeagepr to Calibrated
      Setting Speciationpr to Uniform(0.00,10.00)
      Setting Extinctionpr to Beta(1.00,1.00)
      Setting Fossilizationpr to Beta(1.00,1.00)
      Successfully set prior model parameters
      Setting Clockvarpr to IGR
      Setting IGRvarpr to Exponential(2.00)
      Setting Clockratepr to Exponential(5.00)
      Successfully set prior model parameters
      Model settings:

         Data not partitioned --
            Datatype  = Standard
            Coding    = Variable
            # States  = Variable, up to 24
                        State frequencies are fixed to be equal
            Rates     = Equal

      Active parameters: 

         Parameters
         ---------------------
         Statefreq           1
         Ratemultiplier      2
         Topology            3
         Brlens              4
         Speciationrate      5
         Extinctionrate      6
         Fossilizationrate   7
         IGRvar              8
         IGRbranchrates      9
         Clockrate          10
         ---------------------

         1 --  Parameter  = Alpha_symdir
               Type       = Symmetric diricihlet distribution alpha_i parameter
               Prior      = Symmetric dirichlet with all parameters fixed to infinity

         2 --  Parameter  = Ratemultiplier
               Type       = Partition-specific rate multiplier
               Prior      = Fixed(1.0)

         3 --  Parameter  = Tau
               Type       = Topology
               Prior      = Prior is fixed to the topology of user tree 'tree1'
               Subparam.  = V

         4 --  Parameter  = V
               Type       = Branch lengths
               Prior      = Clock:Fossilization
                            Node depths are constrained by the following age constraints:
                            -- The age of terminal "Pteronisculus_cicatrosus" is Uniform(250.80,251.10)
                            -- The age of terminal "Abdobalistum_thyrus" is Uniform(48.07,56.00)
                            -- The age of terminal "Nursallia_veronae" is Uniform(48.07,56.00)
                            -- The age of terminal "Paranursallia_gutturosum" is Uniform(89.80,100.50)
                            -- The age of terminal "Pycnodus_apodus" is Uniform(48.07,56.00)
                            -- The age of terminal "Oropycnodus_ponsorti" is Uniform(66.00,72.20)
                            -- The age of terminal "Coelodus_saturnus" is Uniform(83.60,100.50)
                            -- The age of terminal "Sylvienodus_laveirensis" is Uniform(93.90,100.50)
                            -- The age of terminal "Polazzodus_coronatus" is Uniform(83.60,89.80)
                            -- The age of terminal "Scalacurvichthys_naishi" is Uniform(93.90,100.50)
                            -- The age of terminal "Ocloedus_subdiscus" is Uniform(121.40,125.77)
                            -- The age of terminal "Tepexichthys_aranguthyorum" is Uniform(100.50,110.10)
                            -- The age of terminal "Iemanja_palma" is Uniform(113.20,119.57)
                            -- The age of terminal "Stemmatodus_rhombus" is Uniform(121.40,125.77)
                            -- The age of terminal "Proscinetes_radiatus" is Uniform(119.57,125.77)
                            -- The age of terminal "Proscinetes_bernardi" is Uniform(100.50,152.21)
                            -- The age of terminal "Proscinetes_elegans" is Uniform(145.06,149.20)
                            -- The age of terminal "Neoproscinetes_penalvai" is Uniform(110.10,121.40)
                            -- The age of terminal "Thiollierepycnodus_wagneri" is Uniform(149.20,152.21)
                            -- The age of terminal "Turboscinetes_egertoni" is Uniform(149.20,152.21)
                            -- The age of terminal "Turbomesodon_relegans" is Uniform(145.06,149.20)
                            -- The age of terminal "Turbomesodon_bernissartensis" is Uniform(100.50,125.77)
                            -- The age of terminal "Turbomesodon_praeclarus" is Uniform(121.40,125.77)
                            -- The age of terminal "Akromystax_tilmachiton" is Uniform(93.90,100.50)
                            -- The age of terminal "Stenamara_mia" is Uniform(121.40,125.77)
                            -- The age of terminal "Macromesodon_macropterus" is Uniform(137.05,143.10)
                            -- The age of terminal "Brembodus_ridens" is Uniform(211.18,215.38)
                            -- The age of terminal "Gibbodon_cenensis" is Uniform(211.18,215.38)
                            -- The age of terminal "Eomesodon_liassicus" is Uniform(192.90,201.40)
                            -- The age of terminal "Eomesodon_hoeferi" is Uniform(211.18,215.38)
                            -- The age of terminal "Apomesodon_gibbosus" is Uniform(145.06,149.20)
                            -- The age of terminal "Piranhamesodon_pinnatomus" is Uniform(145.06,152.21)
                            -- The age of terminal "Arduafrons_prominoris" is Uniform(145.06,149.20)
                            -- The age of terminal "Gyrodus_hexagonus" is Uniform(145.06,149.20)
                            -- The age of terminal "Mesturus_verrucosus" is Uniform(145.06,149.20)
                            -- The age of terminal "Mesturus_leedsi" is Uniform(159.00,165.30)
                            -- The age of terminal "Palaeobalistum_orbiculatum" is Uniform(48.07,56.00)
                            -- The age of terminal "Micropycnodon_kansasensis" is Uniform(85.70,100.50)
                            -- The age of terminal "Paramesturus_stuehmeri" is Uniform(119.57,121.40)
                            -- The age of terminal "Valgarzaella_antiquissima" is Uniform(215.38,227.30)
                            -- Tree age has a Uniform(252.00,299.00) distribution
               Subparam.  = IgrBrlens

         5 --  Parameter  = Net_speciation
               Type       = Speciation rate
               Prior      = Uniform(0.00,10.00)

         6 --  Parameter  = Relative_extinction
               Type       = Extinction rate
               Prior      = Beta(1.00,1.00)

         7 --  Parameter  = Relative_fossilization
               Type       = Fossilization rate
               Prior      = Beta(1.00,1.00)

         8 --  Parameter  = IGRvar
               Type       = Variance of IGR model branch rates
               Prior      = Exponential(2.00)
               Subparam.  = IgrBrlens

         9 --  Parameter  = IgrBrlens
               Type       = Branch lengths of IGR relaxed clock
               Prior      = Gamma (expectation = 1.0, variance = IGRvar) 

        10 --  Parameter  = Clockrate
               Type       = Base rate of clock
               Prior      = Exponential(5.00)
                            The clock rate varies according to an independent gamma model

      Running with data (standard analysis)
      Setting number of runs to 1
      Setting heating parameter to 0.010000
      Setting number of generations to 10000000
      Setting number of chains to 8
      Setting sample frequency to 1000
      Setting print frequency to 10000
      Setting chain output file names to "alignment_and_tree.nex.<p/t>"
      Successfully set chain parameters
      Running Markov chain
      MCMC stamp = 4226584196
      Seed = 568092870
      Swapseed = 1788245291
      Model settings:

         Data not partitioned --
            Datatype  = Standard
            Coding    = Variable
            # States  = Variable, up to 24
                        State frequencies are fixed to be equal
            Rates     = Equal

      Active parameters: 

         Parameters
         ---------------------
         Statefreq           1
         Ratemultiplier      2
         Topology            3
         Brlens              4
         Speciationrate      5
         Extinctionrate      6
         Fossilizationrate   7
         IGRvar              8
         IGRbranchrates      9
         Clockrate          10
         ---------------------

         1 --  Parameter  = Alpha_symdir
               Type       = Symmetric diricihlet distribution alpha_i parameter
               Prior      = Symmetric dirichlet with all parameters fixed to infinity

         2 --  Parameter  = Ratemultiplier
               Type       = Partition-specific rate multiplier
               Prior      = Fixed(1.0)

         3 --  Parameter  = Tau
               Type       = Topology
               Prior      = Prior is fixed to the topology of user tree 'tree1'
               Subparam.  = V

         4 --  Parameter  = V
               Type       = Branch lengths
               Prior      = Clock:Fossilization
                            Node depths are constrained by the following age constraints:
                            -- The age of terminal "Pteronisculus_cicatrosus" is Uniform(250.80,251.10)
                            -- The age of terminal "Abdobalistum_thyrus" is Uniform(48.07,56.00)
                            -- The age of terminal "Nursallia_veronae" is Uniform(48.07,56.00)
                            -- The age of terminal "Paranursallia_gutturosum" is Uniform(89.80,100.50)
                            -- The age of terminal "Pycnodus_apodus" is Uniform(48.07,56.00)
                            -- The age of terminal "Oropycnodus_ponsorti" is Uniform(66.00,72.20)
                            -- The age of terminal "Coelodus_saturnus" is Uniform(83.60,100.50)
                            -- The age of terminal "Sylvienodus_laveirensis" is Uniform(93.90,100.50)
                            -- The age of terminal "Polazzodus_coronatus" is Uniform(83.60,89.80)
                            -- The age of terminal "Scalacurvichthys_naishi" is Uniform(93.90,100.50)
                            -- The age of terminal "Ocloedus_subdiscus" is Uniform(121.40,125.77)
                            -- The age of terminal "Tepexichthys_aranguthyorum" is Uniform(100.50,110.10)
                            -- The age of terminal "Iemanja_palma" is Uniform(113.20,119.57)
                            -- The age of terminal "Stemmatodus_rhombus" is Uniform(121.40,125.77)
                            -- The age of terminal "Proscinetes_radiatus" is Uniform(119.57,125.77)
                            -- The age of terminal "Proscinetes_bernardi" is Uniform(100.50,152.21)
                            -- The age of terminal "Proscinetes_elegans" is Uniform(145.06,149.20)
                            -- The age of terminal "Neoproscinetes_penalvai" is Uniform(110.10,121.40)
                            -- The age of terminal "Thiollierepycnodus_wagneri" is Uniform(149.20,152.21)
                            -- The age of terminal "Turboscinetes_egertoni" is Uniform(149.20,152.21)
                            -- The age of terminal "Turbomesodon_relegans" is Uniform(145.06,149.20)
                            -- The age of terminal "Turbomesodon_bernissartensis" is Uniform(100.50,125.77)
                            -- The age of terminal "Turbomesodon_praeclarus" is Uniform(121.40,125.77)
                            -- The age of terminal "Akromystax_tilmachiton" is Uniform(93.90,100.50)
                            -- The age of terminal "Stenamara_mia" is Uniform(121.40,125.77)
                            -- The age of terminal "Macromesodon_macropterus" is Uniform(137.05,143.10)
                            -- The age of terminal "Brembodus_ridens" is Uniform(211.18,215.38)
                            -- The age of terminal "Gibbodon_cenensis" is Uniform(211.18,215.38)
                            -- The age of terminal "Eomesodon_liassicus" is Uniform(192.90,201.40)
                            -- The age of terminal "Eomesodon_hoeferi" is Uniform(211.18,215.38)
                            -- The age of terminal "Apomesodon_gibbosus" is Uniform(145.06,149.20)
                            -- The age of terminal "Piranhamesodon_pinnatomus" is Uniform(145.06,152.21)
                            -- The age of terminal "Arduafrons_prominoris" is Uniform(145.06,149.20)
                            -- The age of terminal "Gyrodus_hexagonus" is Uniform(145.06,149.20)
                            -- The age of terminal "Mesturus_verrucosus" is Uniform(145.06,149.20)
                            -- The age of terminal "Mesturus_leedsi" is Uniform(159.00,165.30)
                            -- The age of terminal "Palaeobalistum_orbiculatum" is Uniform(48.07,56.00)
                            -- The age of terminal "Micropycnodon_kansasensis" is Uniform(85.70,100.50)
                            -- The age of terminal "Paramesturus_stuehmeri" is Uniform(119.57,121.40)
                            -- The age of terminal "Valgarzaella_antiquissima" is Uniform(215.38,227.30)
                            -- Tree age has a Uniform(252.00,299.00) distribution
               Subparam.  = IgrBrlens

         5 --  Parameter  = Net_speciation
               Type       = Speciation rate
               Prior      = Uniform(0.00,10.00)

         6 --  Parameter  = Relative_extinction
               Type       = Extinction rate
               Prior      = Beta(1.00,1.00)

         7 --  Parameter  = Relative_fossilization
               Type       = Fossilization rate
               Prior      = Beta(1.00,1.00)

         8 --  Parameter  = IGRvar
               Type       = Variance of IGR model branch rates
               Prior      = Exponential(2.00)
               Subparam.  = IgrBrlens

         9 --  Parameter  = IgrBrlens
               Type       = Branch lengths of IGR relaxed clock
               Prior      = Gamma (expectation = 1.0, variance = IGRvar) 

        10 --  Parameter  = Clockrate
               Type       = Base rate of clock
               Prior      = Exponential(5.00)
                            The clock rate varies according to an independent gamma model


      Number of chains per MPI processor = 1

      The MCMC sampler will use the following moves:
         With prob.  Chain will use move
           10.75 %   AddBranch(V)
           10.75 %   DelBranch(V)
           32.26 %   NodesliderClock(V)
            3.23 %   TreeStretch(V)
            3.23 %   Slider(Net_speciation)
            3.23 %   Slider(Relative_extinction)
            3.23 %   Slider(Relative_fossilization)
            2.15 %   Multiplier(IGRvar)
           26.88 %   Multiplier(IgrBrlens)
            4.30 %   Multiplier(Clockrate)

      Division 1 has 108 unique site patterns
      Initializing conditional likelihoods
      Using standard non-SSE likelihood calculator for division 1 (single-precision)

      Initial log likelihoods and log prior probs:
         Chain 1 -- -4507.283859 -- -1361.730455

      There are 7 more chains on other processor(s)


      Chain results (10000000 generations requested):

         0 -- [-4507.284] (...7 remote chains...) 
      10000 -- (-2927.795) [...7 remote chains...] -- 0:00:00
      20000 -- (-2861.024) [...7 remote chains...] -- 0:08:19
      30000 -- (-2823.322) [...7 remote chains...] -- 0:05:32
      40000 -- [-2788.833] (...7 remote chains...) -- 0:08:18
      50000 -- [-2767.525] (...7 remote chains...) -- 0:06:38
      60000 -- (-2765.208) [...7 remote chains...] -- 0:05:31
      70000 -- (-2738.606) [...7 remote chains...] -- 0:07:05
      80000 -- (-2733.207) [...7 remote chains...] -- 0:06:11
      90000 -- (-2733.342) [...7 remote chains...] -- 0:07:20
      100000 -- (-2741.303) [...7 remote chains...] -- 0:06:36
      110000 -- (-2739.877) [...7 remote chains...] -- 0:07:29
      120000 -- (-2727.063) [...7 remote chains...] -- 0:06:51
      130000 -- (-2720.574) [...7 remote chains...] -- 0:07:35
      140000 -- (-2729.834) [...7 remote chains...] -- 0:07:02
      150000 -- (-2737.618) [...7 remote chains...] -- 0:07:39
      160000 -- [-2740.164] (...7 remote chains...) -- 0:07:10
      170000 -- (-2738.388) [...7 remote chains...] -- 0:06:44
      180000 -- (-2726.960) [...7 remote chains...] -- 0:07:16
      190000 -- (-2733.034) [...7 remote chains...] -- 0:06:53
      200000 -- (-2710.812) [...7 remote chains...] -- 0:07:21
      210000 -- (-2722.149) [...7 remote chains...] -- 0:06:59
      220000 -- (-2721.671) [...7 remote chains...] -- 0:07:24
      230000 -- (-2729.108) [...7 remote chains...] -- 0:07:04
      240000 -- (-2720.004) [...7 remote chains...] -- 0:07:27
      250000 -- (-2718.021) [...7 remote chains...] -- 0:07:09
      260000 -- (-2721.529) [...7 remote chains...] -- 0:06:52
      270000 -- (-2717.899) [...7 remote chains...] -- 0:07:12
      280000 -- (-2717.693) [...7 remote chains...] -- 0:06:56
      290000 -- (-2717.485) [...7 remote chains...] -- 0:07:15
      300000 -- (-2718.356) [...7 remote chains...] -- 0:07:00
      310000 -- (-2721.390) [...7 remote chains...] -- 0:07:17
      320000 -- (-2729.722) [...7 remote chains...] -- 0:07:03
      330000 -- (-2712.783) [...7 remote chains...] -- 0:07:19
      340000 -- (-2723.372) [...7 remote chains...] -- 0:07:06
      350000 -- (-2727.623) [...7 remote chains...] -- 0:06:53
      360000 -- (-2717.722) [...7 remote chains...] -- 0:07:08
      370000 -- (-2724.388) [...7 remote chains...] -- 0:06:56
      380000 -- (-2734.744) [...7 remote chains...] -- 0:07:10
      390000 -- (-2713.419) [...7 remote chains...] -- 0:06:58
      400000 -- [-2736.369] (...7 remote chains...) -- 0:07:12
      410000 -- (-2724.819) [...7 remote chains...] -- 0:07:01
      420000 -- (-2717.045) [...7 remote chains...] -- 0:06:50
      430000 -- (-2718.019) [...7 remote chains...] -- 0:07:02
      440000 -- (-2727.744) [...7 remote chains...] -- 0:06:52
      450000 -- (-2717.516) [...7 remote chains...] -- 0:07:04
      460000 -- (-2714.828) [...7 remote chains...] -- 0:06:54
      470000 -- (-2727.143) [...7 remote chains...] -- 0:07:05
      480000 -- (-2715.612) [...7 remote chains...] -- 0:06:56
      490000 -- [-2731.649] (...7 remote chains...) -- 0:07:06
      500000 -- (-2717.878) [...7 remote chains...] -- 0:06:58
      510000 -- (-2721.818) [...7 remote chains...] -- 0:06:49
      520000 -- (-2733.240) [...7 remote chains...] -- 0:06:59
      530000 -- (-2711.929) [...7 remote chains...] -- 0:06:50
      540000 -- (-2724.909) [...7 remote chains...] -- 0:07:00
      550000 -- (-2715.080) [...7 remote chains...] -- 0:06:52
      560000 -- (-2722.774) [...7 remote chains...] -- 0:07:01
      570000 -- (-2710.638) [...7 remote chains...] -- 0:06:53
      580000 -- (-2722.030) [...7 remote chains...] -- 0:06:46
      590000 -- (-2715.954) [...7 remote chains...] -- 0:06:54
      600000 -- (-2724.074) [...7 remote chains...] -- 0:06:47
      610000 -- (-2720.243) [...7 remote chains...] -- 0:06:55
      620000 -- (-2727.802) [...7 remote chains...] -- 0:06:48
      630000 -- (-2724.845) [...7 remote chains...] -- 0:06:56
      640000 -- (-2735.971) [...7 remote chains...] -- 0:06:49
      650000 -- (-2712.457) [...7 remote chains...] -- 0:06:57
      660000 -- [-2726.252] (...7 remote chains...) -- 0:06:50
      670000 -- (-2725.021) [...7 remote chains...] -- 0:06:43
      680000 -- [-2720.562] (...7 remote chains...) -- 0:06:51
      690000 -- (-2732.227) [...7 remote chains...] -- 0:06:44
      700000 -- (-2724.198) [...7 remote chains...] -- 0:06:51
      710000 -- (-2729.271) [...7 remote chains...] -- 0:06:45
      720000 -- (-2718.556) [...7 remote chains...] -- 0:06:52
      730000 -- [-2715.585] (...7 remote chains...) -- 0:06:46
      740000 -- (-2724.059) [...7 remote chains...] -- 0:06:40
      750000 -- [-2722.087] (...7 remote chains...) -- 0:06:47
      760000 -- [-2729.453] (...7 remote chains...) -- 0:06:41
      770000 -- (-2723.539) [...7 remote chains...] -- 0:06:47
      780000 -- (-2729.584) [...7 remote chains...] -- 0:06:41
      790000 -- (-2718.904) [...7 remote chains...] -- 0:06:48
      800000 -- (-2728.276) [...7 remote chains...] -- 0:06:42
      810000 -- (-2720.288) [...7 remote chains...] -- 0:06:48
      820000 -- (-2722.009) [...7 remote chains...] -- 0:06:43
      830000 -- (-2723.343) [...7 remote chains...] -- 0:06:37
      840000 -- (-2719.657) [...7 remote chains...] -- 0:06:43
      850000 -- (-2717.240) [...7 remote chains...] -- 0:06:38
      860000 -- (-2720.584) [...7 remote chains...] -- 0:06:43
      870000 -- (-2726.927) [...7 remote chains...] -- 0:06:38
      880000 -- (-2718.947) [...7 remote chains...] -- 0:06:44
      890000 -- (-2722.279) [...7 remote chains...] -- 0:06:39
      900000 -- (-2714.452) [...7 remote chains...] -- 0:06:44
      910000 -- (-2720.027) [...7 remote chains...] -- 0:06:39
      920000 -- (-2720.846) [...7 remote chains...] -- 0:06:34
      930000 -- (-2727.480) [...7 remote chains...] -- 0:06:39
      940000 -- (-2731.343) [...7 remote chains...] -- 0:06:35
      950000 -- (-2717.345) [...7 remote chains...] -- 0:06:40
      960000 -- (-2715.083) [...7 remote chains...] -- 0:06:35
      970000 -- (-2707.788) [...7 remote chains...] -- 0:06:40
      980000 -- [-2711.460] (...7 remote chains...) -- 0:06:35
      990000 -- (-2721.483) [...7 remote chains...] -- 0:06:31
      1000000 -- (-2719.363) [...7 remote chains...] -- 0:06:36
      1010000 -- (-2716.325) [...7 remote chains...] -- 0:06:31
      1020000 -- (-2730.374) [...7 remote chains...] -- 0:06:36
      1030000 -- (-2741.948) [...7 remote chains...] -- 0:06:31
      1040000 -- (-2716.598) [...7 remote chains...] -- 0:06:36
      1050000 -- (-2724.374) [...7 remote chains...] -- 0:06:32
      1060000 -- (-2728.036) [...7 remote chains...] -- 0:06:36
      1070000 -- (-2730.099) [...7 remote chains...] -- 0:06:32
      1080000 -- (-2724.409) [...7 remote chains...] -- 0:06:28
      1090000 -- (-2711.633) [...7 remote chains...] -- 0:06:32
      1100000 -- (-2716.025) [...7 remote chains...] -- 0:06:28
      1110000 -- (-2729.854) [...7 remote chains...] -- 0:06:32
      1120000 -- [-2727.801] (...7 remote chains...) -- 0:06:28
      1130000 -- (-2728.739) [...7 remote chains...] -- 0:06:32
      1140000 -- [-2716.371] (...7 remote chains...) -- 0:06:28
      1150000 -- [-2722.684] (...7 remote chains...) -- 0:06:24
      1160000 -- (-2721.064) [...7 remote chains...] -- 0:06:28
      1170000 -- (-2723.978) [...7 remote chains...] -- 0:06:24
      1180000 -- (-2714.339) [...7 remote chains...] -- 0:06:28
      1190000 -- (-2721.506) [...7 remote chains...] -- 0:06:24
      1200000 -- [-2725.728] (...7 remote chains...) -- 0:06:28
      1210000 -- [-2715.713] (...7 remote chains...) -- 0:06:25
      1220000 -- [-2717.619] (...7 remote chains...) -- 0:06:28
      1230000 -- (-2727.373) [...7 remote chains...] -- 0:06:25
      1240000 -- [-2721.791] (...7 remote chains...) -- 0:06:21
      1250000 -- (-2720.887) [...7 remote chains...] -- 0:06:25
      1260000 -- (-2723.576) [...7 remote chains...] -- 0:06:21
      1270000 -- [-2729.968] (...7 remote chains...) -- 0:06:24
      1280000 -- (-2718.421) [...7 remote chains...] -- 0:06:21
      1290000 -- (-2719.054) [...7 remote chains...] -- 0:06:24
      1300000 -- [-2733.393] (...7 remote chains...) -- 0:06:21
      1310000 -- [-2736.960] (...7 remote chains...) -- 0:06:18
      1320000 -- (-2719.074) [...7 remote chains...] -- 0:06:21
      1330000 -- (-2723.710) [...7 remote chains...] -- 0:06:18
      1340000 -- (-2718.831) [...7 remote chains...] -- 0:06:21
      1350000 -- (-2722.274) [...7 remote chains...] -- 0:06:18
      1360000 -- [-2717.837] (...7 remote chains...) -- 0:06:21
      1370000 -- (-2715.679) [...7 remote chains...] -- 0:06:17
      1380000 -- (-2728.068) [...7 remote chains...] -- 0:06:21
      1390000 -- (-2729.065) [...7 remote chains...] -- 0:06:17
      1400000 -- (-2724.399) [...7 remote chains...] -- 0:06:14
      1410000 -- (-2742.122) [...7 remote chains...] -- 0:06:17
      1420000 -- (-2715.767) [...7 remote chains...] -- 0:06:14
      1430000 -- (-2716.212) [...7 remote chains...] -- 0:06:17
      1440000 -- [-2719.474] (...7 remote chains...) -- 0:06:14
      1450000 -- (-2727.778) [...7 remote chains...] -- 0:06:17
      1460000 -- (-2716.322) [...7 remote chains...] -- 0:06:14
      1470000 -- (-2721.000) [...7 remote chains...] -- 0:06:17
      1480000 -- (-2722.062) [...7 remote chains...] -- 0:06:14
      1490000 -- (-2722.412) [...7 remote chains...] -- 0:06:11
      1500000 -- (-2734.727) [...7 remote chains...] -- 0:06:14
      1510000 -- (-2718.307) [...7 remote chains...] -- 0:06:11
      1520000 -- (-2718.100) [...7 remote chains...] -- 0:06:13
      1530000 -- (-2706.801) [...7 remote chains...] -- 0:06:10
      1540000 -- (-2726.496) [...7 remote chains...] -- 0:06:13
      1550000 -- (-2704.233) [...7 remote chains...] -- 0:06:10
      1560000 -- (-2718.853) [...7 remote chains...] -- 0:06:13
      1570000 -- (-2723.536) [...7 remote chains...] -- 0:06:10
      1580000 -- (-2718.739) [...7 remote chains...] -- 0:06:07
      1590000 -- (-2727.388) [...7 remote chains...] -- 0:06:10
      1600000 -- (-2724.075) [...7 remote chains...] -- 0:06:07
      1610000 -- (-2714.081) [...7 remote chains...] -- 0:06:09
      1620000 -- (-2714.973) [...7 remote chains...] -- 0:06:07
      1630000 -- (-2717.584) [...7 remote chains...] -- 0:06:09
      1640000 -- (-2729.080) [...7 remote chains...] -- 0:06:07
      1650000 -- (-2727.243) [...7 remote chains...] -- 0:06:04
      1660000 -- (-2717.899) [...7 remote chains...] -- 0:06:06
      1670000 -- (-2723.599) [...7 remote chains...] -- 0:06:04
      1680000 -- (-2713.279) [...7 remote chains...] -- 0:06:06
      1690000 -- (-2714.473) [...7 remote chains...] -- 0:06:03
      1700000 -- (-2713.956) [...7 remote chains...] -- 0:06:06
      1710000 -- (-2726.033) [...7 remote chains...] -- 0:06:03
      1720000 -- (-2722.402) [...7 remote chains...] -- 0:06:05
      1730000 -- (-2717.496) [...7 remote chains...] -- 0:06:03
      1740000 -- (-2720.155) [...7 remote chains...] -- 0:06:00
      1750000 -- [-2711.168] (...7 remote chains...) -- 0:06:03
      1760000 -- (-2733.541) [...7 remote chains...] -- 0:06:00
      1770000 -- [-2727.604] (...7 remote chains...) -- 0:06:02
      1780000 -- (-2720.564) [...7 remote chains...] -- 0:06:00
      1790000 -- (-2720.539) [...7 remote chains...] -- 0:06:02
      1800000 -- (-2714.223) [...7 remote chains...] -- 0:05:59
      1810000 -- (-2722.524) [...7 remote chains...] -- 0:06:01
      1820000 -- (-2729.977) [...7 remote chains...] -- 0:05:59
      1830000 -- (-2717.587) [...7 remote chains...] -- 0:05:57
      1840000 -- (-2725.606) [...7 remote chains...] -- 0:05:59
      1850000 -- (-2720.053) [...7 remote chains...] -- 0:05:56
      1860000 -- (-2723.353) [...7 remote chains...] -- 0:05:58
      1870000 -- (-2735.970) [...7 remote chains...] -- 0:05:56
      1880000 -- (-2720.909) [...7 remote chains...] -- 0:05:58
      1890000 -- (-2730.367) [...7 remote chains...] -- 0:05:56
      1900000 -- (-2722.851) [...7 remote chains...] -- 0:05:58
      1910000 -- [-2729.307] (...7 remote chains...) -- 0:05:55
      1920000 -- (-2721.289) [...7 remote chains...] -- 0:05:53
      1930000 -- (-2714.484) [...7 remote chains...] -- 0:05:55
      1940000 -- (-2723.133) [...7 remote chains...] -- 0:05:53
      1950000 -- (-2718.128) [...7 remote chains...] -- 0:05:55
      1960000 -- (-2721.849) [...7 remote chains...] -- 0:05:52
      1970000 -- (-2708.873) [...7 remote chains...] -- 0:05:54
      1980000 -- (-2720.025) [...7 remote chains...] -- 0:05:52
      1990000 -- [-2731.589] (...7 remote chains...) -- 0:05:54
      2000000 -- (-2725.893) [...7 remote chains...] -- 0:05:52
      2010000 -- (-2720.316) [...7 remote chains...] -- 0:05:49
      2020000 -- (-2727.488) [...7 remote chains...] -- 0:05:51
      2030000 -- (-2722.239) [...7 remote chains...] -- 0:05:49
      2040000 -- [-2719.460] (...7 remote chains...) -- 0:05:51
      2050000 -- [-2716.190] (...7 remote chains...) -- 0:05:49
      2060000 -- (-2723.214) [...7 remote chains...] -- 0:05:50
      2070000 -- (-2721.282) [...7 remote chains...] -- 0:05:48
      2080000 -- [-2720.259] (...7 remote chains...) -- 0:05:50
      2090000 -- (-2718.995) [...7 remote chains...] -- 0:05:48
      2100000 -- (-2724.609) [...7 remote chains...] -- 0:05:46
      2110000 -- (-2734.969) [...7 remote chains...] -- 0:05:47
      2120000 -- (-2717.244) [...7 remote chains...] -- 0:05:45
      2130000 -- (-2726.534) [...7 remote chains...] -- 0:05:47
      2140000 -- (-2714.924) [...7 remote chains...] -- 0:05:45
      2150000 -- (-2722.434) [...7 remote chains...] -- 0:05:46
      2160000 -- (-2711.603) [...7 remote chains...] -- 0:05:44
      2170000 -- (-2723.043) [...7 remote chains...] -- 0:05:42
      2180000 -- (-2723.207) [...7 remote chains...] -- 0:05:44
      2190000 -- (-2717.070) [...7 remote chains...] -- 0:05:42
      2200000 -- (-2718.007) [...7 remote chains...] -- 0:05:43
      2210000 -- [-2717.429] (...7 remote chains...) -- 0:05:41
      2220000 -- (-2720.914) [...7 remote chains...] -- 0:05:43
      2230000 -- (-2721.730) [...7 remote chains...] -- 0:05:41
      2240000 -- (-2731.100) [...7 remote chains...] -- 0:05:42
      2250000 -- [-2726.123] (...7 remote chains...) -- 0:05:41
      2260000 -- (-2712.016) [...7 remote chains...] -- 0:05:39
      2270000 -- [-2723.219] (...7 remote chains...) -- 0:05:40
      2280000 -- (-2711.595) [...7 remote chains...] -- 0:05:38
      2290000 -- (-2722.572) [...7 remote chains...] -- 0:05:40
      2300000 -- [-2720.970] (...7 remote chains...) -- 0:05:38
      2310000 -- (-2721.465) [...7 remote chains...] -- 0:05:39
      2320000 -- (-2721.784) [...7 remote chains...] -- 0:05:37
      2330000 -- (-2722.166) [...7 remote chains...] -- 0:05:39
      2340000 -- (-2728.787) [...7 remote chains...] -- 0:05:37
      2350000 -- (-2720.329) [...7 remote chains...] -- 0:05:35
      2360000 -- (-2713.428) [...7 remote chains...] -- 0:05:36
      2370000 -- (-2722.968) [...7 remote chains...] -- 0:05:34
      2380000 -- (-2714.622) [...7 remote chains...] -- 0:05:36
      2390000 -- (-2727.895) [...7 remote chains...] -- 0:05:34
      2400000 -- (-2722.288) [...7 remote chains...] -- 0:05:35
      2410000 -- (-2725.493) [...7 remote chains...] -- 0:05:33
      2420000 -- [-2721.480] (...7 remote chains...) -- 0:05:35
      2430000 -- (-2731.781) [...7 remote chains...] -- 0:05:33
      2440000 -- (-2727.652) [...7 remote chains...] -- 0:05:31
      2450000 -- (-2711.723) [...7 remote chains...] -- 0:05:32
      2460000 -- (-2717.523) [...7 remote chains...] -- 0:05:31
      2470000 -- (-2721.541) [...7 remote chains...] -- 0:05:32
      2480000 -- (-2722.100) [...7 remote chains...] -- 0:05:30
      2490000 -- (-2709.194) [...7 remote chains...] -- 0:05:31
      2500000 -- (-2728.552) [...7 remote chains...] -- 0:05:30
      2510000 -- (-2724.764) [...7 remote chains...] -- 0:05:31
      2520000 -- (-2726.568) [...7 remote chains...] -- 0:05:29
      2530000 -- (-2717.029) [...7 remote chains...] -- 0:05:27
      2540000 -- [-2727.435] (...7 remote chains...) -- 0:05:28
      2550000 -- (-2715.467) [...7 remote chains...] -- 0:05:27
      2560000 -- (-2713.462) [...7 remote chains...] -- 0:05:28
      2570000 -- [-2713.710] (...7 remote chains...) -- 0:05:26
      2580000 -- (-2725.890) [...7 remote chains...] -- 0:05:27
      2590000 -- (-2720.806) [...7 remote chains...] -- 0:05:26
      2600000 -- (-2713.817) [...7 remote chains...] -- 0:05:24
      2610000 -- (-2718.587) [...7 remote chains...] -- 0:05:25
      2620000 -- [-2719.478] (...7 remote chains...) -- 0:05:23
      2630000 -- (-2725.954) [...7 remote chains...] -- 0:05:25
      2640000 -- [-2719.436] (...7 remote chains...) -- 0:05:23
      2650000 -- [-2711.374] (...7 remote chains...) -- 0:05:24
      2660000 -- (-2720.298) [...7 remote chains...] -- 0:05:22
      2670000 -- (-2732.212) [...7 remote chains...] -- 0:05:23
      2680000 -- (-2720.141) [...7 remote chains...] -- 0:05:22
      2690000 -- (-2714.752) [...7 remote chains...] -- 0:05:20
      2700000 -- (-2722.347) [...7 remote chains...] -- 0:05:21
      2710000 -- (-2715.651) [...7 remote chains...] -- 0:05:20
      2720000 -- (-2719.099) [...7 remote chains...] -- 0:05:21
      2730000 -- (-2714.760) [...7 remote chains...] -- 0:05:19
      2740000 -- (-2727.912) [...7 remote chains...] -- 0:05:20
      2750000 -- (-2722.934) [...7 remote chains...] -- 0:05:19
      2760000 -- (-2725.088) [...7 remote chains...] -- 0:05:20
      2770000 -- (-2733.960) [...7 remote chains...] -- 0:05:18
      2780000 -- (-2717.498) [...7 remote chains...] -- 0:05:16
      2790000 -- (-2715.999) [...7 remote chains...] -- 0:05:17
      2800000 -- (-2723.360) [...7 remote chains...] -- 0:05:16
      2810000 -- (-2717.493) [...7 remote chains...] -- 0:05:17
      2820000 -- (-2724.696) [...7 remote chains...] -- 0:05:15
      2830000 -- [-2722.586] (...7 remote chains...) -- 0:05:16
      2840000 -- (-2712.909) [...7 remote chains...] -- 0:05:15
      2850000 -- (-2715.062) [...7 remote chains...] -- 0:05:16
      2860000 -- (-2727.630) [...7 remote chains...] -- 0:05:14
      2870000 -- (-2716.675) [...7 remote chains...] -- 0:05:13
      2880000 -- (-2727.834) [...7 remote chains...] -- 0:05:13
      2890000 -- (-2730.493) [...7 remote chains...] -- 0:05:12
      2900000 -- (-2721.408) [...7 remote chains...] -- 0:05:13
      2910000 -- [-2724.546] (...7 remote chains...) -- 0:05:11
      2920000 -- (-2731.640) [...7 remote chains...] -- 0:05:12
      2930000 -- (-2725.603) [...7 remote chains...] -- 0:05:11
      2940000 -- (-2717.335) [...7 remote chains...] -- 0:05:09
      2950000 -- (-2713.834) [...7 remote chains...] -- 0:05:10
      2960000 -- [-2712.791] (...7 remote chains...) -- 0:05:09
      2970000 -- (-2725.407) [...7 remote chains...] -- 0:05:10
      2980000 -- (-2728.116) [...7 remote chains...] -- 0:05:08
      2990000 -- [-2724.449] (...7 remote chains...) -- 0:05:09
      3000000 -- (-2725.555) [...7 remote chains...] -- 0:05:08
      3010000 -- (-2723.123) [...7 remote chains...] -- 0:05:08
      3020000 -- (-2712.916) [...7 remote chains...] -- 0:05:07
      3030000 -- [-2731.919] (...7 remote chains...) -- 0:05:05
      3040000 -- (-2711.206) [...7 remote chains...] -- 0:05:06
      3050000 -- (-2727.267) [...7 remote chains...] -- 0:05:05
      3060000 -- (-2717.197) [...7 remote chains...] -- 0:05:06
      3070000 -- (-2721.048) [...7 remote chains...] -- 0:05:04
      3080000 -- (-2719.687) [...7 remote chains...] -- 0:05:05
      3090000 -- (-2723.096) [...7 remote chains...] -- 0:05:04
      3100000 -- (-2726.184) [...7 remote chains...] -- 0:05:02
      3110000 -- (-2714.961) [...7 remote chains...] -- 0:05:03
      3120000 -- (-2724.838) [...7 remote chains...] -- 0:05:02
      3130000 -- (-2731.605) [...7 remote chains...] -- 0:05:02
      3140000 -- (-2722.829) [...7 remote chains...] -- 0:05:01
      3150000 -- (-2726.630) [...7 remote chains...] -- 0:05:02
      3160000 -- (-2715.827) [...7 remote chains...] -- 0:05:00
      3170000 -- [-2723.284] (...7 remote chains...) -- 0:05:01
      3180000 -- (-2726.226) [...7 remote chains...] -- 0:05:00
      3190000 -- (-2712.536) [...7 remote chains...] -- 0:04:58
      3200000 -- (-2715.942) [...7 remote chains...] -- 0:04:59
      3210000 -- [-2713.189] (...7 remote chains...) -- 0:04:58
      3220000 -- (-2724.058) [...7 remote chains...] -- 0:04:58
      3230000 -- (-2727.659) [...7 remote chains...] -- 0:04:57
      3240000 -- (-2732.577) [...7 remote chains...] -- 0:04:58
      3250000 -- (-2734.334) [...7 remote chains...] -- 0:04:57
      3260000 -- (-2718.704) [...7 remote chains...] -- 0:04:57
      3270000 -- (-2725.921) [...7 remote chains...] -- 0:04:56
      3280000 -- (-2720.561) [...7 remote chains...] -- 0:04:55
      3290000 -- (-2712.766) [...7 remote chains...] -- 0:04:55
      3300000 -- (-2723.011) [...7 remote chains...] -- 0:04:54
      3310000 -- [-2716.865] (...7 remote chains...) -- 0:04:55
      3320000 -- (-2714.015) [...7 remote chains...] -- 0:04:53
      3330000 -- [-2724.863] (...7 remote chains...) -- 0:04:54
      3340000 -- (-2708.379) [...7 remote chains...] -- 0:04:53
      3350000 -- (-2732.006) [...7 remote chains...] -- 0:04:53
      3360000 -- (-2723.439) [...7 remote chains...] -- 0:04:52
      3370000 -- (-2725.320) [...7 remote chains...] -- 0:04:51
      3380000 -- (-2715.320) [...7 remote chains...] -- 0:04:51
      3390000 -- [-2722.056] (...7 remote chains...) -- 0:04:50
      3400000 -- (-2718.446) [...7 remote chains...] -- 0:04:51
      3410000 -- (-2723.619) [...7 remote chains...] -- 0:04:49
      3420000 -- (-2720.216) [...7 remote chains...] -- 0:04:50
      3430000 -- (-2730.373) [...7 remote chains...] -- 0:04:49
      3440000 -- (-2721.983) [...7 remote chains...] -- 0:04:49
      3450000 -- (-2724.190) [...7 remote chains...] -- 0:04:48
      3460000 -- (-2728.044) [...7 remote chains...] -- 0:04:47
      3470000 -- [-2719.058] (...7 remote chains...) -- 0:04:47
      3480000 -- (-2713.335) [...7 remote chains...] -- 0:04:46
      3490000 -- (-2710.955) [...7 remote chains...] -- 0:04:47
      3500000 -- (-2722.747) [...7 remote chains...] -- 0:04:46
      3510000 -- (-2728.008) [...7 remote chains...] -- 0:04:46
      3520000 -- (-2723.846) [...7 remote chains...] -- 0:04:45
      3530000 -- (-2724.626) [...7 remote chains...] -- 0:04:45
      3540000 -- (-2723.318) [...7 remote chains...] -- 0:04:44
      3550000 -- (-2711.971) [...7 remote chains...] -- 0:04:43
      3560000 -- (-2722.330) [...7 remote chains...] -- 0:04:44
      3570000 -- (-2714.296) [...7 remote chains...] -- 0:04:42
      3580000 -- (-2721.102) [...7 remote chains...] -- 0:04:43
      3590000 -- (-2724.282) [...7 remote chains...] -- 0:04:42
      3600000 -- (-2717.420) [...7 remote chains...] -- 0:04:42
      3610000 -- (-2725.159) [...7 remote chains...] -- 0:04:41
      3620000 -- (-2740.624) [...7 remote chains...] -- 0:04:41
      3630000 -- (-2720.580) [...7 remote chains...] -- 0:04:40
      3640000 -- (-2733.565) [...7 remote chains...] -- 0:04:39
      3650000 -- (-2718.714) [...7 remote chains...] -- 0:04:40
      3660000 -- (-2721.176) [...7 remote chains...] -- 0:04:38
      3670000 -- (-2723.718) [...7 remote chains...] -- 0:04:39
      3680000 -- (-2732.969) [...7 remote chains...] -- 0:04:38
      3690000 -- (-2725.683) [...7 remote chains...] -- 0:04:38
      3700000 -- (-2717.398) [...7 remote chains...] -- 0:04:37
      3710000 -- (-2721.535) [...7 remote chains...] -- 0:04:38
      3720000 -- (-2725.392) [...7 remote chains...] -- 0:04:36
      3730000 -- (-2727.457) [...7 remote chains...] -- 0:04:35
      3740000 -- [-2715.972] (...7 remote chains...) -- 0:04:36
      3750000 -- (-2722.434) [...7 remote chains...] -- 0:04:35
      3760000 -- (-2723.620) [...7 remote chains...] -- 0:04:35
      3770000 -- (-2724.693) [...7 remote chains...] -- 0:04:34
      3780000 -- [-2721.114] (...7 remote chains...) -- 0:04:34
      3790000 -- (-2720.585) [...7 remote chains...] -- 0:04:33
      3800000 -- [-2716.499] (...7 remote chains...) -- 0:04:34
      3810000 -- (-2718.764) [...7 remote chains...] -- 0:04:32
      3820000 -- (-2728.272) [...7 remote chains...] -- 0:04:31
      3830000 -- (-2708.092) [...7 remote chains...] -- 0:04:32
      3840000 -- (-2730.836) [...7 remote chains...] -- 0:04:31
      3850000 -- (-2724.145) [...7 remote chains...] -- 0:04:31
      3860000 -- (-2718.179) [...7 remote chains...] -- 0:04:30
      3870000 -- (-2718.192) [...7 remote chains...] -- 0:04:30
      3880000 -- (-2716.237) [...7 remote chains...] -- 0:04:29
      3890000 -- (-2718.373) [...7 remote chains...] -- 0:04:30
      3900000 -- (-2716.948) [...7 remote chains...] -- 0:04:29
      3910000 -- (-2728.770) [...7 remote chains...] -- 0:04:27
      3920000 -- (-2732.466) [...7 remote chains...] -- 0:04:28
      3930000 -- (-2714.549) [...7 remote chains...] -- 0:04:27
      3940000 -- (-2715.108) [...7 remote chains...] -- 0:04:27
      3950000 -- (-2724.257) [...7 remote chains...] -- 0:04:26
      3960000 -- (-2723.294) [...7 remote chains...] -- 0:04:26
      3970000 -- (-2721.035) [...7 remote chains...] -- 0:04:25
      3980000 -- [-2719.228] (...7 remote chains...) -- 0:04:24
      3990000 -- (-2712.058) [...7 remote chains...] -- 0:04:25
      4000000 -- (-2731.564) [...7 remote chains...] -- 0:04:24
      4010000 -- (-2727.612) [...7 remote chains...] -- 0:04:24
      4020000 -- (-2725.893) [...7 remote chains...] -- 0:04:23
      4030000 -- (-2722.394) [...7 remote chains...] -- 0:04:23
      4040000 -- (-2712.619) [...7 remote chains...] -- 0:04:22
      4050000 -- (-2717.595) [...7 remote chains...] -- 0:04:22
      4060000 -- (-2721.326) [...7 remote chains...] -- 0:04:21
      4070000 -- (-2714.390) [...7 remote chains...] -- 0:04:20
      4080000 -- (-2720.126) [...7 remote chains...] -- 0:04:21
      4090000 -- (-2725.191) [...7 remote chains...] -- 0:04:20
      4100000 -- [-2714.480] (...7 remote chains...) -- 0:04:20
      4110000 -- [-2727.569] (...7 remote chains...) -- 0:04:19
      4120000 -- (-2735.409) [...7 remote chains...] -- 0:04:19
      4130000 -- (-2723.264) [...7 remote chains...] -- 0:04:18
      4140000 -- (-2719.688) [...7 remote chains...] -- 0:04:19
      4150000 -- (-2721.604) [...7 remote chains...] -- 0:04:17
      4160000 -- (-2724.413) [...7 remote chains...] -- 0:04:16
      4170000 -- (-2733.812) [...7 remote chains...] -- 0:04:17
      4180000 -- (-2717.460) [...7 remote chains...] -- 0:04:16
      4190000 -- (-2712.025) [...7 remote chains...] -- 0:04:16
      4200000 -- (-2719.180) [...7 remote chains...] -- 0:04:15
      4210000 -- (-2724.013) [...7 remote chains...] -- 0:04:15
      4220000 -- (-2719.451) [...7 remote chains...] -- 0:04:14
      4230000 -- [-2728.252] (...7 remote chains...) -- 0:04:15
      4240000 -- (-2721.411) [...7 remote chains...] -- 0:04:14
      4250000 -- (-2715.671) [...7 remote chains...] -- 0:04:13
      4260000 -- (-2718.323) [...7 remote chains...] -- 0:04:13
      4270000 -- (-2721.645) [...7 remote chains...] -- 0:04:12
      4280000 -- (-2723.494) [...7 remote chains...] -- 0:04:12
      4290000 -- (-2720.416) [...7 remote chains...] -- 0:04:11
      4300000 -- [-2708.013] (...7 remote chains...) -- 0:04:11
      4310000 -- (-2721.443) [...7 remote chains...] -- 0:04:10
      4320000 -- [-2724.764] (...7 remote chains...) -- 0:04:11
      4330000 -- (-2715.366) [...7 remote chains...] -- 0:04:10
      4340000 -- (-2711.716) [...7 remote chains...] -- 0:04:09
      4350000 -- (-2705.391) [...7 remote chains...] -- 0:04:09
      4360000 -- (-2740.818) [...7 remote chains...] -- 0:04:08
      4370000 -- (-2723.360) [...7 remote chains...] -- 0:04:08
      4380000 -- (-2719.330) [...7 remote chains...] -- 0:04:07
      4390000 -- (-2718.021) [...7 remote chains...] -- 0:04:07
      4400000 -- (-2737.844) [...7 remote chains...] -- 0:04:06
      4410000 -- (-2727.496) [...7 remote chains...] -- 0:04:07
      4420000 -- (-2724.696) [...7 remote chains...] -- 0:04:06
      4430000 -- (-2737.495) [...7 remote chains...] -- 0:04:05
      4440000 -- (-2718.852) [...7 remote chains...] -- 0:04:05
      4450000 -- (-2721.495) [...7 remote chains...] -- 0:04:04
      4460000 -- (-2727.051) [...7 remote chains...] -- 0:04:04
      4470000 -- [-2711.285] (...7 remote chains...) -- 0:04:03
      4480000 -- (-2721.039) [...7 remote chains...] -- 0:04:03
      4490000 -- (-2719.833) [...7 remote chains...] -- 0:04:02
      4500000 -- (-2710.403) [...7 remote chains...] -- 0:04:03
      4510000 -- (-2719.438) [...7 remote chains...] -- 0:04:02
      4520000 -- (-2725.901) [...7 remote chains...] -- 0:04:01
      4530000 -- (-2729.807) [...7 remote chains...] -- 0:04:01
      4540000 -- (-2714.977) [...7 remote chains...] -- 0:04:00
      4550000 -- (-2727.000) [...7 remote chains...] -- 0:04:00
      4560000 -- (-2720.103) [...7 remote chains...] -- 0:03:59
      4570000 -- (-2710.735) [...7 remote chains...] -- 0:04:00
      4580000 -- (-2720.046) [...7 remote chains...] -- 0:03:59
      4590000 -- (-2714.250) [...7 remote chains...] -- 0:03:59
      4600000 -- (-2721.712) [...7 remote chains...] -- 0:03:58
      4610000 -- (-2718.778) [...7 remote chains...] -- 0:03:57
      4620000 -- (-2719.425) [...7 remote chains...] -- 0:03:57
      4630000 -- (-2710.906) [...7 remote chains...] -- 0:03:56
      4640000 -- (-2719.435) [...7 remote chains...] -- 0:03:56
      4650000 -- (-2726.541) [...7 remote chains...] -- 0:03:55
      4660000 -- (-2716.434) [...7 remote chains...] -- 0:03:56
      4670000 -- (-2731.207) [...7 remote chains...] -- 0:03:55
      4680000 -- (-2720.869) [...7 remote chains...] -- 0:03:55
      4690000 -- (-2733.049) [...7 remote chains...] -- 0:03:54
      4700000 -- (-2717.096) [...7 remote chains...] -- 0:03:53
      4710000 -- (-2726.313) [...7 remote chains...] -- 0:03:53
      4720000 -- (-2712.602) [...7 remote chains...] -- 0:03:52
      4730000 -- [-2718.184] (...7 remote chains...) -- 0:03:52
      4740000 -- [-2724.029] (...7 remote chains...) -- 0:03:51
      4750000 -- (-2721.207) [...7 remote chains...] -- 0:03:52
      4760000 -- (-2726.851) [...7 remote chains...] -- 0:03:51
      4770000 -- (-2716.983) [...7 remote chains...] -- 0:03:51
      4780000 -- (-2728.845) [...7 remote chains...] -- 0:03:50
      4790000 -- (-2714.700) [...7 remote chains...] -- 0:03:49
      4800000 -- (-2729.854) [...7 remote chains...] -- 0:03:49
      4810000 -- (-2720.603) [...7 remote chains...] -- 0:03:48
      4820000 -- (-2715.002) [...7 remote chains...] -- 0:03:48
      4830000 -- (-2720.689) [...7 remote chains...] -- 0:03:47
      4840000 -- (-2727.780) [...7 remote chains...] -- 0:03:48
      4850000 -- (-2724.706) [...7 remote chains...] -- 0:03:47
      4860000 -- (-2714.315) [...7 remote chains...] -- 0:03:47
      4870000 -- (-2717.788) [...7 remote chains...] -- 0:03:46
      4880000 -- (-2715.069) [...7 remote chains...] -- 0:03:45
      4890000 -- (-2731.966) [...7 remote chains...] -- 0:03:45
      4900000 -- (-2731.949) [...7 remote chains...] -- 0:03:44
      4910000 -- (-2712.071) [...7 remote chains...] -- 0:03:44
      4920000 -- (-2727.300) [...7 remote chains...] -- 0:03:44
      4930000 -- (-2729.732) [...7 remote chains...] -- 0:03:44
      4940000 -- (-2719.476) [...7 remote chains...] -- 0:03:43
      4950000 -- (-2724.605) [...7 remote chains...] -- 0:03:43
      4960000 -- (-2717.142) [...7 remote chains...] -- 0:03:42
      4970000 -- (-2726.312) [...7 remote chains...] -- 0:03:42
      4980000 -- (-2726.226) [...7 remote chains...] -- 0:03:41
      4990000 -- (-2726.345) [...7 remote chains...] -- 0:03:40
      5000000 -- (-2713.460) [...7 remote chains...] -- 0:03:40
      5010000 -- (-2721.823) [...7 remote chains...] -- 0:03:40
      5020000 -- [-2714.270] (...7 remote chains...) -- 0:03:40
      5030000 -- (-2717.865) [...7 remote chains...] -- 0:03:39
      5040000 -- [-2728.513] (...7 remote chains...) -- 0:03:39
      5050000 -- (-2719.250) [...7 remote chains...] -- 0:03:38
      5060000 -- (-2712.969) [...7 remote chains...] -- 0:03:38
      5070000 -- (-2722.111) [...7 remote chains...] -- 0:03:37
      5080000 -- (-2725.091) [...7 remote chains...] -- 0:03:36
      5090000 -- (-2716.881) [...7 remote chains...] -- 0:03:37
      5100000 -- (-2728.996) [...7 remote chains...] -- 0:03:36
      5110000 -- (-2715.095) [...7 remote chains...] -- 0:03:36
      5120000 -- [-2729.011] (...7 remote chains...) -- 0:03:35
      5130000 -- (-2719.884) [...7 remote chains...] -- 0:03:35
      5140000 -- (-2726.613) [...7 remote chains...] -- 0:03:34
      5150000 -- (-2720.488) [...7 remote chains...] -- 0:03:34
      5160000 -- (-2727.686) [...7 remote chains...] -- 0:03:33
      5170000 -- [-2721.078] (...7 remote chains...) -- 0:03:33
      5180000 -- (-2708.837) [...7 remote chains...] -- 0:03:33
      5190000 -- [-2717.817] (...7 remote chains...) -- 0:03:32
      5200000 -- (-2727.226) [...7 remote chains...] -- 0:03:32
      5210000 -- (-2717.512) [...7 remote chains...] -- 0:03:31
      5220000 -- (-2712.898) [...7 remote chains...] -- 0:03:31
      5230000 -- (-2729.004) [...7 remote chains...] -- 0:03:30
      5240000 -- (-2715.399) [...7 remote chains...] -- 0:03:30
      5250000 -- (-2716.326) [...7 remote chains...] -- 0:03:29
      5260000 -- (-2733.262) [...7 remote chains...] -- 0:03:29
      5270000 -- (-2719.103) [...7 remote chains...] -- 0:03:29
      5280000 -- (-2733.982) [...7 remote chains...] -- 0:03:28
      5290000 -- (-2742.872) [...7 remote chains...] -- 0:03:28
      5300000 -- [-2725.896] (...7 remote chains...) -- 0:03:27
      5310000 -- (-2721.408) [...7 remote chains...] -- 0:03:27
      5320000 -- (-2731.528) [...7 remote chains...] -- 0:03:26
      5330000 -- (-2722.929) [...7 remote chains...] -- 0:03:26
      5340000 -- (-2725.751) [...7 remote chains...] -- 0:03:25
      5350000 -- (-2719.932) [...7 remote chains...] -- 0:03:25
      5360000 -- (-2723.804) [...7 remote chains...] -- 0:03:25
      5370000 -- [-2720.480] (...7 remote chains...) -- 0:03:24
      5380000 -- (-2741.714) [...7 remote chains...] -- 0:03:24
      5390000 -- (-2716.125) [...7 remote chains...] -- 0:03:23
      5400000 -- (-2725.471) [...7 remote chains...] -- 0:03:23
      5410000 -- (-2716.088) [...7 remote chains...] -- 0:03:22
      5420000 -- (-2725.346) [...7 remote chains...] -- 0:03:22
      5430000 -- [-2718.075] (...7 remote chains...) -- 0:03:21
      5440000 -- (-2717.275) [...7 remote chains...] -- 0:03:21
      5450000 -- (-2723.587) [...7 remote chains...] -- 0:03:21
      5460000 -- (-2712.859) [...7 remote chains...] -- 0:03:20
      5470000 -- (-2711.543) [...7 remote chains...] -- 0:03:20
      5480000 -- (-2714.489) [...7 remote chains...] -- 0:03:19
      5490000 -- (-2709.831) [...7 remote chains...] -- 0:03:19
      5500000 -- (-2715.217) [...7 remote chains...] -- 0:03:18
      5510000 -- (-2716.726) [...7 remote chains...] -- 0:03:18
      5520000 -- (-2732.238) [...7 remote chains...] -- 0:03:18
      5530000 -- (-2713.576) [...7 remote chains...] -- 0:03:17
      5540000 -- (-2728.777) [...7 remote chains...] -- 0:03:17
      5550000 -- (-2728.199) [...7 remote chains...] -- 0:03:16
      5560000 -- (-2715.652) [...7 remote chains...] -- 0:03:16
      5570000 -- (-2735.201) [...7 remote chains...] -- 0:03:15
      5580000 -- [-2724.375] (...7 remote chains...) -- 0:03:15
      5590000 -- (-2722.954) [...7 remote chains...] -- 0:03:14
      5600000 -- (-2733.168) [...7 remote chains...] -- 0:03:14
      5610000 -- (-2715.242) [...7 remote chains...] -- 0:03:14
      5620000 -- (-2732.320) [...7 remote chains...] -- 0:03:13
      5630000 -- (-2718.987) [...7 remote chains...] -- 0:03:13
      5640000 -- (-2715.676) [...7 remote chains...] -- 0:03:12
      5650000 -- (-2733.954) [...7 remote chains...] -- 0:03:12
      5660000 -- (-2728.213) [...7 remote chains...] -- 0:03:11
      5670000 -- (-2726.404) [...7 remote chains...] -- 0:03:11
      5680000 -- (-2726.491) [...7 remote chains...] -- 0:03:10
      5690000 -- (-2721.506) [...7 remote chains...] -- 0:03:10
      5700000 -- (-2721.898) [...7 remote chains...] -- 0:03:10
      5710000 -- (-2714.582) [...7 remote chains...] -- 0:03:09
      5720000 -- [-2721.836] (...7 remote chains...) -- 0:03:09
      5730000 -- [-2720.028] (...7 remote chains...) -- 0:03:08
      5740000 -- (-2725.015) [...7 remote chains...] -- 0:03:08
      5750000 -- (-2725.046) [...7 remote chains...] -- 0:03:07
      5760000 -- (-2721.210) [...7 remote chains...] -- 0:03:07
      5770000 -- (-2718.703) [...7 remote chains...] -- 0:03:06
      5780000 -- (-2727.158) [...7 remote chains...] -- 0:03:06
      5790000 -- (-2719.194) [...7 remote chains...] -- 0:03:06
      5800000 -- (-2721.086) [...7 remote chains...] -- 0:03:05
      5810000 -- (-2720.338) [...7 remote chains...] -- 0:03:05
      5820000 -- (-2727.843) [...7 remote chains...] -- 0:03:04
      5830000 -- [-2711.618] (...7 remote chains...) -- 0:03:04
      5840000 -- (-2714.784) [...7 remote chains...] -- 0:03:03
      5850000 -- (-2713.785) [...7 remote chains...] -- 0:03:03
      5860000 -- [-2722.622] (...7 remote chains...) -- 0:03:02
      5870000 -- (-2713.421) [...7 remote chains...] -- 0:03:02
      5880000 -- (-2721.577) [...7 remote chains...] -- 0:03:02
      5890000 -- (-2721.948) [...7 remote chains...] -- 0:03:02
      5900000 -- (-2723.111) [...7 remote chains...] -- 0:03:01
      5910000 -- (-2714.045) [...7 remote chains...] -- 0:03:00
      5920000 -- (-2714.980) [...7 remote chains...] -- 0:03:00
      5930000 -- (-2721.704) [...7 remote chains...] -- 0:02:59
      5940000 -- (-2720.295) [...7 remote chains...] -- 0:02:59
      5950000 -- (-2715.098) [...7 remote chains...] -- 0:02:59
      5960000 -- (-2729.133) [...7 remote chains...] -- 0:02:58
      5970000 -- [-2726.384] (...7 remote chains...) -- 0:02:58
      5980000 -- (-2720.383) [...7 remote chains...] -- 0:02:58
      5990000 -- (-2715.342) [...7 remote chains...] -- 0:02:57
      6000000 -- (-2711.708) [...7 remote chains...] -- 0:02:56
      6010000 -- (-2723.306) [...7 remote chains...] -- 0:02:56
      6020000 -- (-2729.710) [...7 remote chains...] -- 0:02:55
      6030000 -- (-2736.040) [...7 remote chains...] -- 0:02:55
      6040000 -- (-2730.110) [...7 remote chains...] -- 0:02:55
      6050000 -- (-2717.798) [...7 remote chains...] -- 0:02:54
      6060000 -- (-2734.734) [...7 remote chains...] -- 0:02:54
      6070000 -- (-2726.256) [...7 remote chains...] -- 0:02:54
      6080000 -- (-2722.195) [...7 remote chains...] -- 0:02:53
      6090000 -- (-2714.249) [...7 remote chains...] -- 0:02:52
      6100000 -- (-2733.812) [...7 remote chains...] -- 0:02:52
      6110000 -- (-2728.902) [...7 remote chains...] -- 0:02:51
      6120000 -- (-2729.201) [...7 remote chains...] -- 0:02:51
      6130000 -- (-2725.912) [...7 remote chains...] -- 0:02:51
      6140000 -- (-2716.604) [...7 remote chains...] -- 0:02:50
      6150000 -- (-2732.563) [...7 remote chains...] -- 0:02:50
      6160000 -- (-2730.631) [...7 remote chains...] -- 0:02:50
      6170000 -- [-2722.196] (...7 remote chains...) -- 0:02:49
      6180000 -- (-2729.564) [...7 remote chains...] -- 0:02:48
      6190000 -- (-2727.443) [...7 remote chains...] -- 0:02:48
      6200000 -- (-2723.649) [...7 remote chains...] -- 0:02:47
      6210000 -- [-2717.086] (...7 remote chains...) -- 0:02:47
      6220000 -- (-2725.141) [...7 remote chains...] -- 0:02:47
      6230000 -- (-2720.341) [...7 remote chains...] -- 0:02:47
      6240000 -- (-2722.751) [...7 remote chains...] -- 0:02:46
      6250000 -- (-2719.453) [...7 remote chains...] -- 0:02:46
      6260000 -- (-2722.376) [...7 remote chains...] -- 0:02:45
      6270000 -- (-2731.744) [...7 remote chains...] -- 0:02:45
      6280000 -- (-2723.500) [...7 remote chains...] -- 0:02:44
      6290000 -- (-2740.765) [...7 remote chains...] -- 0:02:43
      6300000 -- (-2718.735) [...7 remote chains...] -- 0:02:43
      6310000 -- (-2723.600) [...7 remote chains...] -- 0:02:43
      6320000 -- (-2718.059) [...7 remote chains...] -- 0:02:43
      6330000 -- (-2727.022) [...7 remote chains...] -- 0:02:42
      6340000 -- (-2741.252) [...7 remote chains...] -- 0:02:42
      6350000 -- (-2719.521) [...7 remote chains...] -- 0:02:41
      6360000 -- (-2712.705) [...7 remote chains...] -- 0:02:41
      6370000 -- (-2720.862) [...7 remote chains...] -- 0:02:40
      6380000 -- (-2724.517) [...7 remote chains...] -- 0:02:40
      6390000 -- (-2720.351) [...7 remote chains...] -- 0:02:39
      6400000 -- (-2717.659) [...7 remote chains...] -- 0:02:39
      6410000 -- (-2726.342) [...7 remote chains...] -- 0:02:39
      6420000 -- (-2720.982) [...7 remote chains...] -- 0:02:38
      6430000 -- (-2715.220) [...7 remote chains...] -- 0:02:38
      6440000 -- (-2720.204) [...7 remote chains...] -- 0:02:37
      6450000 -- (-2737.659) [...7 remote chains...] -- 0:02:37
      6460000 -- (-2724.521) [...7 remote chains...] -- 0:02:36
      6470000 -- (-2735.598) [...7 remote chains...] -- 0:02:36
      6480000 -- (-2729.026) [...7 remote chains...] -- 0:02:35
      6490000 -- (-2726.021) [...7 remote chains...] -- 0:02:35
      6500000 -- [-2723.238] (...7 remote chains...) -- 0:02:35
      6510000 -- (-2729.684) [...7 remote chains...] -- 0:02:34
      6520000 -- (-2721.115) [...7 remote chains...] -- 0:02:34
      6530000 -- (-2719.568) [...7 remote chains...] -- 0:02:33
      6540000 -- (-2719.159) [...7 remote chains...] -- 0:02:33
      6550000 -- (-2711.510) [...7 remote chains...] -- 0:02:32
      6560000 -- [-2725.717] (...7 remote chains...) -- 0:02:32
      6570000 -- (-2726.394) [...7 remote chains...] -- 0:02:31
      6580000 -- (-2723.095) [...7 remote chains...] -- 0:02:31
      6590000 -- (-2711.861) [...7 remote chains...] -- 0:02:31
      6600000 -- (-2720.215) [...7 remote chains...] -- 0:02:30
      6610000 -- (-2723.539) [...7 remote chains...] -- 0:02:30
      6620000 -- (-2725.001) [...7 remote chains...] -- 0:02:29
      6630000 -- (-2722.820) [...7 remote chains...] -- 0:02:29
      6640000 -- [-2726.640] (...7 remote chains...) -- 0:02:28
      6650000 -- (-2721.058) [...7 remote chains...] -- 0:02:28
      6660000 -- [-2714.412] (...7 remote chains...) -- 0:02:27
      6670000 -- [-2711.337] (...7 remote chains...) -- 0:02:27
      6680000 -- (-2728.219) [...7 remote chains...] -- 0:02:27
      6690000 -- [-2716.315] (...7 remote chains...) -- 0:02:26
      6700000 -- (-2713.186) [...7 remote chains...] -- 0:02:26
      6710000 -- (-2712.541) [...7 remote chains...] -- 0:02:25
      6720000 -- [-2719.961] (...7 remote chains...) -- 0:02:25
      6730000 -- (-2722.960) [...7 remote chains...] -- 0:02:24
      6740000 -- (-2707.948) [...7 remote chains...] -- 0:02:24
      6750000 -- (-2721.494) [...7 remote chains...] -- 0:02:23
      6760000 -- [-2719.091] (...7 remote chains...) -- 0:02:23
      6770000 -- (-2718.777) [...7 remote chains...] -- 0:02:23
      6780000 -- (-2723.355) [...7 remote chains...] -- 0:02:22
      6790000 -- (-2709.088) [...7 remote chains...] -- 0:02:22
      6800000 -- [-2728.150] (...7 remote chains...) -- 0:02:21
      6810000 -- (-2721.047) [...7 remote chains...] -- 0:02:21
      6820000 -- (-2719.829) [...7 remote chains...] -- 0:02:20
      6830000 -- (-2717.601) [...7 remote chains...] -- 0:02:20
      6840000 -- (-2712.548) [...7 remote chains...] -- 0:02:19
      6850000 -- [-2725.523] (...7 remote chains...) -- 0:02:19
      6860000 -- [-2714.280] (...7 remote chains...) -- 0:02:19
      6870000 -- (-2714.637) [...7 remote chains...] -- 0:02:18
      6880000 -- (-2728.457) [...7 remote chains...] -- 0:02:18
      6890000 -- (-2720.959) [...7 remote chains...] -- 0:02:17
      6900000 -- (-2726.481) [...7 remote chains...] -- 0:02:17
      6910000 -- (-2723.960) [...7 remote chains...] -- 0:02:16
      6920000 -- (-2716.006) [...7 remote chains...] -- 0:02:16
      6930000 -- (-2714.469) [...7 remote chains...] -- 0:02:16
      6940000 -- (-2722.752) [...7 remote chains...] -- 0:02:15
      6950000 -- (-2721.021) [...7 remote chains...] -- 0:02:15
      6960000 -- (-2734.678) [...7 remote chains...] -- 0:02:14
      6970000 -- (-2726.108) [...7 remote chains...] -- 0:02:14
      6980000 -- [-2712.586] (...7 remote chains...) -- 0:02:13
      6990000 -- (-2738.831) [...7 remote chains...] -- 0:02:13
      7000000 -- (-2717.460) [...7 remote chains...] -- 0:02:12
      7010000 -- (-2714.004) [...7 remote chains...] -- 0:02:12
      7020000 -- (-2721.420) [...7 remote chains...] -- 0:02:12
      7030000 -- (-2723.951) [...7 remote chains...] -- 0:02:11
      7040000 -- (-2721.333) [...7 remote chains...] -- 0:02:11
      7050000 -- [-2709.996] (...7 remote chains...) -- 0:02:10
      7060000 -- (-2727.016) [...7 remote chains...] -- 0:02:10
      7070000 -- (-2717.443) [...7 remote chains...] -- 0:02:09
      7080000 -- (-2720.883) [...7 remote chains...] -- 0:02:09
      7090000 -- (-2725.310) [...7 remote chains...] -- 0:02:08
      7100000 -- (-2717.706) [...7 remote chains...] -- 0:02:08
      7110000 -- (-2716.483) [...7 remote chains...] -- 0:02:08
      7120000 -- (-2723.620) [...7 remote chains...] -- 0:02:07
      7130000 -- (-2733.365) [...7 remote chains...] -- 0:02:07
      7140000 -- [-2725.348] (...7 remote chains...) -- 0:02:06
      7150000 -- (-2714.646) [...7 remote chains...] -- 0:02:06
      7160000 -- [-2714.512] (...7 remote chains...) -- 0:02:05
      7170000 -- [-2723.503] (...7 remote chains...) -- 0:02:05
      7180000 -- (-2719.629) [...7 remote chains...] -- 0:02:04
      7190000 -- (-2726.700) [...7 remote chains...] -- 0:02:04
      7200000 -- (-2729.295) [...7 remote chains...] -- 0:02:04
      7210000 -- (-2733.499) [...7 remote chains...] -- 0:02:03
      7220000 -- (-2721.552) [...7 remote chains...] -- 0:02:03
      7230000 -- (-2720.232) [...7 remote chains...] -- 0:02:02
      7240000 -- (-2718.973) [...7 remote chains...] -- 0:02:02
      7250000 -- (-2732.435) [...7 remote chains...] -- 0:02:01
      7260000 -- [-2719.891] (...7 remote chains...) -- 0:02:01
      7270000 -- (-2714.755) [...7 remote chains...] -- 0:02:00
      7280000 -- [-2719.290] (...7 remote chains...) -- 0:02:00
      7290000 -- (-2715.436) [...7 remote chains...] -- 0:02:00
      7300000 -- (-2735.443) [...7 remote chains...] -- 0:01:59
      7310000 -- (-2726.626) [...7 remote chains...] -- 0:01:59
      7320000 -- (-2720.742) [...7 remote chains...] -- 0:01:58
      7330000 -- (-2716.557) [...7 remote chains...] -- 0:01:58
      7340000 -- (-2719.820) [...7 remote chains...] -- 0:01:57
      7350000 -- (-2714.444) [...7 remote chains...] -- 0:01:57
      7360000 -- (-2725.646) [...7 remote chains...] -- 0:01:56
      7370000 -- (-2727.035) [...7 remote chains...] -- 0:01:56
      7380000 -- (-2723.220) [...7 remote chains...] -- 0:01:56
      7390000 -- (-2724.873) [...7 remote chains...] -- 0:01:55
      7400000 -- (-2725.849) [...7 remote chains...] -- 0:01:55
      7410000 -- (-2714.103) [...7 remote chains...] -- 0:01:54
      7420000 -- [-2714.722] (...7 remote chains...) -- 0:01:54
      7430000 -- (-2728.107) [...7 remote chains...] -- 0:01:53
      7440000 -- (-2720.751) [...7 remote chains...] -- 0:01:53
      7450000 -- (-2729.247) [...7 remote chains...] -- 0:01:52
      7460000 -- (-2725.258) [...7 remote chains...] -- 0:01:52
      7470000 -- (-2716.751) [...7 remote chains...] -- 0:01:52
      7480000 -- (-2734.548) [...7 remote chains...] -- 0:01:51
      7490000 -- (-2714.694) [...7 remote chains...] -- 0:01:51
      7500000 -- (-2718.954) [...7 remote chains...] -- 0:01:50
      7510000 -- (-2717.683) [...7 remote chains...] -- 0:01:50
      7520000 -- (-2725.710) [...7 remote chains...] -- 0:01:49
      7530000 -- [-2724.278] (...7 remote chains...) -- 0:01:49
      7540000 -- (-2721.086) [...7 remote chains...] -- 0:01:48
      7550000 -- (-2717.538) [...7 remote chains...] -- 0:01:48
      7560000 -- (-2718.838) [...7 remote chains...] -- 0:01:48
      7570000 -- [-2711.141] (...7 remote chains...) -- 0:01:47
      7580000 -- (-2724.010) [...7 remote chains...] -- 0:01:47
      7590000 -- (-2727.449) [...7 remote chains...] -- 0:01:46
      7600000 -- (-2725.987) [...7 remote chains...] -- 0:01:46
      7610000 -- [-2711.166] (...7 remote chains...) -- 0:01:45
      7620000 -- (-2718.153) [...7 remote chains...] -- 0:01:45
      7630000 -- (-2724.394) [...7 remote chains...] -- 0:01:44
      7640000 -- [-2715.609] (...7 remote chains...) -- 0:01:44
      7650000 -- (-2721.196) [...7 remote chains...] -- 0:01:44
      7660000 -- (-2717.672) [...7 remote chains...] -- 0:01:43
      7670000 -- (-2726.187) [...7 remote chains...] -- 0:01:43
      7680000 -- (-2721.666) [...7 remote chains...] -- 0:01:43
      7690000 -- (-2725.888) [...7 remote chains...] -- 0:01:42
      7700000 -- (-2719.176) [...7 remote chains...] -- 0:01:41
      7710000 -- (-2731.970) [...7 remote chains...] -- 0:01:41
      7720000 -- (-2728.094) [...7 remote chains...] -- 0:01:41
      7730000 -- (-2734.214) [...7 remote chains...] -- 0:01:40
      7740000 -- (-2724.618) [...7 remote chains...] -- 0:01:40
      7750000 -- (-2717.776) [...7 remote chains...] -- 0:01:39
      7760000 -- (-2727.611) [...7 remote chains...] -- 0:01:39
      7770000 -- (-2717.110) [...7 remote chains...] -- 0:01:39
      7780000 -- (-2726.995) [...7 remote chains...] -- 0:01:38
      7790000 -- (-2721.179) [...7 remote chains...] -- 0:01:37
      7800000 -- (-2729.989) [...7 remote chains...] -- 0:01:37
      7810000 -- (-2714.804) [...7 remote chains...] -- 0:01:37
      7820000 -- (-2732.695) [...7 remote chains...] -- 0:01:36
      7830000 -- (-2724.482) [...7 remote chains...] -- 0:01:36
      7840000 -- (-2726.131) [...7 remote chains...] -- 0:01:35
      7850000 -- (-2724.322) [...7 remote chains...] -- 0:01:35
      7860000 -- (-2725.244) [...7 remote chains...] -- 0:01:35
      7870000 -- (-2723.567) [...7 remote chains...] -- 0:01:34
      7880000 -- [-2716.106] (...7 remote chains...) -- 0:01:33
      7890000 -- (-2724.058) [...7 remote chains...] -- 0:01:33
      7900000 -- (-2715.963) [...7 remote chains...] -- 0:01:33
      7910000 -- (-2717.904) [...7 remote chains...] -- 0:01:32
      7920000 -- (-2731.340) [...7 remote chains...] -- 0:01:32
      7930000 -- (-2722.374) [...7 remote chains...] -- 0:01:31
      7940000 -- (-2720.198) [...7 remote chains...] -- 0:01:31
      7950000 -- (-2711.496) [...7 remote chains...] -- 0:01:31
      7960000 -- (-2720.259) [...7 remote chains...] -- 0:01:30
      7970000 -- (-2715.296) [...7 remote chains...] -- 0:01:29
      7980000 -- (-2723.088) [...7 remote chains...] -- 0:01:29
      7990000 -- (-2745.338) [...7 remote chains...] -- 0:01:29
      8000000 -- (-2725.693) [...7 remote chains...] -- 0:01:28
      8010000 -- (-2719.079) [...7 remote chains...] -- 0:01:28
      8020000 -- [-2712.324] (...7 remote chains...) -- 0:01:27
      8030000 -- (-2719.171) [...7 remote chains...] -- 0:01:27
      8040000 -- (-2722.071) [...7 remote chains...] -- 0:01:27
      8050000 -- (-2728.191) [...7 remote chains...] -- 0:01:26
      8060000 -- [-2713.548] (...7 remote chains...) -- 0:01:26
      8070000 -- (-2723.452) [...7 remote chains...] -- 0:01:25
      8080000 -- (-2715.352) [...7 remote chains...] -- 0:01:25
      8090000 -- (-2726.897) [...7 remote chains...] -- 0:01:24
      8100000 -- (-2721.038) [...7 remote chains...] -- 0:01:24
      8110000 -- (-2730.122) [...7 remote chains...] -- 0:01:23
      8120000 -- (-2719.002) [...7 remote chains...] -- 0:01:23
      8130000 -- (-2722.312) [...7 remote chains...] -- 0:01:23
      8140000 -- (-2715.365) [...7 remote chains...] -- 0:01:22
      8150000 -- (-2718.583) [...7 remote chains...] -- 0:01:22
      8160000 -- (-2711.012) [...7 remote chains...] -- 0:01:21
      8170000 -- (-2716.627) [...7 remote chains...] -- 0:01:21
      8180000 -- [-2725.517] (...7 remote chains...) -- 0:01:20
      8190000 -- (-2719.837) [...7 remote chains...] -- 0:01:20
      8200000 -- (-2704.235) [...7 remote chains...] -- 0:01:19
      8210000 -- (-2715.412) [...7 remote chains...] -- 0:01:19
      8220000 -- (-2726.205) [...7 remote chains...] -- 0:01:19
      8230000 -- (-2733.215) [...7 remote chains...] -- 0:01:18
      8240000 -- (-2713.807) [...7 remote chains...] -- 0:01:18
      8250000 -- (-2733.404) [...7 remote chains...] -- 0:01:17
      8260000 -- (-2713.352) [...7 remote chains...] -- 0:01:17
      8270000 -- (-2720.803) [...7 remote chains...] -- 0:01:16
      8280000 -- (-2724.865) [...7 remote chains...] -- 0:01:16
      8290000 -- (-2725.772) [...7 remote chains...] -- 0:01:15
      8300000 -- (-2724.396) [...7 remote chains...] -- 0:01:15
      8310000 -- (-2732.200) [...7 remote chains...] -- 0:01:15
      8320000 -- (-2714.695) [...7 remote chains...] -- 0:01:14
      8330000 -- (-2703.756) [...7 remote chains...] -- 0:01:14
      8340000 -- (-2714.578) [...7 remote chains...] -- 0:01:13
      8350000 -- (-2723.942) [...7 remote chains...] -- 0:01:13
      8360000 -- [-2720.037] (...7 remote chains...) -- 0:01:12
      8370000 -- (-2721.438) [...7 remote chains...] -- 0:01:12
      8380000 -- (-2722.167) [...7 remote chains...] -- 0:01:11
      8390000 -- (-2717.731) [...7 remote chains...] -- 0:01:11
      8400000 -- (-2724.647) [...7 remote chains...] -- 0:01:11
      8410000 -- (-2724.697) [...7 remote chains...] -- 0:01:10
      8420000 -- (-2729.686) [...7 remote chains...] -- 0:01:10
      8430000 -- (-2723.188) [...7 remote chains...] -- 0:01:09
      8440000 -- (-2717.856) [...7 remote chains...] -- 0:01:09
      8450000 -- (-2727.989) [...7 remote chains...] -- 0:01:08
      8460000 -- (-2718.710) [...7 remote chains...] -- 0:01:08
      8470000 -- [-2717.101] (...7 remote chains...) -- 0:01:07
      8480000 -- (-2717.615) [...7 remote chains...] -- 0:01:07
      8490000 -- [-2713.294] (...7 remote chains...) -- 0:01:07
      8500000 -- [-2715.730] (...7 remote chains...) -- 0:01:06
      8510000 -- (-2726.186) [...7 remote chains...] -- 0:01:06
      8520000 -- (-2717.528) [...7 remote chains...] -- 0:01:05
      8530000 -- (-2725.259) [...7 remote chains...] -- 0:01:05
      8540000 -- (-2720.263) [...7 remote chains...] -- 0:01:04
      8550000 -- (-2716.850) [...7 remote chains...] -- 0:01:04
      8560000 -- (-2725.478) [...7 remote chains...] -- 0:01:03
      8570000 -- (-2718.821) [...7 remote chains...] -- 0:01:03
      8580000 -- (-2724.523) [...7 remote chains...] -- 0:01:03
      8590000 -- (-2727.708) [...7 remote chains...] -- 0:01:02
      8600000 -- (-2720.785) [...7 remote chains...] -- 0:01:02
      8610000 -- (-2730.778) [...7 remote chains...] -- 0:01:01
      8620000 -- (-2727.397) [...7 remote chains...] -- 0:01:01
      8630000 -- [-2720.875] (...7 remote chains...) -- 0:01:00
      8640000 -- (-2714.912) [...7 remote chains...] -- 0:01:00
      8650000 -- (-2715.982) [...7 remote chains...] -- 0:00:59
      8660000 -- (-2724.914) [...7 remote chains...] -- 0:00:59
      8670000 -- (-2714.473) [...7 remote chains...] -- 0:00:59
      8680000 -- (-2715.215) [...7 remote chains...] -- 0:00:58
      8690000 -- (-2722.355) [...7 remote chains...] -- 0:00:58
      8700000 -- (-2715.367) [...7 remote chains...] -- 0:00:57
      8710000 -- (-2731.055) [...7 remote chains...] -- 0:00:57
      8720000 -- (-2719.969) [...7 remote chains...] -- 0:00:56
      8730000 -- (-2718.950) [...7 remote chains...] -- 0:00:56
      8740000 -- (-2720.663) [...7 remote chains...] -- 0:00:55
      8750000 -- (-2722.779) [...7 remote chains...] -- 0:00:55
      8760000 -- (-2722.661) [...7 remote chains...] -- 0:00:55
      8770000 -- (-2724.498) [...7 remote chains...] -- 0:00:54
      8780000 -- (-2720.318) [...7 remote chains...] -- 0:00:54
      8790000 -- (-2729.234) [...7 remote chains...] -- 0:00:53
      8800000 -- (-2719.480) [...7 remote chains...] -- 0:00:53
      8810000 -- [-2723.673] (...7 remote chains...) -- 0:00:52
      8820000 -- (-2728.833) [...7 remote chains...] -- 0:00:52
      8830000 -- [-2708.990] (...7 remote chains...) -- 0:00:51
      8840000 -- (-2718.836) [...7 remote chains...] -- 0:00:51
      8850000 -- (-2721.713) [...7 remote chains...] -- 0:00:51
      8860000 -- (-2715.411) [...7 remote chains...] -- 0:00:50
      8870000 -- (-2722.300) [...7 remote chains...] -- 0:00:50
      8880000 -- (-2722.889) [...7 remote chains...] -- 0:00:49
      8890000 -- (-2715.309) [...7 remote chains...] -- 0:00:49
      8900000 -- (-2711.903) [...7 remote chains...] -- 0:00:48
      8910000 -- (-2717.265) [...7 remote chains...] -- 0:00:48
      8920000 -- (-2717.228) [...7 remote chains...] -- 0:00:47
      8930000 -- (-2728.982) [...7 remote chains...] -- 0:00:47
      8940000 -- (-2709.385) [...7 remote chains...] -- 0:00:47
      8950000 -- (-2723.163) [...7 remote chains...] -- 0:00:46
      8960000 -- (-2732.529) [...7 remote chains...] -- 0:00:46
      8970000 -- (-2715.983) [...7 remote chains...] -- 0:00:45
      8980000 -- [-2717.484] (...7 remote chains...) -- 0:00:45
      8990000 -- (-2720.220) [...7 remote chains...] -- 0:00:44
      9000000 -- (-2713.063) [...7 remote chains...] -- 0:00:44
      9010000 -- (-2715.844) [...7 remote chains...] -- 0:00:43
      9020000 -- [-2718.086] (...7 remote chains...) -- 0:00:43
      9030000 -- (-2731.184) [...7 remote chains...] -- 0:00:43
      9040000 -- (-2712.439) [...7 remote chains...] -- 0:00:42
      9050000 -- [-2724.002] (...7 remote chains...) -- 0:00:42
      9060000 -- (-2724.198) [...7 remote chains...] -- 0:00:41
      9070000 -- (-2718.233) [...7 remote chains...] -- 0:00:41
      9080000 -- (-2730.174) [...7 remote chains...] -- 0:00:40
      9090000 -- (-2718.707) [...7 remote chains...] -- 0:00:40
      9100000 -- [-2729.373] (...7 remote chains...) -- 0:00:39
      9110000 -- (-2711.173) [...7 remote chains...] -- 0:00:39
      9120000 -- (-2713.464) [...7 remote chains...] -- 0:00:39
      9130000 -- (-2715.082) [...7 remote chains...] -- 0:00:38
      9140000 -- (-2724.222) [...7 remote chains...] -- 0:00:38
      9150000 -- (-2727.363) [...7 remote chains...] -- 0:00:37
      9160000 -- (-2729.529) [...7 remote chains...] -- 0:00:37
      9170000 -- (-2725.374) [...7 remote chains...] -- 0:00:36
      9180000 -- [-2710.600] (...7 remote chains...) -- 0:00:36
      9190000 -- (-2735.188) [...7 remote chains...] -- 0:00:35
      9200000 -- (-2717.325) [...7 remote chains...] -- 0:00:35
      9210000 -- (-2729.277) [...7 remote chains...] -- 0:00:35
      9220000 -- (-2712.790) [...7 remote chains...] -- 0:00:34
      9230000 -- (-2714.465) [...7 remote chains...] -- 0:00:34
      9240000 -- (-2732.274) [...7 remote chains...] -- 0:00:33
      9250000 -- (-2728.010) [...7 remote chains...] -- 0:00:33
      9260000 -- (-2735.448) [...7 remote chains...] -- 0:00:32
      9270000 -- (-2721.105) [...7 remote chains...] -- 0:00:32
      9280000 -- (-2719.571) [...7 remote chains...] -- 0:00:31
      9290000 -- (-2725.651) [...7 remote chains...] -- 0:00:31
      9300000 -- (-2715.296) [...7 remote chains...] -- 0:00:31
      9310000 -- (-2716.532) [...7 remote chains...] -- 0:00:30
      9320000 -- [-2713.801] (...7 remote chains...) -- 0:00:30
      9330000 -- (-2722.365) [...7 remote chains...] -- 0:00:29
      9340000 -- (-2718.572) [...7 remote chains...] -- 0:00:29
      9350000 -- (-2716.010) [...7 remote chains...] -- 0:00:28
      9360000 -- (-2724.686) [...7 remote chains...] -- 0:00:28
      9370000 -- (-2717.180) [...7 remote chains...] -- 0:00:27
      9380000 -- (-2721.642) [...7 remote chains...] -- 0:00:27
      9390000 -- (-2714.136) [...7 remote chains...] -- 0:00:27
      9400000 -- (-2725.560) [...7 remote chains...] -- 0:00:26
      9410000 -- (-2732.450) [...7 remote chains...] -- 0:00:26
      9420000 -- [-2726.518] (...7 remote chains...) -- 0:00:25
      9430000 -- (-2717.173) [...7 remote chains...] -- 0:00:25
      9440000 -- (-2716.764) [...7 remote chains...] -- 0:00:24
      9450000 -- (-2727.348) [...7 remote chains...] -- 0:00:24
      9460000 -- (-2720.604) [...7 remote chains...] -- 0:00:23
      9470000 -- (-2731.995) [...7 remote chains...] -- 0:00:23
      9480000 -- (-2723.275) [...7 remote chains...] -- 0:00:23
      9490000 -- (-2727.404) [...7 remote chains...] -- 0:00:22
      9500000 -- (-2717.712) [...7 remote chains...] -- 0:00:22
      9510000 -- (-2714.638) [...7 remote chains...] -- 0:00:21
      9520000 -- (-2729.595) [...7 remote chains...] -- 0:00:21
      9530000 -- (-2722.654) [...7 remote chains...] -- 0:00:20
      9540000 -- (-2724.275) [...7 remote chains...] -- 0:00:20
      9550000 -- [-2720.468] (...7 remote chains...) -- 0:00:19
      9560000 -- [-2711.246] (...7 remote chains...) -- 0:00:19
      9570000 -- (-2718.374) [...7 remote chains...] -- 0:00:19
      9580000 -- (-2725.656) [...7 remote chains...] -- 0:00:18
      9590000 -- (-2726.962) [...7 remote chains...] -- 0:00:18
      9600000 -- (-2715.787) [...7 remote chains...] -- 0:00:17
      9610000 -- (-2724.114) [...7 remote chains...] -- 0:00:17
      9620000 -- [-2731.096] (...7 remote chains...) -- 0:00:16
      9630000 -- (-2710.371) [...7 remote chains...] -- 0:00:16
      9640000 -- (-2726.750) [...7 remote chains...] -- 0:00:15
      9650000 -- (-2724.437) [...7 remote chains...] -- 0:00:15
      9660000 -- (-2715.261) [...7 remote chains...] -- 0:00:15
      9670000 -- (-2731.197) [...7 remote chains...] -- 0:00:14
      9680000 -- (-2722.942) [...7 remote chains...] -- 0:00:14
      9690000 -- [-2725.084] (...7 remote chains...) -- 0:00:13
      9700000 -- (-2724.132) [...7 remote chains...] -- 0:00:13
      9710000 -- (-2708.787) [...7 remote chains...] -- 0:00:12
      9720000 -- (-2724.624) [...7 remote chains...] -- 0:00:12
      9730000 -- (-2719.230) [...7 remote chains...] -- 0:00:11
      9740000 -- (-2729.182) [...7 remote chains...] -- 0:00:11
      9750000 -- (-2712.849) [...7 remote chains...] -- 0:00:11
      9760000 -- (-2716.926) [...7 remote chains...] -- 0:00:10
      9770000 -- (-2731.107) [...7 remote chains...] -- 0:00:10
      9780000 -- (-2715.590) [...7 remote chains...] -- 0:00:09
      9790000 -- (-2715.236) [...7 remote chains...] -- 0:00:09
      9800000 -- (-2717.562) [...7 remote chains...] -- 0:00:08
      9810000 -- (-2723.460) [...7 remote chains...] -- 0:00:08
      9820000 -- [-2714.741] (...7 remote chains...) -- 0:00:07
      9830000 -- (-2727.659) [...7 remote chains...] -- 0:00:07
      9840000 -- (-2711.916) [...7 remote chains...] -- 0:00:07
      9850000 -- (-2720.202) [...7 remote chains...] -- 0:00:06
      9860000 -- (-2715.752) [...7 remote chains...] -- 0:00:06
      9870000 -- (-2716.533) [...7 remote chains...] -- 0:00:05
      9880000 -- (-2726.669) [...7 remote chains...] -- 0:00:05
      9890000 -- [-2712.922] (...7 remote chains...) -- 0:00:04
      9900000 -- [-2717.501] (...7 remote chains...) -- 0:00:04
      9910000 -- (-2725.952) [...7 remote chains...] -- 0:00:03
      9920000 -- (-2724.527) [...7 remote chains...] -- 0:00:03
      9930000 -- [-2717.284] (...7 remote chains...) -- 0:00:03
      9940000 -- (-2729.011) [...7 remote chains...] -- 0:00:02
      9950000 -- (-2722.523) [...7 remote chains...] -- 0:00:02
      9960000 -- (-2715.407) [...7 remote chains...] -- 0:00:01
      9970000 -- [-2727.789] (...7 remote chains...) -- 0:00:01
      9980000 -- (-2724.526) [...7 remote chains...] -- 0:00:00
      9990000 -- (-2725.887) [...7 remote chains...] -- 0:00:00
      10000000 -- (-2718.337) [...7 remote chains...] -- 0:00:00

      Analysis completed in 7 mins 24 seconds
      Analysis used 443.24 seconds of CPU time on processor 0
      Log likelihood of best state for "cold" chain was -2697.55

      Acceptance rates for the moves in the "cold" chain:
         With prob.   (last 1000)   chain accepted proposals by move
             1.5 %     (  2 %)     AddBranch(V)
             1.5 %     (  1 %)     DelBranch(V)
            74.1 %     ( 74 %)     NodesliderClock(V)
            17.6 %     ( 26 %)     TreeStretch(V)
            13.9 %     ( 22 %)     Slider(Net_speciation)
            24.2 %     ( 22 %)     Slider(Relative_extinction)
            24.2 %     ( 21 %)     Slider(Relative_fossilization)
            28.7 %     ( 25 %)     Multiplier(IGRvar)
            31.0 %     ( 25 %)     Multiplier(IgrBrlens)
            24.7 %     ( 24 %)     Multiplier(Clockrate)

      Chain swap information:

                   1       2       3       4       5       6       7       8 
           ------------------------------------------------------------------
         1 |            0.92    0.85    0.78    0.71    0.65    0.58    0.53 
         2 |  356802            0.93    0.85    0.78    0.72    0.65    0.59 
         3 |  357124  356698            0.93    0.86    0.79    0.72    0.66 
         4 |  357250  357159  358301            0.93    0.86    0.79    0.72 
         5 |  357498  357545  357452  357872            0.93    0.86    0.79 
         6 |  356569  356518  357492  356890  357431            0.93    0.86 
         7 |  357517  357849  355874  357681  357258  356541            0.93 
         8 |  357821  356689  356246  356592  356919  357000  357412         

      Upper diagonal: Proportion of successful state exchanges between chains
      Lower diagonal: Number of attempted state exchanges between chains

      Chain information:

        ID -- Heat 
       -----------
         1 -- 1.00  (cold chain)
         2 -- 0.99 
         3 -- 0.98 
         4 -- 0.97 
         5 -- 0.96 
         6 -- 0.95 
         7 -- 0.94 
         8 -- 0.93 

      Heat = 1 / (1 + T * (ID - 1))
         (where T = 0.01 is the temperature and ID is the chain number)

      Setting sumt nruns to 1
      Using relative burnin (a fraction of samples discarded).
      Setting burnin fraction to 0.10
      Summarizing trees in file "alignment_and_tree.nex.t"
      Using relative burnin ('relburnin=yes'), discarding the first 10 % of sampled trees
      Writing statistics to files alignment_and_tree.nex.<parts|tstat|vstat|trprobs|con>
      Examining file ...
      Found one tree block in file "alignment_and_tree.nex.t" with 10001 trees in last block

      Tree reading status:

      0      10      20      30      40      50      60      70      80      90     100
      v-------v-------v-------v-------v-------v-------v-------v-------v-------v-------v
      *********************************************************************************

      Read 10001 trees from last tree block (sampling 9001 of them)
                                                                                   
      General explanation:                                                          
                                                                                   
      In an unrooted tree, a taxon bipartition (split) is specified by removing a   
      branch, thereby dividing the species into those to the left and those to the  
      right of the branch. Here, taxa to one side of the removed branch are denoted 
      '.' and those to the other side are denoted '*'. Specifically, the '.' symbol 
      is used for the taxa on the same side as the outgroup.                        
                                                                                   
      In a rooted or clock tree, the tree is rooted using the model and not by      
      reference to an outgroup. Each bipartition therefore corresponds to a clade,  
      that is, a group that includes all the descendants of a particular branch in  
      the tree.  Taxa that are included in each clade are denoted using '*', and    
      taxa that are not included are denoted using the '.' symbol.                  
                                                                                   
      The output first includes a key to all the bipartitions with frequency larger 
      or equal to (Minpartfreq) in at least one run. Minpartfreq is a parameter to  
      sumt command and currently it is set to 0.10.  This is followed by a table  
      with statistics for the informative bipartitions (those including at least    
      two taxa), sorted from highest to lowest probability. For each bipartition,   
      the table gives the number of times the partition or split was observed in all
      runs (#obs) and the posterior probability of the bipartition (Probab.), which 
      is the same as the split frequency. If several runs are summarized, this is   
      followed by the minimum split frequency (Min(s)), the maximum frequency       
      (Max(s)), and the standard deviation of frequencies (Stddev(s)) across runs.  
      The latter value should approach 0 for all bipartitions as MCMC runs converge.
                                                                                   
      This is followed by a table summarizing branch lengths, node heights (if a    
      clock model was used) and relaxed clock parameters (if a relaxed clock model  
      was used). The mean, variance, and 95 % credible interval are given for each 
      of these parameters. If several runs are summarized, the potential scale      
      reduction factor (PSRF) is also given; it should approach 1 as runs converge. 
      Node heights will take calibration points into account, if such points were   
      used in the analysis.                                                         
                                                                                    
      Note that Stddev may be unreliable if the partition is not present in all     
      runs (the last column indicates the number of runs that sampled the partition 
      if more than one run is summarized). The PSRF is not calculated at all if     
      the partition is not present in all runs.The PSRF is also sensitive to small  
      sample sizes and it should only be considered a rough guide to convergence    
      since some of the assumptions allowing one to interpret it as a true potential
      scale reduction factor are violated in MrBayes.                               
                                                                                    
      List of taxa in bipartitions:                                                 
                                                                                   
         1 -- Huso_huso
         2 -- Polypterus_senegalus
         3 -- Pteronisculus_cicatrosus
         4 -- Abdobalistum_thyrus
         5 -- Nursallia_veronae
         6 -- Paranursallia_gutturosum
         7 -- Pycnodus_apodus
         8 -- Oropycnodus_ponsorti
         9 -- Coelodus_saturnus
        10 -- Sylvienodus_laveirensis
        11 -- Polazzodus_coronatus
        12 -- Scalacurvichthys_naishi
        13 -- Ocloedus_subdiscus
        14 -- Tepexichthys_aranguthyorum
        15 -- Iemanja_palma
        16 -- Stemmatodus_rhombus
        17 -- Proscinetes_radiatus
        18 -- Proscinetes_bernardi
        19 -- Proscinetes_elegans
        20 -- Neoproscinetes_penalvai
        21 -- Thiollierepycnodus_wagneri
        22 -- Turboscinetes_egertoni
        23 -- Turbomesodon_relegans
        24 -- Turbomesodon_bernissartensis
        25 -- Turbomesodon_praeclarus
        26 -- Akromystax_tilmachiton
        27 -- Stenamara_mia
        28 -- Macromesodon_macropterus
        29 -- Brembodus_ridens
        30 -- Gibbodon_cenensis
        31 -- Eomesodon_liassicus
        32 -- Eomesodon_hoeferi
        33 -- Apomesodon_gibbosus
        34 -- Piranhamesodon_pinnatomus
        35 -- Arduafrons_prominoris
        36 -- Gyrodus_hexagonus
        37 -- Mesturus_verrucosus
        38 -- Mesturus_leedsi
        39 -- Palaeobalistum_orbiculatum
        40 -- Micropycnodon_kansasensis
        41 -- Paramesturus_stuehmeri
        42 -- Valgarzaella_antiquissima

      Key to taxon bipartitions (saved to file "alignment_and_tree.nex.parts"):

      ID -- Partition
      ------------------------------------------------
       0 -- 
       1 -- 
       2 -- 
       3 -- 
       4 -- 
       5 -- 
       6 -- 
       7 -- 
       8 -- 
       9 -- 
      10 -- 
      11 -- 
      12 -- 
      13 -- 
      14 -- 
      15 -- 
      16 -- 
      17 -- 
      18 -- 
      19 -- 
      20 -- 
      21 -- 
      22 -- 
      23 -- 
      24 -- 
      25 -- 
      26 -- 
      27 -- 
      28 -- 
      29 -- 
      30 -- 
      31 -- 
      32 -- 
      33 -- 
      34 -- 
      35 -- 
      36 -- 
      37 -- 
      38 -- 
      39 -- 
      40 -- 
      41 -- 
      42 -- 
      43 -- 
      44 -- 
      45 -- 
      46 -- 
      47 -- 
      48 -- 
      49 -- 
      50 -- 
      51 -- 
      52 -- 
      53 -- 
      54 -- 
      55 -- 
      56 -- 
      57 -- 
      58 -- 
      59 -- 
      60 -- 
      61 -- 
      62 -- 
      63 -- 
      64 -- 
      65 -- 
      66 -- 
      67 -- 
      68 -- 
      69 -- 
      70 -- 
      71 -- 
      72 -- 
      73 -- 
      74 -- 
      75 -- 
      76 -- 
      77 -- 
      78 -- 
      79 -- 
      80 -- 
      81 -- 
      82 -- 
      ------------------------------------------------

      Summary statistics for informative taxon bipartitions (clades)
         (saved to file "alignment_and_tree.nex.tstat"):

      ID   #obs    Probab.
      --------------------
      43  9001    1.000000
      44  9001    1.000000
      45  9001    1.000000
      46  9001    1.000000
      47  9001    1.000000
      48  9001    1.000000
      49  9001    1.000000
      50  9001    1.000000
      51  9001    1.000000
      52  9001    1.000000
      53  9001    1.000000
      54  9001    1.000000
      55  9001    1.000000
      56  9001    1.000000
      57  9001    1.000000
      58  9001    1.000000
      59  9001    1.000000
      60  9001    1.000000
      61  9001    1.000000
      62  9001    1.000000
      63  9001    1.000000
      64  9001    1.000000
      65  9001    1.000000
      66  9001    1.000000
      67  9001    1.000000
      68  9001    1.000000
      69  9001    1.000000
      70  9001    1.000000
      71  9001    1.000000
      72  9001    1.000000
      73  9001    1.000000
      74  9001    1.000000
      75  9001    1.000000
      76  9001    1.000000
      77  9001    1.000000
      78  9001    1.000000
      79  9001    1.000000
      80  9001    1.000000
      81  9001    1.000000
      82  9001    1.000000
      --------------------

      Summary statistics for branch and node parameters
         (saved to file "alignment_and_tree.nex.vstat"):

                                                        95% HPD Interval
                                                      --------------------
      Parameter                Mean       Variance     Lower       Upper       Median
      -------------------------------------------------------------------------------
      length[1]               3.333452    0.456160    2.221687    4.771399    3.239980
      length[2]               3.467348    0.509540    2.219688    4.909626    3.363148
      length[3]               0.389996    0.012422    0.168788    0.616023    0.384359
      length[4]               0.500500    0.013362    0.290719    0.730207    0.483741
      length[5]               0.556316    0.016460    0.340189    0.821939    0.537299
      length[6]               0.009818    0.000592    0.000000    0.060953    0.000000
      length[7]               0.658809    0.022003    0.400717    0.955373    0.637362
      length[8]               0.576779    0.020027    0.322219    0.855029    0.557950
      length[9]               0.329047    0.013417    0.115489    0.557772    0.316474
      length[10]              0.117598    0.005115    0.015932    0.256044    0.102093
      length[11]              0.236617    0.007346    0.094077    0.403133    0.222770
      length[12]              0.363646    0.009332    0.205434    0.561596    0.348515
      length[13]              0.447191    0.018240    0.201430    0.720375    0.434053
      length[14]              0.691374    0.021818    0.447914    1.002377    0.671927
      length[15]              0.140628    0.004793    0.032347    0.278747    0.128178
      length[16]              0.315560    0.013896    0.098939    0.547275    0.303181
      length[17]              0.593364    0.016928    0.376270    0.864238    0.576411
      length[18]              0.191590    0.022328    0.007990    0.487972    0.150315
      length[19]              0.016216    0.000908    0.000000    0.081764    0.000000
      length[20]              0.521201    0.013464    0.322819    0.761681    0.504834
      length[21]              0.074227    0.001214    0.020866    0.142153    0.066999
      length[22]              0.201485    0.004712    0.088486    0.339796    0.190898
      length[23]              0.425194    0.011943    0.234165    0.645467    0.410767
      length[24]              0.941920    0.048331    0.566895    1.379050    0.911184
      length[25]              0.784989    0.028998    0.493752    1.137098    0.760534
      length[26]              0.545166    0.018379    0.315299    0.816157    0.525035
      length[27]              0.953473    0.042226    0.601316    1.372500    0.925395
      length[28]              0.923405    0.038582    0.559530    1.304200    0.899653
      length[29]              0.087288    0.001440    0.020482    0.161793    0.082518
      length[30]              0.090968    0.001316    0.029272    0.162321    0.085797
      length[31]              0.254919    0.004291    0.142336    0.384820    0.246217
      length[32]              0.070783    0.001157    0.017351    0.137142    0.064890
      length[33]              0.323030    0.054748    0.017444    0.810934    0.252869
      length[34]              0.306368    0.053967    0.020605    0.792903    0.234611
      length[35]              1.069375    0.044727    0.690261    1.481694    1.040407
      length[36]              1.107118    0.047949    0.720384    1.539261    1.077054
      length[37]              0.391141    0.052480    0.119091    0.884451    0.318953
      length[38]              0.211877    0.046629    0.000000    0.672651    0.136208
      length[39]              0.741452    0.026805    0.449971    1.061395    0.719501
      length[40]              1.802749    0.133276    1.145559    2.513764    1.748458
      length[41]              1.589723    0.100627    1.020445    2.218718    1.540614
      length[42]              0.436524    0.014472    0.226343    0.689394    0.424447
      length[43]              0.076806    0.004129    0.000042    0.205124    0.059488
      length[44]              0.064744    0.002101    0.000008    0.153875    0.054685
      length[45]              0.128062    0.006774    0.011398    0.287857    0.111271
      length[46]              0.044549    0.001370    0.000007    0.116097    0.035444
      length[47]              0.086484    0.004828    0.000054    0.222050    0.069144
      length[48]              0.131519    0.008720    0.009869    0.323378    0.109697
      length[49]              0.099143    0.004532    0.006769    0.233271    0.083124
      length[50]              0.086024    0.005651    0.000002    0.236336    0.065200
      length[51]              0.083439    0.005293    0.000009    0.226300    0.063217
      length[52]              0.067293    0.003739    0.000010    0.184171    0.051540
      length[53]              0.066603    0.004327    0.000006    0.195301    0.047013
      length[54]              0.236228    0.008907    0.078213    0.421220    0.220367
      length[55]              0.055946    0.001676    0.000013    0.135316    0.045916
      length[56]              0.052087    0.001243    0.003947    0.122829    0.043637
      length[57]              0.122755    0.008448    0.000057    0.304827    0.101152
      length[58]              0.813435    0.069334    0.249355    1.356381    0.823939
      length[59]              0.061832    0.003129    0.000025    0.169282    0.047059
      length[60]              0.096014    0.001785    0.017129    0.182665    0.092101
      length[61]              0.102002    0.003399    0.019416    0.218332    0.089348
      length[62]              0.199501    0.015316    0.020431    0.438956    0.174598
      length[63]              0.037632    0.000815    0.000734    0.091687    0.030147
      length[64]              0.670255    0.080651    0.020008    1.129680    0.684957
      length[65]              0.082276    0.003891    0.000030    0.200430    0.067404
      length[66]              0.042196    0.001062    0.000106    0.104421    0.033945
      length[67]              0.056120    0.001716    0.000186    0.135886    0.046445
      length[68]              0.046013    0.000829    0.006935    0.104161    0.039525
      length[69]              0.038459    0.001030    0.000005    0.102590    0.030619
      length[70]              0.059773    0.001154    0.009162    0.127987    0.052891
      length[71]              0.081660    0.004161    0.000034    0.209063    0.064078
      length[72]              0.063989    0.002040    0.001058    0.152258    0.054014
      length[73]              0.112850    0.006199    0.001945    0.263880    0.094265
      length[74]              0.168717    0.010344    0.024470    0.370717    0.146061
      length[75]              0.055390    0.002797    0.000010    0.162163    0.039220
      length[76]              0.061257    0.001991    0.002097    0.150144    0.049309
      length[77]              0.077139    0.003198    0.006583    0.185202    0.061971
      length[78]              0.037936    0.000981    0.000004    0.101181    0.030135
      length[79]              0.052971    0.001334    0.003927    0.126888    0.044163
      length[80]              0.075997    0.001336    0.019632    0.149218    0.068870
      length[81]              0.124844    0.011051    0.000088    0.327431    0.095210
      length[82]              0.028851    0.000643    0.000004    0.077948    0.022047
      height[0]               3.467349    0.509540    2.219688    4.909626    3.363149
      height[1]               0.000000    0.000000    0.000000    0.000001    0.000000
      height[2]               0.000000    0.000000    0.000000    0.000001    0.000000
      height[3]               3.010750    0.409355    1.938183    4.338599    2.916397
      height[4]               0.626333    0.018588    0.382671    0.892001    0.607995
      height[5]               0.626637    0.018550    0.390861    0.898577    0.605709
      height[6]               1.117015    0.057207    0.713466    1.608837    1.082415
      height[7]               0.626146    0.018323    0.397771    0.902282    0.606774
      height[8]               0.830527    0.031662    0.530783    1.198368    0.802010
      height[9]               1.114990    0.059821    0.689954    1.604812    1.078550
      height[10]              1.161646    0.061524    0.729034    1.658627    1.123537
      height[11]              1.042626    0.049665    0.660422    1.488612    1.008594
      height[12]              1.168194    0.061972    0.737997    1.668152    1.130132
      height[13]              1.483455    0.099631    0.947299    2.130731    1.435756
      height[14]              1.266750    0.073496    0.806666    1.823812    1.225807
      height[15]              1.391211    0.087933    0.896610    2.009585    1.345693
      height[16]              1.483566    0.099823    0.954778    2.137595    1.436150
      height[17]              1.472793    0.098186    0.919199    2.097665    1.426120
      height[18]              1.590693    0.140728    0.926010    2.329156    1.546512
      height[19]              1.766067    0.141058    1.142625    2.547818    1.711589
      height[20]              1.394727    0.089484    0.879316    1.985718    1.350899
      height[21]              1.804069    0.146932    1.159919    2.599576    1.747420
      height[22]              1.808726    0.147851    1.158263    2.603849    1.751231
      height[23]              1.766211    0.141091    1.135521    2.542302    1.709380
      height[24]              1.382013    0.094451    0.836241    1.990149    1.336470
      height[25]              1.483554    0.099617    0.946422    2.131481    1.436265
      height[26]              1.167476    0.061965    0.728513    1.662420    1.130086
      height[27]              1.483310    0.099646    0.913641    2.100506    1.435696
      height[28]              1.682095    0.128372    1.064748    2.401355    1.628520
      height[29]              2.558584    0.296076    1.637377    3.674387    2.478591
      height[30]              2.554904    0.294581    1.646967    3.685031    2.475150
      height[31]              2.369639    0.254207    1.488075    3.376661    2.295288
      height[32]              2.553775    0.294374    1.619655    3.651156    2.474460
      height[33]              1.765910    0.141113    1.102593    2.509980    1.709611
      height[34]              1.782572    0.143855    1.105913    2.526388    1.726509
      height[35]              1.765818    0.141017    1.123438    2.535212    1.710090
      height[36]              1.766011    0.141287    1.119305    2.524906    1.709048
      height[37]              1.766072    0.141095    1.124452    2.533318    1.709918
      height[38]              1.945336    0.171087    1.245153    2.798441    1.881895
      height[39]              0.625779    0.018423    0.383912    0.889661    0.605996
      height[40]              1.123351    0.059524    0.707081    1.618081    1.087224
      height[41]              1.445670    0.094379    0.941196    2.092699    1.400067
      height[42]              2.660700    0.322675    1.706377    3.831676    2.574690
      height[43]              1.367230    0.079869    0.889470    1.950604    1.329241
      height[44]              2.970648    0.367754    1.930894    4.194393    2.883975
      height[45]              1.279244    0.074312    0.816349    1.824844    1.235639
      height[46]              2.926100    0.356125    1.924559    4.158980    2.841885
      height[47]              1.712642    0.123278    1.108008    2.413779    1.659720
      height[48]              1.799126    0.136886    1.165918    2.535696    1.744454
      height[49]              1.613499    0.109684    1.034435    2.265208    1.565622
      height[50]              1.444037    0.087850    0.942413    2.051646    1.401910
      height[51]              1.530061    0.098621    0.989674    2.152909    1.483556
      height[52]              3.333452    0.456160    2.221688    4.771399    3.239980
      height[53]              3.400745    0.480425    2.204612    4.812115    3.301692
      height[54]              3.097224    0.401331    2.012473    4.387627    3.002025
      height[55]              2.010211    0.171341    1.327882    2.871768    1.950160
      height[56]              1.958124    0.164581    1.256075    2.772482    1.898106
      height[57]              1.407306    0.087488    0.862504    1.974317    1.362985
      height[58]              2.157213    0.257768    1.296507    3.202196    2.075715
      height[59]              3.035393    0.382289    1.960632    4.275757    2.943769
      height[60]              1.782283    0.144260    1.156950    2.578800    1.728058
      height[61]              1.182953    0.063183    0.733516    1.680203    1.145284
      height[62]              1.930646    0.157953    1.230961    2.697410    1.873436
      height[63]              1.878296    0.153483    1.216894    2.688459    1.818785
      height[64]              2.088940    0.219616    1.302219    3.048341    2.023018
      height[65]              1.284955    0.071671    0.818590    1.826758    1.245205
      height[66]              1.915928    0.158577    1.265337    2.760214    1.856460
      height[67]              1.126833    0.058350    0.699598    1.604477    1.089842
      height[68]              2.684331    0.311640    1.745046    3.839948    2.601234
      height[69]              2.645872    0.304904    1.710554    3.782710    2.563567
      height[70]              2.624558    0.303288    1.712055    3.776525    2.543363
      height[71]              1.531839    0.100986    0.992933    2.163701    1.485657
      height[72]              2.066158    0.179983    1.364043    2.948911    2.004657
      height[73]              2.323933    0.226833    1.499589    3.284653    2.257086
      height[74]              2.436783    0.249211    1.577733    3.449864    2.367172
      height[75]              2.268543    0.214834    1.490530    3.224740    2.202328
      height[76]              2.130147    0.188458    1.352965    2.971584    2.069636
      height[77]              2.191404    0.198738    1.408702    3.073371    2.127922
      height[78]              2.835193    0.336671    1.832455    4.003078    2.754047
      height[79]              2.873129    0.344917    1.834569    4.031918    2.790465
      height[80]              2.759196    0.324639    1.802777    3.933704    2.678260
      height[81]              2.605500    0.284415    1.708015    3.696994    2.526963
      height[82]              2.730344    0.318349    1.745633    3.862435    2.649085
      age[0]                289.472595   59.724084  274.143932  298.995532  291.311151
      age[1]                  0.000015    0.000000    0.000000    0.000060    0.000000
      age[2]                  0.000014    0.000000    0.000000    0.000061    0.000000
      age[3]                250.948968    0.007509  250.804107  251.088380  250.948092
      age[4]                 52.199391    5.137971   48.464414   55.909000   52.249894
      age[5]                 52.229860    5.212748   48.491507   55.996903   52.342209
      age[6]                 93.109224    7.244772   89.800421   98.726020   92.432414
      age[7]                 52.197831    5.265888   48.526017   55.999422   52.264889
      age[8]                 69.224437    3.221287   66.280572   72.143830   69.287116
      age[9]                 92.929862   23.505160   84.801649  100.497132   93.431065
      age[10]                96.821230    3.582139   93.901818  100.027288   96.671589
      age[11]                86.901398    3.195935   83.972539   89.799005   86.982727
      age[12]                97.374788    3.594676   94.296341  100.497720   97.450588
      age[13]               123.646675    1.577046  121.600219  125.723827  123.684074
      age[14]               105.585852    7.633566  101.055074  110.099016  105.736192
      age[15]               115.959812    3.230681  113.200059  119.060950  115.741676
      age[16]               123.651392    1.576677  121.615881  125.739296  123.672978
      age[17]               122.763995    3.225174  119.817925  125.689677  122.824831
      age[18]               132.452030  144.186576  106.623744  150.045788  135.360574
      age[19]               147.203559    1.422259  145.283892  149.196515  147.244672
      age[20]               116.249308   10.566215  110.828373  121.399667  116.466918
      age[21]               150.374096    0.687505  149.200386  151.901760  150.216629
      age[22]               150.759289    0.757638  149.368445  152.207547  150.779008
      age[23]               147.217357    1.422731  145.224995  149.125677  147.274111
      age[24]               115.177004   50.749749  102.493899  125.768355  116.169079
      age[25]               123.657653    1.550642  121.634377  125.759524  123.703675
      age[26]                97.312012    3.644192   94.243943  100.498382   97.338091
      age[27]               123.635526    1.593707  121.625972  125.761388  123.668312
      age[28]               140.201514    3.044185  137.366038  143.095913  140.299813
      age[29]               213.257620    1.435862  211.350453  215.321121  213.234549
      age[30]               212.958797    1.366156  211.180209  215.006173  212.837869
      age[31]               197.514803    5.972812  193.481621  201.394506  197.630247
      age[32]               212.864306    1.333056  211.180230  214.971286  212.674089
      age[33]               147.189985    1.418188  145.257456  149.159815  147.216234
      age[34]               148.585226    4.233852  145.069418  151.833516  148.539406
      age[35]               147.182830    1.416114  145.283891  149.196152  147.232698
      age[36]               147.194429    1.417604  145.281263  149.182516  147.215558
      age[37]               147.201822    1.389373  145.300592  149.199373  147.244750
      age[38]               162.149980    3.242034  159.187790  165.123468  162.151719
      age[39]                52.160480    5.288871   48.487169   55.990899   52.236205
      age[40]                93.637255   18.104396   86.612546  100.497374   93.903976
      age[41]               120.499380    0.277668  119.659867  121.389079  120.503656
      age[42]               221.760589   11.725788  216.144079  227.299431  221.920233
      age[43]               114.316825   53.325566  100.359134  128.204871  113.831458
      age[44]               248.089491   47.066347  234.846661  261.574629  247.698551
      age[45]               106.776303   36.227245   96.748694  118.768346  105.696812
      age[46]               244.368279   42.152882  231.752320  257.012243  243.946609
      age[47]               143.207032   71.252578  127.171476  159.842387  142.546624
      age[48]               150.452798   85.359793  132.488040  168.011841  150.008765
      age[49]               134.859425   50.783342  122.098197  149.134094  134.144723
      age[50]               120.767321   57.937674  105.906842  135.620767  120.358555
      age[51]               127.927945   55.413524  114.516846  143.603540  127.297806
      age[52]               278.496208   75.358144  262.114352  294.930856  279.134158
      age[53]               284.042146   69.587292  268.016721  298.016227  285.172296
      age[54]               258.668173   65.803386  243.025475  274.269794  258.599373
      age[55]               167.843219   28.713361  158.557305  178.687983  167.298406
      age[56]               163.440797   21.146471  155.276081  172.534676  162.937080
      age[57]               117.614118   62.915403  102.903652  132.698447  117.156013
      age[58]               179.768011  291.665872  160.074763  217.933298  173.938013
      age[59]               253.535849   57.086453  239.382380  268.807358  253.233214
      age[60]               148.558842    6.773666  145.060532  153.846246  148.126915
      age[61]                98.700308   21.693717   90.985632  107.757925   98.042806
      age[62]               161.431448   95.542829  142.844957  180.894658  161.645185
      age[63]               156.703192    9.222295  151.787024  162.737150  156.211885
      age[64]               174.677164  375.017949  150.064629  217.579734  168.860676
      age[65]               107.363863   39.227418   96.070609  119.716236  106.754238
      age[66]               159.880542   14.388955  153.347899  167.173218  159.403118
      age[67]                93.938423   10.814930   89.800421  100.007052   93.204164
      age[68]               223.963774   12.299457  217.718811  231.113925  223.524909
      age[69]               220.718686    9.701431  214.968593  226.813134  220.349220
      age[70]               218.892747    8.874011  213.721015  224.834758  218.529840
      age[71]               127.940373   35.100768  117.965372  139.871831  127.094622
      age[72]               172.556011   38.308503  161.634788  184.865953  172.002241
      age[73]               194.170787   77.369930  176.996979  211.343966  193.893991
      age[74]               203.597156   86.155222  186.120577  221.417599  203.777973
      age[75]               189.553903   68.935549  174.016835  206.201657  189.184555
      age[76]               177.968251   47.138391  165.010219  191.246251  177.461898
      age[77]               183.112447   57.214624  168.996019  198.102077  182.699136
      age[78]               236.731094   30.302372  226.992975  248.325570  236.292652
      age[79]               239.913602   35.562146  228.837873  251.813133  239.503977
      age[80]               230.290764   21.218046  222.281228  239.689324  229.843666
      age[81]               217.647781   71.511892  200.131134  232.375717  218.895864
      age[82]               227.867681   17.526579  220.340546  236.257402  227.436596
      IgrBrlens_length[1]     0.202016    0.009701    0.000005    0.360311    0.204926
      IgrBrlens_length[2]     0.099665    0.003318    0.000010    0.200422    0.096325
      IgrBrlens_length[3]     0.047839    0.001235    0.000000    0.114222    0.041246
      IgrBrlens_length[4]     0.413910    0.010666    0.239983    0.628453    0.402037
      IgrBrlens_length[5]     0.095816    0.001893    0.021365    0.181903    0.089662
      IgrBrlens_length[6]     0.004975    0.000157    0.000000    0.031648    0.000000
      IgrBrlens_length[7]     0.138850    0.002796    0.042224    0.245405    0.133059
      IgrBrlens_length[8]     0.217639    0.003547    0.108115    0.334314    0.212192
      IgrBrlens_length[9]     0.162555    0.003186    0.062235    0.275031    0.156333
      IgrBrlens_length[10]    0.129862    0.002094    0.048547    0.221639    0.124247
      IgrBrlens_length[11]    0.060350    0.000968    0.008521    0.123638    0.055688
      IgrBrlens_length[12]    0.058460    0.001446    0.000001    0.131437    0.052482
      IgrBrlens_length[13]    0.042615    0.000936    0.000001    0.100385    0.037088
      IgrBrlens_length[14]    0.211119    0.003729    0.103925    0.336966    0.204997
      IgrBrlens_length[15]    0.270313    0.006571    0.119169    0.425763    0.260871
      IgrBrlens_length[16]    0.134214    0.002321    0.046636    0.229230    0.129467
      IgrBrlens_length[17]    0.114710    0.002630    0.020386    0.218279    0.109920
      IgrBrlens_length[18]    0.055911    0.000615    0.011599    0.104345    0.052412
      IgrBrlens_length[19]    0.004073    0.000077    0.000000    0.022181    0.000000
      IgrBrlens_length[20]    0.074483    0.001085    0.017682    0.138968    0.070035
      IgrBrlens_length[21]    0.240968    0.003584    0.130881    0.359501    0.235220
      IgrBrlens_length[22]    0.082340    0.001570    0.013569    0.159020    0.077503
      IgrBrlens_length[23]    0.053923    0.000861    0.002861    0.110183    0.049670
      IgrBrlens_length[24]    0.030094    0.000487    0.000002    0.072988    0.025377
      IgrBrlens_length[25]    0.037073    0.000454    0.001738    0.077621    0.033271
      IgrBrlens_length[26]    0.370085    0.008375    0.205784    0.553041    0.360684
      IgrBrlens_length[27]    0.148637    0.004047    0.033156    0.270357    0.139642
      IgrBrlens_length[28]    0.108379    0.001967    0.030948    0.198168    0.103869
      IgrBrlens_length[29]    0.081046    0.001426    0.012425    0.156229    0.077291
      IgrBrlens_length[30]    0.210393    0.003648    0.101128    0.329566    0.204413
      IgrBrlens_length[31]    0.074952    0.001870    0.000012    0.153534    0.068943
      IgrBrlens_length[32]    0.146454    0.002641    0.055060    0.249071    0.140314
      IgrBrlens_length[33]    0.079204    0.001279    0.018691    0.151863    0.074445
      IgrBrlens_length[34]    0.154120    0.002373    0.063628    0.248051    0.149057
      IgrBrlens_length[35]    0.153896    0.003245    0.049460    0.266276    0.148194
      IgrBrlens_length[36]    0.102154    0.002048    0.027603    0.197082    0.096452
      IgrBrlens_length[37]    0.019923    0.000282    0.000002    0.052541    0.015800
      IgrBrlens_length[38]    0.037949    0.000465    0.002600    0.081199    0.034284
      IgrBrlens_length[39]    0.301147    0.007580    0.141009    0.471074    0.292228
      IgrBrlens_length[40]    0.116261    0.004021    0.012401    0.241793    0.105193
      IgrBrlens_length[41]    0.040529    0.002370    0.000002    0.135415    0.023399
      IgrBrlens_length[42]    0.297419    0.027685    0.000001    0.584517    0.282969
      IgrBrlens_length[43]    0.044556    0.001543    0.000000    0.122049    0.034293
      IgrBrlens_length[44]    0.096368    0.005082    0.000000    0.233606    0.081409
      IgrBrlens_length[45]    0.091044    0.001593    0.023764    0.172337    0.086189
      IgrBrlens_length[46]    0.049328    0.002224    0.000000    0.143770    0.035796
      IgrBrlens_length[47]    0.061681    0.002158    0.000000    0.152239    0.053020
      IgrBrlens_length[48]    0.097188    0.001906    0.015905    0.182436    0.092194
      IgrBrlens_length[49]    0.112394    0.002939    0.018283    0.225254    0.107168
      IgrBrlens_length[50]    0.031930    0.000767    0.000000    0.087627    0.024587
      IgrBrlens_length[51]    0.036128    0.001030    0.000000    0.098716    0.028225
      IgrBrlens_length[52]    0.068515    0.005853    0.000000    0.230294    0.038304
      IgrBrlens_length[53]    0.037645    0.001809    0.000000    0.125913    0.021436
      IgrBrlens_length[54]    1.250893    0.254170    0.489150    2.273124    1.152845
      IgrBrlens_length[55]    0.067982    0.001892    0.000001    0.146406    0.062703
      IgrBrlens_length[56]    0.067550    0.001365    0.000008    0.135615    0.062797
      IgrBrlens_length[57]    0.045769    0.001158    0.000001    0.109368    0.039654
      IgrBrlens_length[58]    0.128909    0.003930    0.018409    0.256319    0.123232
      IgrBrlens_length[59]    0.095344    0.016073    0.000000    0.358916    0.040400
      IgrBrlens_length[60]    0.041265    0.000757    0.000004    0.092447    0.036369
      IgrBrlens_length[61]    0.161407    0.003205    0.059955    0.273606    0.155667
      IgrBrlens_length[62]    0.130717    0.002694    0.037581    0.233253    0.124272
      IgrBrlens_length[63]    0.039746    0.000608    0.000000    0.086068    0.035867
      IgrBrlens_length[64]    0.055154    0.001220    0.000002    0.121315    0.049036
      IgrBrlens_length[65]    0.072616    0.002487    0.000000    0.164629    0.065651
      IgrBrlens_length[66]    0.047382    0.000984    0.000000    0.105939    0.042388
      IgrBrlens_length[67]    0.055255    0.001336    0.000003    0.122947    0.050199
      IgrBrlens_length[68]    0.077196    0.001318    0.011569    0.149277    0.073033
      IgrBrlens_length[69]    0.032436    0.001260    0.000000    0.104270    0.020255
      IgrBrlens_length[70]    0.077405    0.001493    0.011350    0.153756    0.072239
      IgrBrlens_length[71]    0.045492    0.001185    0.000000    0.112242    0.038581
      IgrBrlens_length[72]    0.075337    0.002350    0.000000    0.164572    0.069282
      IgrBrlens_length[73]    0.117697    0.004105    0.000004    0.233262    0.112162
      IgrBrlens_length[74]    0.209310    0.005308    0.076253    0.354770    0.203072
      IgrBrlens_length[75]    0.026696    0.000557    0.000000    0.073531    0.020727
      IgrBrlens_length[76]    0.066307    0.001404    0.000002    0.135342    0.061525
      IgrBrlens_length[77]    0.081535    0.001228    0.020046    0.149717    0.077080
      IgrBrlens_length[78]    0.040736    0.001387    0.000000    0.113146    0.031973
      IgrBrlens_length[79]    0.076210    0.002026    0.000000    0.161331    0.069671
      IgrBrlens_length[80]    0.214994    0.004001    0.099307    0.342407    0.209127
      IgrBrlens_length[81]    0.053551    0.001601    0.000000    0.130500    0.046973
      IgrBrlens_length[82]    0.027912    0.000675    0.000000    0.078454    0.020988
      IgrBrlens_rate[1]       0.063299    0.001152    0.000001    0.120814    0.061763
      IgrBrlens_rate[2]       0.030128    0.000352    0.000002    0.064154    0.028415
      IgrBrlens_rate[3]       0.136309    0.014696    0.000002    0.356037    0.108554
      IgrBrlens_rate[4]       0.868266    0.083923    0.383587    1.442897    0.827516
      IgrBrlens_rate[5]       0.181725    0.008914    0.033917    0.367125    0.164272
      IgrBrlens_rate[6]       0.921999    0.127561    0.000092    1.080136    1.000000
      IgrBrlens_rate[7]       0.221713    0.010088    0.062935    0.438751    0.205923
      IgrBrlens_rate[8]       0.398244    0.020581    0.145889    0.673133    0.377512
      IgrBrlens_rate[9]       0.560797    0.094353    0.129339    1.129290    0.492230
      IgrBrlens_rate[10]      1.519815    1.104784    0.211835    3.644394    1.233138
      IgrBrlens_rate[11]      0.288348    0.035522    0.017101    0.656825    0.247011
      IgrBrlens_rate[12]      0.171081    0.014598    0.000003    0.400570    0.146945
      IgrBrlens_rate[13]      0.104965    0.007422    0.000001    0.270705    0.085239
      IgrBrlens_rate[14]      0.319181    0.013541    0.123216    0.553201    0.301887
      IgrBrlens_rate[15]      2.352730    1.617250    0.546748    4.926204    2.076830
      IgrBrlens_rate[16]      0.493179    0.084710    0.085567    1.027386    0.432879
      IgrBrlens_rate[17]      0.202508    0.010277    0.028401    0.408564    0.188378
      IgrBrlens_rate[18]      0.581648    0.441397    0.015922    1.883407    0.356695
      IgrBrlens_rate[19]      0.748104    0.156258    0.022566    1.000000    1.000000
      IgrBrlens_rate[20]      0.150044    0.005771    0.027114    0.297636    0.137230
      IgrBrlens_rate[21]      3.841105    3.099515    0.925680    7.196131    3.516493
      IgrBrlens_rate[22]      0.456040    0.076999    0.047534    0.989360    0.401527
      IgrBrlens_rate[23]      0.135078    0.006828    0.008300    0.298360    0.119634
      IgrBrlens_rate[24]      0.033831    0.000716    0.000002    0.086276    0.027291
      IgrBrlens_rate[25]      0.049552    0.000967    0.002077    0.109310    0.043165
      IgrBrlens_rate[26]      0.718000    0.061716    0.298033    1.202679    0.681284
      IgrBrlens_rate[27]      0.163438    0.006526    0.035159    0.322309    0.148606
      IgrBrlens_rate[28]      0.122485    0.003262    0.026301    0.233490    0.113624
      IgrBrlens_rate[29]      1.087005    0.464588    0.069778    2.389151    0.941709
      IgrBrlens_rate[30]      2.659820    1.578720    0.778091    5.279093    2.402241
      IgrBrlens_rate[31]      0.312882    0.039811    0.000043    0.698820    0.275998
      IgrBrlens_rate[32]      2.484542    1.789167    0.538907    5.112999    2.192278
      IgrBrlens_rate[33]      0.409508    0.166595    0.014709    1.155568    0.287152
      IgrBrlens_rate[34]      0.893638    0.694325    0.063384    2.525490    0.631955
      IgrBrlens_rate[35]      0.149658    0.004081    0.037388    0.275298    0.140378
      IgrBrlens_rate[36]      0.096089    0.002272    0.019957    0.192125    0.088740
      IgrBrlens_rate[37]      0.065641    0.004622    0.000003    0.197180    0.045221
      IgrBrlens_rate[38]      0.448358    0.330189    0.004822    1.529405    0.245661
      IgrBrlens_rate[39]      0.424739    0.023629    0.157983    0.722699    0.402784
      IgrBrlens_rate[40]      0.067242    0.001591    0.006671    0.148272    0.058755
      IgrBrlens_rate[41]      0.026696    0.001101    0.000001    0.090124    0.015014
      IgrBrlens_rate[42]      0.749332    0.245918    0.000001    1.664310    0.667777
      IgrBrlens_rate[43]      0.861805    0.796280    0.000002    2.590876    0.595102
      IgrBrlens_rate[44]      1.811289    1.850138    0.000037    4.419723    1.501389
      IgrBrlens_rate[45]      1.059868    0.793951    0.079423    2.831366    0.798945
      IgrBrlens_rate[46]      1.324835    1.431208    0.000008    3.587807    1.012311
      IgrBrlens_rate[47]      1.025372    0.907841    0.000006    2.873186    0.755330
      IgrBrlens_rate[48]      1.132571    0.927531    0.069754    2.982714    0.852060
      IgrBrlens_rate[49]      1.552591    1.248235    0.070234    3.811725    1.276209
      IgrBrlens_rate[50]      0.627596    0.506621    0.000002    1.999768    0.397073
      IgrBrlens_rate[51]      0.681922    0.574811    0.000003    2.145744    0.447412
      IgrBrlens_rate[52]      1.173842    1.433411    0.000002    3.509620    0.819711
      IgrBrlens_rate[53]      0.783678    0.807290    0.000008    2.540789    0.493622
      IgrBrlens_rate[54]      5.754732    5.385100    2.079334   10.460574    5.406494
      IgrBrlens_rate[55]      1.594598    1.506711    0.000512    3.956682    1.306679
      IgrBrlens_rate[56]      1.725146    1.589975    0.006246    4.147586    1.399847
      IgrBrlens_rate[57]      0.599234    0.448537    0.000014    1.868391    0.389943
      IgrBrlens_rate[58]      0.196116    0.044349    0.000006    0.446608    0.154399
      IgrBrlens_rate[59]      1.471540    2.199019    0.000008    4.435346    1.030147
      IgrBrlens_rate[60]      0.509583    0.208646    0.000060    1.282381    0.395689
      IgrBrlens_rate[61]      2.047639    1.520043    0.374929    4.605017    1.764924
      IgrBrlens_rate[62]      0.959586    0.641016    0.091522    2.528261    0.722513
      IgrBrlens_rate[63]      1.468149    1.284951    0.000031    3.659688    1.185254
      IgrBrlens_rate[64]      0.124341    0.044776    0.000002    0.347800    0.076322
      IgrBrlens_rate[65]      1.224042    1.155959    0.000008    3.357656    0.929653
      IgrBrlens_rate[66]      1.518907    1.444289    0.000023    3.803955    1.213898
      IgrBrlens_rate[67]      1.331565    1.201807    0.000366    3.488406    1.032634
      IgrBrlens_rate[68]      2.156358    1.896206    0.187004    4.915496    1.829561
      IgrBrlens_rate[69]      1.010545    1.048383    0.000003    3.038900    0.702927
      IgrBrlens_rate[70]      1.645576    1.255231    0.141466    3.808040    1.372542
      IgrBrlens_rate[71]      0.841005    0.663419    0.000015    2.434836    0.591740
      IgrBrlens_rate[72]      1.531313    1.436423    0.000009    3.848770    1.246225
      IgrBrlens_rate[73]      1.432012    1.235200    0.001293    3.622202    1.137194
      IgrBrlens_rate[74]      1.682341    1.280821    0.227551    3.928012    1.384223
      IgrBrlens_rate[75]      0.798091    0.756127    0.000002    2.465897    0.518928
      IgrBrlens_rate[76]      1.498346    1.308029    0.000284    3.715505    1.196113
      IgrBrlens_rate[77]      1.542550    1.297952    0.113056    3.795814    1.246434
      IgrBrlens_rate[78]      1.322020    1.408733    0.000039    3.608690    1.026767
      IgrBrlens_rate[79]      1.854224    1.660052    0.003066    4.332505    1.555317
      IgrBrlens_rate[80]      3.365804    2.673078    0.925587    6.544285    3.067974
      IgrBrlens_rate[81]      0.713209    0.617016    0.000001    2.223138    0.469343
      IgrBrlens_rate[82]      1.260760    1.359522    0.000044    3.512622    0.944497
      -------------------------------------------------------------------------------




      Clade credibility values:

      Subtree rooted at node 54:

                                                           /----- Abdobalistum_th~ (4)
                                                     /-100-+                          
                                                     |     \----- Paranursallia_g~ (6)
                                                /-100+                                
                                                |    \----------- Nursallia_veron~ (5)
                                           /-100+                                     
                                           |    \---------------- Pycnodus_apodus (7)
                                      /-100+                                          
                                      |    \--------------------- Palaeobalistum~ (39)
                                /-100-+                                               
                                |     \-------------------------- Coelodus_saturn~ (9)
                                |                                                     
                           /-100+                    /----------- Oropycnodus_pon~ (8)
                           |    |                    |                                
                           |    \---------100--------+     /----- Sylvienodus_la~ (10)
                           |                         \-100-+                          
                      /-100+                               \----- Polazzodus_cor~ (11)
                      |    |                                                          
                      |    |                               /----- Scalacurvichth~ (12)
                 /-100+    \--------------100--------------+                          
                 |    |                                    \----- Iemanja_palma (15)
                 |    |                                                               
           /-100-+    \------------------------------------------ Akromystax_til~ (26)
           |     |                                                                    
      --100+     \----------------------------------------------- Stemmatodus_rh~ (16)
           |                                                                          
           \----------------------------------------------------- Ocloedus_subdi~ (13)
                                                                                      
      Subtree rooted at node 64:

                           /------------------------------------- (54)
                           |                                                          
                           |               /--------------------- Tepexichthys_a~ (14)
                           |               |                                          
                           |               |               /----- Proscinetes_be~ (18)
                           |               |         /-100-+                          
                      /-100+          /-100+         |     \----- Proscinetes_el~ (19)
                      |    |          |    |    /-100+                                
                      |    |          |    |    |    \----------- Thiollierepycn~ (21)
                      |    |    /-100-+    \-100+                                     
                      |    |    |     |         \---------------- Neoproscinetes~ (20)
                 /-100+    |    |     |                                               
                 |    |    \-100+     \-------------------------- Turboscinetes_~ (22)
                 |    |         |                                                     
                 |    |         \-------------------------------- Proscinetes_ra~ (17)
           /-100-+    |                                                               
           |     |    \------------------------------------------ Turbomesodon_r~ (23)
           |     |                                                                    
      --100+     \----------------------------------------------- Turbomesodon_p~ (25)
           |                                                                          
           \----------------------------------------------------- Turbomesodon_b~ (24)
                                                                                      
      Subtree rooted at node 79:

                                                           /----- (64)
                                                     /-100-+                          
                                                     |     \----- Stenamara_mia (27)
                                                /-100+                                
                                                |    \----------- Macromesodon_m~ (28)
                                                |                                     
                                           /-100+          /----- Brembodus_ride~ (29)
                                           |    |    /-100-+                          
                                           |    |    |     \----- Gibbodon_cenen~ (30)
                                           |    \-100+                                
                                           |         |     /----- Eomesodon_lias~ (31)
                                      /-100+         \-100-+                          
                                      |    |               \----- Eomesodon_hoef~ (32)
                                      |    |                                          
                                      |    |               /----- Apomesodon_gib~ (33)
                                /-100-+    \------100------+                          
                                |     |                    \----- Piranhamesodon~ (34)
                                |     |                                               
                           /-100+     \-------------------------- Arduafrons_pro~ (35)
                           |    |                                                     
                      /-100+    \-------------------------------- Gyrodus_hexago~ (36)
                      |    |                                                          
                      |    \------------------------------------- Micropycnodon_~ (40)
                 /-100+                                                               
                 |    |                                    /----- Mesturus_verru~ (37)
                 |    \-----------------100----------------+                          
           /-100-+                                         \----- Mesturus_leedsi (38)
           |     |                                                                    
      --100+     \----------------------------------------------- Paramesturus_s~ (41)
           |                                                                          
           \----------------------------------------------------- Valgarzaella_a~ (42)
                                                                                      
      Root part of tree:

      /---------------------------------------------------------- Polypterus_sene~ (2)
      |                                                                               
      |                                      /------------------- Huso_huso (1)
      +                  /--------100--------+                                        
      |                  |                   \------------------- (79)
      \--------100-------+                                                            
                         \--------------------------------------- Pteronisculus_c~ (3)
                                                                                      

      Phylogram (based on median node depths):

                                                                                                                                                                                                                                                                                                                                                                                                                                                                                                                              ---------|---------|---------|---------|---------|--------|                     
              250       200       150       100       50        0                     

      [User-defined time units]

      /---------------------------------------------------------- Polypterus_sene~ (2)
      |                                                                               
      | /-------------------------------------------------------- Huso_huso (1)
      | |                                                                             
      | |                                    /--------- Abdobalistum_th~ (4)
      | |                                   /+                                        
      | |                                   |\- Paranursallia_g~ (6)
      | |                                  /+                                         
      | |                                  |\---------- Nursallia_veron~ (5)
      | |                                /-+                                          
      | |                                | \----------- Pycnodus_apodus (7)
      | |                               /+                                            
      | |                               |\------------- Palaeobalistum~ (39)
      | |                              /+                                             
      | |                              |\----- Coelodus_saturn~ (9)
      | |                              |                                              
      | |                            /-+ /--------- Oropycnodus_pon~ (8)
      | |                            | | |                                            
      | |                            | \-+ /-- Sylvienodus_la~ (10)
      | |                            |   \-+                                          
      | |                           /+     \---- Polazzodus_cor~ (11)
      | |                           ||                                                
      | |                           || /------ Scalacurvichth~ (12)
      | |                         /-+\-+                                              
      | |                         | |  \-- Iemanja_palma (15)
      | |                         | |                                                 
      | |                       /-+ \--------- Akromystax_til~ (26)
      | |                       | |                                                   
      | |                    /--+ \----- Stemmatodus_rh~ (16)
      | |                    |  |                                                     
      | |                    |  \------- Ocloedus_subdi~ (13)
      + |                    |                                                        
      | |                    |  /----------- Tepexichthys_a~ (14)
      | |                    |  |                                                     
      | |                    |  |  /-- Proscinetes_be~ (18)
      | |                   /+  |/-+                                                  
      | |                   || /+| \ Proscinetes_el~ (19)
      | |                   || ||+                                                    
      | |                   || ||\- Thiollierepycn~ (21)
      | |                   ||/+|                                                     
      |/+                   ||||\--------- Neoproscinetes~ (20)
      |||                 /-+|||                                                      
      |||                 | |\+\--- Turboscinetes_~ (22)
      |||                 | | |                                                       
      |||                 | | \---------- Proscinetes_ra~ (17)
      |||                /+ |                                                         
      |||                || \------- Turbomesodon_r~ (23)
      |||                ||                                                           
      |||              /-+\------------- Turbomesodon_p~ (25)
      |||              | |                                                            
      |||           /--+ \---------------- Turbomesodon_b~ (24)
      |||           |  |                                                              
      |||          /+  \---------------- Stenamara_mia (27)
      |||          ||                                                                 
      |||          |\---------------- Macromesodon_m~ (28)
      |||          |                                                                  
      |||         /+/-- Brembodus_ride~ (29)
      |||         ||+                                                                 
      |||         ||\-- Gibbodon_cenen~ (30)
      |||         ||                                                                  
      |||         ||/----- Eomesodon_lias~ (31)
      \+|        /+\+                                                                 
       ||        || \-- Eomesodon_hoef~ (32)
       ||        ||                                                                   
       ||        ||           /----- Apomesodon_gib~ (33)
       ||       /+\-----------+                                                       
       ||       ||            \---- Piranhamesodon~ (34)
       ||       ||                                                                    
       ||      /+\------------------ Arduafrons_pro~ (35)
       ||      ||                                                                     
       ||      |\------------------- Gyrodus_hexago~ (36)
       ||      |                                                                      
       ||      |------------------------------ Micropycnodon_~ (40)
       ||     /+                                                                      
       ||     ||             /------ Mesturus_verru~ (37)
       ||     |\-------------+                                                        
       ||    /+              \--- Mesturus_leedsi (38)
       ||    ||                                                                       
       |\----+\-------------------------- Paramesturus_s~ (41)
       |     |                                                                        
       |     \------- Valgarzaella_a~ (42)
       |                                                                              
       \------- Pteronisculus_c~ (3)
                                                                                      
      ---------|---------|---------|---------|---------|--------|                     
              250       200       150       100       50        0                     

      [User-defined time units]

      Calculating tree probabilities...

      Credible sets of trees (1 tree sampled):
         99 % credible set contains 1 tree

      Plotting parameters in file alignment_and_tree.nex.p ...
      Found 10000 parameter lines in file "alignment_and_tree.nex.p"
      Of the 10000 lines, 9001 of them will be summarized (starting at line 1002)
      (Only the last set of lines will be read, in case multiple
      parameter blocks are present in the same file.)
      Did not find any parameters matching "lnL" to plot
      Summarizing parameters in file alignment_and_tree.nex.p
      Writing summary statistics to file alignment_and_tree.nex.pstat
      Using relative burnin ('relburnin=yes'), discarding the first 10 % of samples

      Below is a rough plot of the generation (x-axis) versus the log   
      probability of observing the data (y-axis). You can use this      
      graph to determine what the burn in for your analysis should be.  
      When the log probability starts to plateau you may be at station- 
      arity. Sample trees and parameters after the log probability      
      plateaus. Of course, this is not a guarantee that you are at sta- 
      analysis should be. When the log probability starts to plateau    
      tionarity. When possible, run multiple analyses starting from dif-
      ferent random trees; if the inferences you make for independent   
      analyses are the same, this is reasonable evidence that the chains
      have converged. You can use MrBayes to run several independent    
      analyses simultaneously. During such a run, MrBayes will monitor  
      the convergence of topologies. After the run has been completed,  
      the 'sumt' and 'sump' functions will provide additional conver-   
      gence diagnostics for all the parameters in your model. Remember  
      that the burn in is the number of samples to discard. There are   
      a total of ngen / samplefreq samples taken during a MCMC analysis.

   +------------------------------------------------------------+ -2718.952
   |                                      *                     |
   |                                                            |
   |                                                            |
   |*   *           *                  *                 *  *  *|
   |                                                  *   *     |
   |              **        *        *   *          *         * |
   |  *  **  * **      *        * *             *    * *        |
   |   *                   * **            * ***  *          *  |
   | *               **          * *  *                         |
   |        * *  *      *           *              *    *       |
   |       *                                               *    |
   |                     *                  *    *              |
   |                                    *                       |
   |                           *                                |
   |                      *                                     |
   +------+-----+-----+-----+-----+-----+-----+-----+-----+-----+ -2721.749
   ^                                                            ^
   1000000                                                     10000000


      Estimated marginal likelihoods for run sampled in file "alignment_and_tree.nex.p":
         (Use the harmonic mean for Bayes factor comparisons of models)
         (Values are saved to the file alignment_and_tree.nex.lstat)

      Arithmetic mean   Harmonic mean
      --------------------------------
         -2708.87         -2737.81
      --------------------------------


      Model parameter summaries for run sampled in file "alignment_and_tree.nex":
         Based on a total of 9001 samples out of a total of 10001 samples
            from this analysis.
         Parameter summaries saved to file "alignment_and_tree.nex.pstat".

                                                         95% HPD Interval
                                                       --------------------
      Parameter                  Mean      Variance     Lower       Upper       Median     ESS*
      --------------------------------------------------------------------------------------------
      TH                       3.467348    0.509540    2.219688    4.909626    3.363148    763.14
      TL                      31.439017   35.328329   21.401990   43.564610   30.632110    938.64
      pr_fossil_ancestor       0.033857    0.000284    0.000000    0.050000    0.025000   5929.17
      net_speciation           0.004779    0.000006    0.000654    0.009176    0.004528   2632.06
      relative_extinction      0.958122    0.000828    0.903282    0.997489    0.964339   2875.18
      relative_fossilization   0.017981    0.000211    0.000269    0.045813    0.014132   5631.36
      igrvar                   1.400992    0.059177    0.929878    1.869692    1.381760   3842.28
      clockrate                0.011997    0.000007    0.007570    0.017141    0.011619    678.98
      --------------------------------------------------------------------------------------------
      * Convergence diagnostic (ESS = Estimated Sample Size); ESS value 
        below 100 may indicate that the parameter is undersampled. 


