      Logging screen output to file "mcmc_sampling.log"

      Executing file "alignment_and_tree.nex"...

   UNIX line termination
   Longest line length = 1319
   Parsing file
   Expecting NEXUS formatted file
   Reading data block
      Allocated taxon set
      Allocated matrix
      Defining new matrix with 42 taxa and 107 characters
      Data is Standard
      Gaps coded as -
      Missing data coded as ?
      WARNING: MrBayes does not support 'symbols' specification; default symbols assumed
      Taxon  1 -> Huso_huso
      Taxon  2 -> Polypterus_senegalus
      Taxon  3 -> Pteronisculus_cicatrosus
      Taxon  4 -> Abdobalistum_thyrus
      Taxon  5 -> Nursallia_veronae
      Taxon  6 -> Paranursallia_gutturosum
      Taxon  7 -> Pycnodus_apodus
      Taxon  8 -> Oropycnodus_ponsorti
      Taxon  9 -> Coelodus_saturnus
      Taxon 10 -> Sylvienodus_laveirensis
      Taxon 11 -> Polazzodus_coronatus
      Taxon 12 -> Scalacurvichthys_naishi
      Taxon 13 -> Ocloedus_subdiscus
      Taxon 14 -> Tepexichthys_aranguthyorum
      Taxon 15 -> Iemanja_palma
      Taxon 16 -> Stemmatodus_rhombus
      Taxon 17 -> Proscinetes_radiatus
      Taxon 18 -> Proscinetes_bernardi
      Taxon 19 -> Proscinetes_elegans
      Taxon 20 -> Neoproscinetes_penalvai
      Taxon 21 -> Thiollierepycnodus_wagneri
      Taxon 22 -> Turboscinetes_egertoni
      Taxon 23 -> Turbomesodon_relegans
      Taxon 24 -> Turbomesodon_bernissartensis
      Taxon 25 -> Turbomesodon_praeclarus
      Taxon 26 -> Akromystax_tilmachiton
      Taxon 27 -> Stenamara_mia
      Taxon 28 -> Macromesodon_macropterus
      Taxon 29 -> Brembodus_ridens
      Taxon 30 -> Gibbodon_cenensis
      Taxon 31 -> Eomesodon_liassicus
      Taxon 32 -> Eomesodon_hoeferi
      Taxon 33 -> Apomesodon_gibbosus
      Taxon 34 -> Piranhamesodon_pinnatomus
      Taxon 35 -> Arduafrons_prominoris
      Taxon 36 -> Gyrodus_hexagonus
      Taxon 37 -> Mesturus_verrucosus
      Taxon 38 -> Aminiichthys_leedsi
      Taxon 39 -> Palaeobalistum_orbiculatum
      Taxon 40 -> Micropycnodon_kansasensis
      Taxon 41 -> Paramesturus_stuehmeri
      Taxon 42 -> Valgarzaella_antiquissima
      Successfully read matrix
      Setting default partition (does not divide up characters)
      Setting model defaults
      Seed (for generating default start values) = 1788799188
      Setting output file names to "alignment_and_tree.nex.run<i>.<p|t>"
   Exiting data block
   Reading trees block
      Successfully read tree 'tree1'
   Exiting trees block
   Reached end of file

   Returning execution to calling file ...

      Setting autoclose to yes
      Showing taxon status:

        Number of taxa        = 42 (all of which are included)
        Number of constraints = 0

        Taxon                                 Inclusion   
      -------------------------------------------------
    ->   1 (Huso_huso)                     -- Included    
         2 (Polypterus_senegalus)          -- Included    
         3 (Pteronisculus_cicatrosus)      -- Included    
         4 (Abdobalistum_thyrus)           -- Included    
         5 (Nursallia_veronae)             -- Included    
         6 (Paranursallia_gutturosum)      -- Included    
         7 (Pycnodus_apodus)               -- Included    
         8 (Oropycnodus_ponsorti)          -- Included    
         9 (Coelodus_saturnus)             -- Included    
        10 (Sylvienodus_laveirensis)       -- Included    
        11 (Polazzodus_coronatus)          -- Included    
        12 (Scalacurvichthys_naishi)       -- Included    
        13 (Ocloedus_subdiscus)            -- Included    
        14 (Tepexichthys_aranguthyorum)    -- Included    
        15 (Iemanja_palma)                 -- Included    
        16 (Stemmatodus_rhombus)           -- Included    
        17 (Proscinetes_radiatus)          -- Included    
        18 (Proscinetes_bernardi)          -- Included    
        19 (Proscinetes_elegans)           -- Included    
        20 (Neoproscinetes_penalvai)       -- Included    
        21 (Thiollierepycnodus_wagneri)    -- Included    
        22 (Turboscinetes_egertoni)        -- Included    
        23 (Turbomesodon_relegans)         -- Included    
        24 (Turbomesodon_bernissartensis)  -- Included    
        25 (Turbomesodon_praeclarus)       -- Included    
        26 (Akromystax_tilmachiton)        -- Included    
        27 (Stenamara_mia)                 -- Included    
        28 (Macromesodon_macropterus)      -- Included    
        29 (Brembodus_ridens)              -- Included    
        30 (Gibbodon_cenensis)             -- Included    
        31 (Eomesodon_liassicus)           -- Included    
        32 (Eomesodon_hoeferi)             -- Included    
        33 (Apomesodon_gibbosus)           -- Included    
        34 (Piranhamesodon_pinnatomus)     -- Included    
        35 (Arduafrons_prominoris)         -- Included    
        36 (Gyrodus_hexagonus)             -- Included    
        37 (Mesturus_verrucosus)           -- Included    
        38 (Aminiichthys_leedsi)           -- Included    
        39 (Palaeobalistum_orbiculatum)    -- Included    
        40 (Micropycnodon_kansasensis)     -- Included    
        41 (Paramesturus_stuehmeri)        -- Included    
        42 (Valgarzaella_antiquissima)     -- Included    

      '.' indicate that the taxon is not present in the constraint. 
      '*' indicate that the taxon is present in the 'hard' constraint. 
      '+' indicate that the taxon is present in the first group of 'partial' constraint. 
      '-' indicate that the taxon is present in the second group of 'partial' constraint. 
      '#' indicate that the taxon is present in the 'negative' constraint. 
      Arrow indicates current outgroup. 
      Defining charset called 'morphGEN'
      Defining charset called 'morphSKULL'
      Defining charset called 'morphTEETH'
      Defining charset called 'morphAX'
      Defining charset called 'morphCAU'
      Defining charset called 'morphFIN'
      Defining charset called 'morphSC'
      Defining charset called 'morphCSC'
      Defining charset called 'morphCLO'
      Defining partition called 'combined'
      Setting combined as the partition, dividing characters into 9 parts.
      Setting model defaults
      Seed (for generating default start values) = 285138174
      Enabling Coding Variable for partition 1
      Enabling Coding Variable for partition 2
      Enabling Coding Variable for partition 3
      Enabling Coding Variable for partition 4
      Enabling Coding Variable for partition 5
      Enabling Coding Variable for partition 6
      Enabling Coding Variable for partition 7
      Enabling Coding Variable for partition 8
      Enabling Coding Variable for partition 9
      Successfully set likelihood model parameters to all
         applicable data partitions 
      Setting age of taxon 'Abdobalistum_thyrus' to Uniform(48.07,56.00)
      Setting age of taxon 'Akromystax_tilmachiton' to Uniform(93.90,100.50)
      Setting age of taxon 'Apomesodon_gibbosus' to Uniform(145.06,149.20)
      Setting age of taxon 'Arduafrons_prominoris' to Uniform(145.06,149.20)
      Setting age of taxon 'Brembodus_ridens' to Uniform(211.18,215.38)
      Setting age of taxon 'Coelodus_saturnus' to Uniform(83.60,100.50)
      Setting age of taxon 'Eomesodon_hoeferi' to Uniform(211.18,215.38)
      Setting age of taxon 'Eomesodon_liassicus' to Uniform(192.90,201.40)
      Setting age of taxon 'Gibbodon_cenensis' to Uniform(211.18,215.38)
      Setting age of taxon 'Gyrodus_hexagonus' to Uniform(145.06,149.20)
      Setting age of taxon 'Iemanja_palma' to Uniform(113.20,119.57)
      Setting age of taxon 'Valgarzaella_antiquissima' to Uniform(215.38,227.30)
      Setting age of taxon 'Macromesodon_macropterus' to Uniform(137.05,143.10)
      Setting age of taxon 'Aminiichthys_leedsi' to Uniform(159.00,165.30)
      Setting age of taxon 'Mesturus_verrucosus' to Uniform(145.06,149.20)
      Setting age of taxon 'Micropycnodon_kansasensis' to Uniform(85.70,100.50)
      Setting age of taxon 'Neoproscinetes_penalvai' to Uniform(110.10,121.40)
      Setting age of taxon 'Nursallia_veronae' to Uniform(48.07,56.00)
      Setting age of taxon 'Ocloedus_subdiscus' to Uniform(121.40,125.77)
      Setting age of taxon 'Oropycnodus_ponsorti' to Uniform(66.00,72.20)
      Setting age of taxon 'Palaeobalistum_orbiculatum' to Uniform(48.07,56.00)
      Setting age of taxon 'Paramesturus_stuehmeri' to Uniform(119.57,121.40)
      Setting age of taxon 'Paranursallia_gutturosum' to Uniform(89.80,100.50)
      Setting age of taxon 'Piranhamesodon_pinnatomus' to Uniform(145.06,152.21)
      Setting age of taxon 'Polazzodus_coronatus' to Uniform(83.60,89.80)
      Setting age of taxon 'Proscinetes_bernardi' to Uniform(145.06,152.21)
      Setting age of taxon 'Proscinetes_elegans' to Uniform(145.06,149.20)
      Setting age of taxon 'Proscinetes_radiatus' to Uniform(119.57,125.77)
      Setting age of taxon 'Pteronisculus_cicatrosus' to Uniform(250.80,251.10)
      Setting age of taxon 'Pycnodus_apodus' to Uniform(48.07,56.00)
      Setting age of taxon 'Scalacurvichthys_naishi' to Uniform(93.90,100.50)
      Setting age of taxon 'Stemmatodus_rhombus' to Uniform(121.40,125.77)
      Setting age of taxon 'Stenamara_mia' to Uniform(121.40,125.77)
      Setting age of taxon 'Sylvienodus_laveirensis' to Uniform(93.90,100.50)
      Setting age of taxon 'Tepexichthys_aranguthyorum' to Uniform(100.50,110.10)
      Setting age of taxon 'Thiollierepycnodus_wagneri' to Uniform(149.20,152.21)
      Setting age of taxon 'Turbomesodon_bernissartensis' to Uniform(100.50,125.77)
      Setting age of taxon 'Turbomesodon_praeclarus' to Uniform(121.40,125.77)
      Setting age of taxon 'Turbomesodon_relegans' to Uniform(145.06,149.20)
      Setting age of taxon 'Turboscinetes_egertoni' to Uniform(149.20,152.21)
      Setting Brlenspr to Clock:Fossilization for partition 1
      Setting Brlenspr to Clock:Fossilization for partition 2
      Setting Brlenspr to Clock:Fossilization for partition 3
      Setting Brlenspr to Clock:Fossilization for partition 4
      Setting Brlenspr to Clock:Fossilization for partition 5
      Setting Brlenspr to Clock:Fossilization for partition 6
      Setting Brlenspr to Clock:Fossilization for partition 7
      Setting Brlenspr to Clock:Fossilization for partition 8
      Setting Brlenspr to Clock:Fossilization for partition 9
      Setting Topologypr to Fixed for partition 1
      Setting Topologypr to Fixed for partition 2
      Setting Topologypr to Fixed for partition 3
      Setting Topologypr to Fixed for partition 4
      Setting Topologypr to Fixed for partition 5
      Setting Topologypr to Fixed for partition 6
      Setting Topologypr to Fixed for partition 7
      Setting Topologypr to Fixed for partition 8
      Setting Topologypr to Fixed for partition 9
      Setting Treeagepr to Uniform(252.00,299.00)
      Setting Treeagepr to Uniform(252.00,299.00)
      Setting Treeagepr to Uniform(252.00,299.00)
      Setting Treeagepr to Uniform(252.00,299.00)
      Setting Treeagepr to Uniform(252.00,299.00)
      Setting Treeagepr to Uniform(252.00,299.00)
      Setting Treeagepr to Uniform(252.00,299.00)
      Setting Treeagepr to Uniform(252.00,299.00)
      Setting Treeagepr to Uniform(252.00,299.00)
      Setting Sampleprob to 0.05000000 for partition 1
      Setting Sampleprob to 0.05000000 for partition 2
      Setting Sampleprob to 0.05000000 for partition 3
      Setting Sampleprob to 0.05000000 for partition 4
      Setting Sampleprob to 0.05000000 for partition 5
      Setting Sampleprob to 0.05000000 for partition 6
      Setting Sampleprob to 0.05000000 for partition 7
      Setting Sampleprob to 0.05000000 for partition 8
      Setting Sampleprob to 0.05000000 for partition 9
      Setting SampleStrat to Random for partition 1
      Setting SampleStrat to Random for partition 2
      Setting SampleStrat to Random for partition 3
      Setting SampleStrat to Random for partition 4
      Setting SampleStrat to Random for partition 5
      Setting SampleStrat to Random for partition 6
      Setting SampleStrat to Random for partition 7
      Setting SampleStrat to Random for partition 8
      Setting SampleStrat to Random for partition 9
      Setting Nodeagepr to Calibrated for partition 1
      Setting Nodeagepr to Calibrated for partition 2
      Setting Nodeagepr to Calibrated for partition 3
      Setting Nodeagepr to Calibrated for partition 4
      Setting Nodeagepr to Calibrated for partition 5
      Setting Nodeagepr to Calibrated for partition 6
      Setting Nodeagepr to Calibrated for partition 7
      Setting Nodeagepr to Calibrated for partition 8
      Setting Nodeagepr to Calibrated for partition 9
      Setting Speciationpr to Uniform(0.00,10.00) for partition 1
      Setting Speciationpr to Uniform(0.00,10.00) for partition 2
      Setting Speciationpr to Uniform(0.00,10.00) for partition 3
      Setting Speciationpr to Uniform(0.00,10.00) for partition 4
      Setting Speciationpr to Uniform(0.00,10.00) for partition 5
      Setting Speciationpr to Uniform(0.00,10.00) for partition 6
      Setting Speciationpr to Uniform(0.00,10.00) for partition 7
      Setting Speciationpr to Uniform(0.00,10.00) for partition 8
      Setting Speciationpr to Uniform(0.00,10.00) for partition 9
      Setting Extinctionpr to Beta(1.00,1.00) for partition 1
      Setting Extinctionpr to Beta(1.00,1.00) for partition 2
      Setting Extinctionpr to Beta(1.00,1.00) for partition 3
      Setting Extinctionpr to Beta(1.00,1.00) for partition 4
      Setting Extinctionpr to Beta(1.00,1.00) for partition 5
      Setting Extinctionpr to Beta(1.00,1.00) for partition 6
      Setting Extinctionpr to Beta(1.00,1.00) for partition 7
      Setting Extinctionpr to Beta(1.00,1.00) for partition 8
      Setting Extinctionpr to Beta(1.00,1.00) for partition 9
      Setting Fossilizationpr to Beta(1.00,1.00) for partition 1
      Setting Fossilizationpr to Beta(1.00,1.00) for partition 2
      Setting Fossilizationpr to Beta(1.00,1.00) for partition 3
      Setting Fossilizationpr to Beta(1.00,1.00) for partition 4
      Setting Fossilizationpr to Beta(1.00,1.00) for partition 5
      Setting Fossilizationpr to Beta(1.00,1.00) for partition 6
      Setting Fossilizationpr to Beta(1.00,1.00) for partition 7
      Setting Fossilizationpr to Beta(1.00,1.00) for partition 8
      Setting Fossilizationpr to Beta(1.00,1.00) for partition 9
      Successfully set prior model parameters to all
      applicable data partitions 
      Setting Clockvarpr to IGR for partition 1
      Setting Clockvarpr to IGR for partition 2
      Setting Clockvarpr to IGR for partition 3
      Setting Clockvarpr to IGR for partition 4
      Setting Clockvarpr to IGR for partition 5
      Setting Clockvarpr to IGR for partition 6
      Setting Clockvarpr to IGR for partition 7
      Setting Clockvarpr to IGR for partition 8
      Setting Clockvarpr to IGR for partition 9
      Setting IGRvarpr to Exponential(2.00) for partition 1
      Setting IGRvarpr to Exponential(2.00) for partition 2
      Setting IGRvarpr to Exponential(2.00) for partition 3
      Setting IGRvarpr to Exponential(2.00) for partition 4
      Setting IGRvarpr to Exponential(2.00) for partition 5
      Setting IGRvarpr to Exponential(2.00) for partition 6
      Setting IGRvarpr to Exponential(2.00) for partition 7
      Setting IGRvarpr to Exponential(2.00) for partition 8
      Setting IGRvarpr to Exponential(2.00) for partition 9
      Setting Clockratepr to Exponential(5.00) for partition 1
      Setting Clockratepr to Exponential(5.00) for partition 2
      Setting Clockratepr to Exponential(5.00) for partition 3
      Setting Clockratepr to Exponential(5.00) for partition 4
      Setting Clockratepr to Exponential(5.00) for partition 5
      Setting Clockratepr to Exponential(5.00) for partition 6
      Setting Clockratepr to Exponential(5.00) for partition 7
      Setting Clockratepr to Exponential(5.00) for partition 8
      Setting Clockratepr to Exponential(5.00) for partition 9
      Successfully set prior model parameters to all
      applicable data partitions 
      Model settings:

         Settings for partition 1 --
            Datatype  = Standard
            Coding    = Variable
            # States  = Variable, up to 24
                        State frequencies are fixed to be equal
            Rates     = Equal

         Settings for partition 2 --
            Datatype  = Standard
            Coding    = Variable
            # States  = Variable, up to 24
                        State frequencies are fixed to be equal
            Rates     = Equal

         Settings for partition 3 --
            Datatype  = Standard
            Coding    = Variable
            # States  = Variable, up to 24
                        State frequencies are fixed to be equal
            Rates     = Equal

         Settings for partition 4 --
            Datatype  = Standard
            Coding    = Variable
            # States  = Variable, up to 24
                        State frequencies are fixed to be equal
            Rates     = Equal

         Settings for partition 5 --
            Datatype  = Standard
            Coding    = Variable
            # States  = Variable, up to 24
                        State frequencies are fixed to be equal
            Rates     = Equal

         Settings for partition 6 --
            Datatype  = Standard
            Coding    = Variable
            # States  = Variable, up to 24
                        State frequencies are fixed to be equal
            Rates     = Equal

         Settings for partition 7 --
            Datatype  = Standard
            Coding    = Variable
            # States  = Variable, up to 24
                        State frequencies are fixed to be equal
            Rates     = Equal

         Settings for partition 8 --
            Datatype  = Standard
            Coding    = Variable
            # States  = Variable, up to 24
                        State frequencies are fixed to be equal
            Rates     = Equal

         Settings for partition 9 --
            Datatype  = Standard
            Coding    = Variable
            # States  = Variable, up to 24
                        State frequencies are fixed to be equal
            Rates     = Equal

      Active parameters: 

                             Partition(s)
         Parameters          1  2  3  4  5  6  7  8  9
         ---------------------------------------------
         Statefreq           1  1  1  1  1  1  1  1  1
         Ratemultiplier      2  2  2  2  2  2  2  2  2
         Topology            3  3  3  3  3  3  3  3  3
         Brlens              4  4  4  4  4  4  4  4  4
         Speciationrate      5  5  5  5  5  5  5  5  5
         Extinctionrate      6  6  6  6  6  6  6  6  6
         Fossilizationrate   7  7  7  7  7  7  7  7  7
         IGRvar              8  8  8  8  8  8  8  8  8
         IGRbranchrates      9  9  9  9  9  9  9  9  9
         Clockrate          10 10 10 10 10 10 10 10 10
         ---------------------------------------------

         Parameters can be linked or unlinked across partitions using 'link' and 'unlink'

         1 --  Parameter  = Alpha_symdir{all}
               Type       = Symmetric diricihlet distribution alpha_i parameter
               Prior      = Symmetric dirichlet with all parameters fixed to infinity
               Partitions = All

         2 --  Parameter  = Ratemultiplier{all}
               Type       = Partition-specific rate multiplier
               Prior      = Fixed(1.0)
               Partitions = All

         3 --  Parameter  = Tau{all}
               Type       = Topology
               Prior      = Prior is fixed to the topology of user tree 'tree1'
               Partitions = All
               Subparam.  = V{all}

         4 --  Parameter  = V{all}
               Type       = Branch lengths
               Prior      = Clock:Fossilization
                            Node depths are constrained by the following age constraints:
                            -- The age of terminal "Pteronisculus_cicatrosus" is Uniform(250.80,251.10)
                            -- The age of terminal "Abdobalistum_thyrus" is Uniform(48.07,56.00)
                            -- The age of terminal "Nursallia_veronae" is Uniform(48.07,56.00)
                            -- The age of terminal "Paranursallia_gutturosum" is Uniform(89.80,100.50)
                            -- The age of terminal "Pycnodus_apodus" is Uniform(48.07,56.00)
                            -- The age of terminal "Oropycnodus_ponsorti" is Uniform(66.00,72.20)
                            -- The age of terminal "Coelodus_saturnus" is Uniform(83.60,100.50)
                            -- The age of terminal "Sylvienodus_laveirensis" is Uniform(93.90,100.50)
                            -- The age of terminal "Polazzodus_coronatus" is Uniform(83.60,89.80)
                            -- The age of terminal "Scalacurvichthys_naishi" is Uniform(93.90,100.50)
                            -- The age of terminal "Ocloedus_subdiscus" is Uniform(121.40,125.77)
                            -- The age of terminal "Tepexichthys_aranguthyorum" is Uniform(100.50,110.10)
                            -- The age of terminal "Iemanja_palma" is Uniform(113.20,119.57)
                            -- The age of terminal "Stemmatodus_rhombus" is Uniform(121.40,125.77)
                            -- The age of terminal "Proscinetes_radiatus" is Uniform(119.57,125.77)
                            -- The age of terminal "Proscinetes_bernardi" is Uniform(145.06,152.21)
                            -- The age of terminal "Proscinetes_elegans" is Uniform(145.06,149.20)
                            -- The age of terminal "Neoproscinetes_penalvai" is Uniform(110.10,121.40)
                            -- The age of terminal "Thiollierepycnodus_wagneri" is Uniform(149.20,152.21)
                            -- The age of terminal "Turboscinetes_egertoni" is Uniform(149.20,152.21)
                            -- The age of terminal "Turbomesodon_relegans" is Uniform(145.06,149.20)
                            -- The age of terminal "Turbomesodon_bernissartensis" is Uniform(100.50,125.77)
                            -- The age of terminal "Turbomesodon_praeclarus" is Uniform(121.40,125.77)
                            -- The age of terminal "Akromystax_tilmachiton" is Uniform(93.90,100.50)
                            -- The age of terminal "Stenamara_mia" is Uniform(121.40,125.77)
                            -- The age of terminal "Macromesodon_macropterus" is Uniform(137.05,143.10)
                            -- The age of terminal "Brembodus_ridens" is Uniform(211.18,215.38)
                            -- The age of terminal "Gibbodon_cenensis" is Uniform(211.18,215.38)
                            -- The age of terminal "Eomesodon_liassicus" is Uniform(192.90,201.40)
                            -- The age of terminal "Eomesodon_hoeferi" is Uniform(211.18,215.38)
                            -- The age of terminal "Apomesodon_gibbosus" is Uniform(145.06,149.20)
                            -- The age of terminal "Piranhamesodon_pinnatomus" is Uniform(145.06,152.21)
                            -- The age of terminal "Arduafrons_prominoris" is Uniform(145.06,149.20)
                            -- The age of terminal "Gyrodus_hexagonus" is Uniform(145.06,149.20)
                            -- The age of terminal "Mesturus_verrucosus" is Uniform(145.06,149.20)
                            -- The age of terminal "Aminiichthys_leedsi" is Uniform(159.00,165.30)
                            -- The age of terminal "Palaeobalistum_orbiculatum" is Uniform(48.07,56.00)
                            -- The age of terminal "Micropycnodon_kansasensis" is Uniform(85.70,100.50)
                            -- The age of terminal "Paramesturus_stuehmeri" is Uniform(119.57,121.40)
                            -- The age of terminal "Valgarzaella_antiquissima" is Uniform(215.38,227.30)
                            -- Tree age has a Uniform(252.00,299.00) distribution
               Partitions = All
               Subparam.  = IgrBrlens{all}

         5 --  Parameter  = Net_speciation{all}
               Type       = Speciation rate
               Prior      = Uniform(0.00,10.00)
               Partitions = All

         6 --  Parameter  = Relative_extinction{all}
               Type       = Extinction rate
               Prior      = Beta(1.00,1.00)
               Partitions = All

         7 --  Parameter  = Relative_fossilization{all}
               Type       = Fossilization rate
               Prior      = Beta(1.00,1.00)
               Partitions = All

         8 --  Parameter  = IGRvar{all}
               Type       = Variance of IGR model branch rates
               Prior      = Exponential(2.00)
               Partitions = All
               Subparam.  = IgrBrlens{all}

         9 --  Parameter  = IgrBrlens{all}
               Type       = Branch lengths of IGR relaxed clock
               Prior      = Gamma (expectation = 1.0, variance = IGRvar{all}) 
               Partitions = All

        10 --  Parameter  = Clockrate{all}
               Type       = Base rate of clock
               Prior      = Exponential(5.00)
                            The clock rate varies according to an independent gamma model
               Partitions = All

      Running with data (standard analysis)
      Setting number of runs to 1
      Setting heating parameter to 0.010000
      Setting number of generations to 10000000
      Setting number of chains to 8
      Setting sample frequency to 1000
      Setting print frequency to 10000
      Setting chain output file names to "alignment_and_tree.nex.<p/t>"
      Successfully set chain parameters
      Running Markov chain
      MCMC stamp = 8675672212
      Seed = 1797719247
      Swapseed = 1788799188
      Model settings:

         Settings for partition 1 --
            Datatype  = Standard
            Coding    = Variable
            # States  = Variable, up to 24
                        State frequencies are fixed to be equal
            Rates     = Equal

         Settings for partition 2 --
            Datatype  = Standard
            Coding    = Variable
            # States  = Variable, up to 24
                        State frequencies are fixed to be equal
            Rates     = Equal

         Settings for partition 3 --
            Datatype  = Standard
            Coding    = Variable
            # States  = Variable, up to 24
                        State frequencies are fixed to be equal
            Rates     = Equal

         Settings for partition 4 --
            Datatype  = Standard
            Coding    = Variable
            # States  = Variable, up to 24
                        State frequencies are fixed to be equal
            Rates     = Equal

         Settings for partition 5 --
            Datatype  = Standard
            Coding    = Variable
            # States  = Variable, up to 24
                        State frequencies are fixed to be equal
            Rates     = Equal

         Settings for partition 6 --
            Datatype  = Standard
            Coding    = Variable
            # States  = Variable, up to 24
                        State frequencies are fixed to be equal
            Rates     = Equal

         Settings for partition 7 --
            Datatype  = Standard
            Coding    = Variable
            # States  = Variable, up to 24
                        State frequencies are fixed to be equal
            Rates     = Equal

         Settings for partition 8 --
            Datatype  = Standard
            Coding    = Variable
            # States  = Variable, up to 24
                        State frequencies are fixed to be equal
            Rates     = Equal

         Settings for partition 9 --
            Datatype  = Standard
            Coding    = Variable
            # States  = Variable, up to 24
                        State frequencies are fixed to be equal
            Rates     = Equal

      Active parameters: 

                             Partition(s)
         Parameters          1  2  3  4  5  6  7  8  9
         ---------------------------------------------
         Statefreq           1  1  1  1  1  1  1  1  1
         Ratemultiplier      2  2  2  2  2  2  2  2  2
         Topology            3  3  3  3  3  3  3  3  3
         Brlens              4  4  4  4  4  4  4  4  4
         Speciationrate      5  5  5  5  5  5  5  5  5
         Extinctionrate      6  6  6  6  6  6  6  6  6
         Fossilizationrate   7  7  7  7  7  7  7  7  7
         IGRvar              8  8  8  8  8  8  8  8  8
         IGRbranchrates      9  9  9  9  9  9  9  9  9
         Clockrate          10 10 10 10 10 10 10 10 10
         ---------------------------------------------

         Parameters can be linked or unlinked across partitions using 'link' and 'unlink'

         1 --  Parameter  = Alpha_symdir{all}
               Type       = Symmetric diricihlet distribution alpha_i parameter
               Prior      = Symmetric dirichlet with all parameters fixed to infinity
               Partitions = All

         2 --  Parameter  = Ratemultiplier{all}
               Type       = Partition-specific rate multiplier
               Prior      = Fixed(1.0)
               Partitions = All

         3 --  Parameter  = Tau{all}
               Type       = Topology
               Prior      = Prior is fixed to the topology of user tree 'tree1'
               Partitions = All
               Subparam.  = V{all}

         4 --  Parameter  = V{all}
               Type       = Branch lengths
               Prior      = Clock:Fossilization
                            Node depths are constrained by the following age constraints:
                            -- The age of terminal "Pteronisculus_cicatrosus" is Uniform(250.80,251.10)
                            -- The age of terminal "Abdobalistum_thyrus" is Uniform(48.07,56.00)
                            -- The age of terminal "Nursallia_veronae" is Uniform(48.07,56.00)
                            -- The age of terminal "Paranursallia_gutturosum" is Uniform(89.80,100.50)
                            -- The age of terminal "Pycnodus_apodus" is Uniform(48.07,56.00)
                            -- The age of terminal "Oropycnodus_ponsorti" is Uniform(66.00,72.20)
                            -- The age of terminal "Coelodus_saturnus" is Uniform(83.60,100.50)
                            -- The age of terminal "Sylvienodus_laveirensis" is Uniform(93.90,100.50)
                            -- The age of terminal "Polazzodus_coronatus" is Uniform(83.60,89.80)
                            -- The age of terminal "Scalacurvichthys_naishi" is Uniform(93.90,100.50)
                            -- The age of terminal "Ocloedus_subdiscus" is Uniform(121.40,125.77)
                            -- The age of terminal "Tepexichthys_aranguthyorum" is Uniform(100.50,110.10)
                            -- The age of terminal "Iemanja_palma" is Uniform(113.20,119.57)
                            -- The age of terminal "Stemmatodus_rhombus" is Uniform(121.40,125.77)
                            -- The age of terminal "Proscinetes_radiatus" is Uniform(119.57,125.77)
                            -- The age of terminal "Proscinetes_bernardi" is Uniform(145.06,152.21)
                            -- The age of terminal "Proscinetes_elegans" is Uniform(145.06,149.20)
                            -- The age of terminal "Neoproscinetes_penalvai" is Uniform(110.10,121.40)
                            -- The age of terminal "Thiollierepycnodus_wagneri" is Uniform(149.20,152.21)
                            -- The age of terminal "Turboscinetes_egertoni" is Uniform(149.20,152.21)
                            -- The age of terminal "Turbomesodon_relegans" is Uniform(145.06,149.20)
                            -- The age of terminal "Turbomesodon_bernissartensis" is Uniform(100.50,125.77)
                            -- The age of terminal "Turbomesodon_praeclarus" is Uniform(121.40,125.77)
                            -- The age of terminal "Akromystax_tilmachiton" is Uniform(93.90,100.50)
                            -- The age of terminal "Stenamara_mia" is Uniform(121.40,125.77)
                            -- The age of terminal "Macromesodon_macropterus" is Uniform(137.05,143.10)
                            -- The age of terminal "Brembodus_ridens" is Uniform(211.18,215.38)
                            -- The age of terminal "Gibbodon_cenensis" is Uniform(211.18,215.38)
                            -- The age of terminal "Eomesodon_liassicus" is Uniform(192.90,201.40)
                            -- The age of terminal "Eomesodon_hoeferi" is Uniform(211.18,215.38)
                            -- The age of terminal "Apomesodon_gibbosus" is Uniform(145.06,149.20)
                            -- The age of terminal "Piranhamesodon_pinnatomus" is Uniform(145.06,152.21)
                            -- The age of terminal "Arduafrons_prominoris" is Uniform(145.06,149.20)
                            -- The age of terminal "Gyrodus_hexagonus" is Uniform(145.06,149.20)
                            -- The age of terminal "Mesturus_verrucosus" is Uniform(145.06,149.20)
                            -- The age of terminal "Aminiichthys_leedsi" is Uniform(159.00,165.30)
                            -- The age of terminal "Palaeobalistum_orbiculatum" is Uniform(48.07,56.00)
                            -- The age of terminal "Micropycnodon_kansasensis" is Uniform(85.70,100.50)
                            -- The age of terminal "Paramesturus_stuehmeri" is Uniform(119.57,121.40)
                            -- The age of terminal "Valgarzaella_antiquissima" is Uniform(215.38,227.30)
                            -- Tree age has a Uniform(252.00,299.00) distribution
               Partitions = All
               Subparam.  = IgrBrlens{all}

         5 --  Parameter  = Net_speciation{all}
               Type       = Speciation rate
               Prior      = Uniform(0.00,10.00)
               Partitions = All

         6 --  Parameter  = Relative_extinction{all}
               Type       = Extinction rate
               Prior      = Beta(1.00,1.00)
               Partitions = All

         7 --  Parameter  = Relative_fossilization{all}
               Type       = Fossilization rate
               Prior      = Beta(1.00,1.00)
               Partitions = All

         8 --  Parameter  = IGRvar{all}
               Type       = Variance of IGR model branch rates
               Prior      = Exponential(2.00)
               Partitions = All
               Subparam.  = IgrBrlens{all}

         9 --  Parameter  = IgrBrlens{all}
               Type       = Branch lengths of IGR relaxed clock
               Prior      = Gamma (expectation = 1.0, variance = IGRvar{all}) 
               Partitions = All

        10 --  Parameter  = Clockrate{all}
               Type       = Base rate of clock
               Prior      = Exponential(5.00)
                            The clock rate varies according to an independent gamma model
               Partitions = All


      Number of chains per MPI processor = 1

      The MCMC sampler will use the following moves:
         With prob.  Chain will use move
           10.75 %   AddBranch(V{all})
           10.75 %   DelBranch(V{all})
           32.26 %   NodesliderClock(V{all})
            3.23 %   TreeStretch(V{all})
            3.23 %   Slider(Net_speciation{all})
            3.23 %   Slider(Relative_extinction{all})
            3.23 %   Slider(Relative_fossilization{all})
            2.15 %   Multiplier(IGRvar{all})
           26.88 %   Multiplier(IgrBrlens{all})
            4.30 %   Multiplier(Clockrate{all})

      Division 1 has 9 unique site patterns
      Division 2 has 18 unique site patterns
      Division 3 has 23 unique site patterns
      Division 4 has 10 unique site patterns
      Division 5 has 10 unique site patterns
      Division 6 has 18 unique site patterns
      Division 7 has 13 unique site patterns
      Division 8 has 17 unique site patterns
      Division 9 has 7 unique site patterns
      Initializing conditional likelihoods
      Using standard non-SSE likelihood calculator for division 1 (single-precision)
      Using standard non-SSE likelihood calculator for division 2 (single-precision)
      Using standard non-SSE likelihood calculator for division 3 (single-precision)
      Using standard non-SSE likelihood calculator for division 4 (single-precision)
      Using standard non-SSE likelihood calculator for division 5 (single-precision)
      Using standard non-SSE likelihood calculator for division 6 (single-precision)
      Using standard non-SSE likelihood calculator for division 7 (single-precision)
      Using standard non-SSE likelihood calculator for division 8 (single-precision)
      Using standard non-SSE likelihood calculator for division 9 (single-precision)

      Initial log likelihoods and log prior probs:
         Chain 1 -- -4542.195374 -- -1360.131270

      There are 7 more chains on other processor(s)

      Overwriting file "alignment_and_tree.nex.mcmc"
      Overwriting file "alignment_and_tree.nex.p"
      Overwriting file "alignment_and_tree.nex.t"

      Chain results (10000000 generations requested):

         0 -- [-4542.195] (...7 remote chains...) 
      10000 -- (-2986.182) [...7 remote chains...] -- 0:16:39
      20000 -- (-2921.177) [...7 remote chains...] -- 0:16:38
      30000 -- (-2865.573) [...7 remote chains...] -- 0:16:37
      40000 -- (-2828.341) [...7 remote chains...] -- 0:16:36
      50000 -- (-2806.198) [...7 remote chains...] -- 0:16:35
      60000 -- (-2784.866) [...7 remote chains...] -- 0:16:34
      70000 -- (-2784.768) [...7 remote chains...] -- 0:16:33
      80000 -- [-2780.417] (...7 remote chains...) -- 0:16:32
      90000 -- (-2769.696) [...7 remote chains...] -- 0:16:31
      100000 -- (-2766.496) [...7 remote chains...] -- 0:16:30
      110000 -- (-2760.317) [...7 remote chains...] -- 0:14:59
      120000 -- (-2761.353) [...7 remote chains...] -- 0:15:05
      130000 -- (-2758.609) [...7 remote chains...] -- 0:15:11
      140000 -- [-2761.250] (...7 remote chains...) -- 0:15:15
      150000 -- (-2759.909) [...7 remote chains...] -- 0:15:19
      160000 -- (-2761.676) [...7 remote chains...] -- 0:15:22
      170000 -- (-2760.945) [...7 remote chains...] -- 0:15:25
      180000 -- (-2757.380) [...7 remote chains...] -- 0:15:27
      190000 -- (-2756.056) [...7 remote chains...] -- 0:15:29
      200000 -- (-2751.540) [...7 remote chains...] -- 0:15:31
      210000 -- (-2748.188) [...7 remote chains...] -- 0:15:32
      220000 -- (-2765.799) [...7 remote chains...] -- 0:15:33
      230000 -- [-2753.279] (...7 remote chains...) -- 0:15:34
      240000 -- (-2765.973) [...7 remote chains...] -- 0:15:35
      250000 -- [-2756.554] (...7 remote chains...) -- 0:15:36
      260000 -- (-2762.511) [...7 remote chains...] -- 0:15:36
      270000 -- (-2757.840) [...7 remote chains...] -- 0:15:36
      280000 -- (-2741.687) [...7 remote chains...] -- 0:15:37
      290000 -- (-2754.391) [...7 remote chains...] -- 0:15:04
      300000 -- [-2762.944] (...7 remote chains...) -- 0:15:05
      310000 -- (-2761.708) [...7 remote chains...] -- 0:15:06
      320000 -- (-2753.302) [...7 remote chains...] -- 0:15:07
      330000 -- (-2752.482) [...7 remote chains...] -- 0:15:08
      340000 -- (-2754.734) [...7 remote chains...] -- 0:15:09
      350000 -- (-2741.844) [...7 remote chains...] -- 0:15:09
      360000 -- (-2756.159) [...7 remote chains...] -- 0:15:10
      370000 -- (-2752.775) [...7 remote chains...] -- 0:15:10
      380000 -- [-2751.591] (...7 remote chains...) -- 0:15:11
      390000 -- (-2750.907) [...7 remote chains...] -- 0:15:11
      400000 -- (-2756.468) [...7 remote chains...] -- 0:15:12
      410000 -- (-2751.449) [...7 remote chains...] -- 0:15:12
      420000 -- (-2755.210) [...7 remote chains...] -- 0:15:12
      430000 -- (-2754.318) [...7 remote chains...] -- 0:15:12
      440000 -- (-2761.294) [...7 remote chains...] -- 0:15:12
      450000 -- (-2758.707) [...7 remote chains...] -- 0:15:12
      460000 -- [-2752.450] (...7 remote chains...) -- 0:15:12
      470000 -- (-2748.932) [...7 remote chains...] -- 0:14:52
      480000 -- (-2750.744) [...7 remote chains...] -- 0:14:52
      490000 -- (-2762.694) [...7 remote chains...] -- 0:14:52
      500000 -- (-2750.542) [...7 remote chains...] -- 0:14:53
      510000 -- (-2761.239) [...7 remote chains...] -- 0:14:53
      520000 -- (-2753.124) [...7 remote chains...] -- 0:14:53
      530000 -- (-2764.912) [...7 remote chains...] -- 0:14:53
      540000 -- (-2745.429) [...7 remote chains...] -- 0:14:53
      550000 -- (-2757.811) [...7 remote chains...] -- 0:14:53
      560000 -- (-2762.080) [...7 remote chains...] -- 0:14:53
      570000 -- (-2749.605) [...7 remote chains...] -- 0:14:53
      580000 -- (-2752.054) [...7 remote chains...] -- 0:14:53
      590000 -- (-2759.157) [...7 remote chains...] -- 0:14:53
      600000 -- (-2750.005) [...7 remote chains...] -- 0:14:53
      610000 -- (-2752.372) [...7 remote chains...] -- 0:14:52
      620000 -- (-2764.606) [...7 remote chains...] -- 0:14:52
      630000 -- (-2752.581) [...7 remote chains...] -- 0:14:52
      640000 -- (-2753.979) [...7 remote chains...] -- 0:14:52
      650000 -- [-2748.925] (...7 remote chains...) -- 0:14:37
      660000 -- (-2751.876) [...7 remote chains...] -- 0:14:37
      670000 -- (-2770.382) [...7 remote chains...] -- 0:14:37
      680000 -- [-2766.265] (...7 remote chains...) -- 0:14:37
      690000 -- (-2771.206) [...7 remote chains...] -- 0:14:37
      700000 -- (-2751.894) [...7 remote chains...] -- 0:14:36
      710000 -- [-2748.481] (...7 remote chains...) -- 0:14:36
      720000 -- (-2752.513) [...7 remote chains...] -- 0:14:36
      730000 -- (-2757.329) [...7 remote chains...] -- 0:14:36
      740000 -- (-2764.739) [...7 remote chains...] -- 0:14:35
      750000 -- [-2757.683] (...7 remote chains...) -- 0:14:35
      760000 -- (-2757.185) [...7 remote chains...] -- 0:14:35
      770000 -- (-2748.334) [...7 remote chains...] -- 0:14:35
      780000 -- (-2753.006) [...7 remote chains...] -- 0:14:34
      790000 -- (-2749.191) [...7 remote chains...] -- 0:14:34
      800000 -- (-2747.773) [...7 remote chains...] -- 0:14:34
      810000 -- (-2756.700) [...7 remote chains...] -- 0:14:33
      820000 -- (-2760.744) [...7 remote chains...] -- 0:14:33
      830000 -- (-2755.946) [...7 remote chains...] -- 0:14:32
      840000 -- [-2759.031] (...7 remote chains...) -- 0:14:32
      850000 -- (-2761.477) [...7 remote chains...] -- 0:14:31
      860000 -- [-2753.963] (...7 remote chains...) -- 0:14:31
      870000 -- (-2759.248) [...7 remote chains...] -- 0:14:31
      880000 -- (-2759.691) [...7 remote chains...] -- 0:14:30
      890000 -- (-2775.629) [...7 remote chains...] -- 0:14:30
      900000 -- (-2756.827) [...7 remote chains...] -- 0:14:29
      910000 -- (-2776.398) [...7 remote chains...] -- 0:14:29
      920000 -- (-2748.820) [...7 remote chains...] -- 0:14:28
      930000 -- (-2766.538) [...7 remote chains...] -- 0:14:27
      940000 -- (-2745.067) [...7 remote chains...] -- 0:14:27
      950000 -- (-2753.889) [...7 remote chains...] -- 0:14:26
      960000 -- (-2749.055) [...7 remote chains...] -- 0:14:26
      970000 -- (-2755.522) [...7 remote chains...] -- 0:14:25
      980000 -- (-2759.135) [...7 remote chains...] -- 0:14:25
      990000 -- (-2753.963) [...7 remote chains...] -- 0:14:24
      1000000 -- (-2757.945) [...7 remote chains...] -- 0:14:24
      1010000 -- (-2759.786) [...7 remote chains...] -- 0:14:23
      1020000 -- (-2753.709) [...7 remote chains...] -- 0:14:22
      1030000 -- [-2744.808] (...7 remote chains...) -- 0:14:22
      1040000 -- (-2751.272) [...7 remote chains...] -- 0:14:21
      1050000 -- [-2742.559] (...7 remote chains...) -- 0:14:20
      1060000 -- (-2770.823) [...7 remote chains...] -- 0:14:20
      1070000 -- (-2752.831) [...7 remote chains...] -- 0:14:19
      1080000 -- (-2747.140) [...7 remote chains...] -- 0:14:18
      1090000 -- (-2760.062) [...7 remote chains...] -- 0:14:18
      1100000 -- [-2759.160] (...7 remote chains...) -- 0:14:17
      1110000 -- (-2745.868) [...7 remote chains...] -- 0:14:16
      1120000 -- (-2751.895) [...7 remote chains...] -- 0:14:16
      1130000 -- (-2753.921) [...7 remote chains...] -- 0:14:15
      1140000 -- (-2748.805) [...7 remote chains...] -- 0:14:14
      1150000 -- [-2750.215] (...7 remote chains...) -- 0:14:14
      1160000 -- (-2755.605) [...7 remote chains...] -- 0:14:13
      1170000 -- (-2768.073) [...7 remote chains...] -- 0:14:12
      1180000 -- (-2759.171) [...7 remote chains...] -- 0:14:12
      1190000 -- (-2750.218) [...7 remote chains...] -- 0:14:11
      1200000 -- (-2754.673) [...7 remote chains...] -- 0:14:10
      1210000 -- (-2759.407) [...7 remote chains...] -- 0:14:09
      1220000 -- (-2750.709) [...7 remote chains...] -- 0:14:09
      1230000 -- (-2754.563) [...7 remote chains...] -- 0:14:08
      1240000 -- (-2756.166) [...7 remote chains...] -- 0:14:07
      1250000 -- (-2765.601) [...7 remote chains...] -- 0:14:07
      1260000 -- (-2748.916) [...7 remote chains...] -- 0:14:06
      1270000 -- (-2755.772) [...7 remote chains...] -- 0:14:05
      1280000 -- (-2756.582) [...7 remote chains...] -- 0:13:57
      1290000 -- (-2746.813) [...7 remote chains...] -- 0:13:57
      1300000 -- [-2751.584] (...7 remote chains...) -- 0:13:56
      1310000 -- (-2750.474) [...7 remote chains...] -- 0:13:55
      1320000 -- (-2752.776) [...7 remote chains...] -- 0:13:55
      1330000 -- (-2756.600) [...7 remote chains...] -- 0:13:54
      1340000 -- (-2756.350) [...7 remote chains...] -- 0:13:53
      1350000 -- (-2747.135) [...7 remote chains...] -- 0:13:52
      1360000 -- (-2747.284) [...7 remote chains...] -- 0:13:52
      1370000 -- (-2747.764) [...7 remote chains...] -- 0:13:51
      1380000 -- (-2753.316) [...7 remote chains...] -- 0:13:50
      1390000 -- (-2741.300) [...7 remote chains...] -- 0:13:50
      1400000 -- [-2750.263] (...7 remote chains...) -- 0:13:49
      1410000 -- (-2760.911) [...7 remote chains...] -- 0:13:48
      1420000 -- (-2759.417) [...7 remote chains...] -- 0:13:47
      1430000 -- (-2757.245) [...7 remote chains...] -- 0:13:47
      1440000 -- (-2743.786) [...7 remote chains...] -- 0:13:46
      1450000 -- (-2753.950) [...7 remote chains...] -- 0:13:45
      1460000 -- (-2765.202) [...7 remote chains...] -- 0:13:44
      1470000 -- (-2760.048) [...7 remote chains...] -- 0:13:43
      1480000 -- (-2744.997) [...7 remote chains...] -- 0:13:43
      1490000 -- [-2752.274] (...7 remote chains...) -- 0:13:42
      1500000 -- (-2752.856) [...7 remote chains...] -- 0:13:41
      1510000 -- (-2748.888) [...7 remote chains...] -- 0:13:40
      1520000 -- (-2750.177) [...7 remote chains...] -- 0:13:40
      1530000 -- (-2755.151) [...7 remote chains...] -- 0:13:39
      1540000 -- (-2756.772) [...7 remote chains...] -- 0:13:38
      1550000 -- (-2747.150) [...7 remote chains...] -- 0:13:37
      1560000 -- (-2747.976) [...7 remote chains...] -- 0:13:36
      1570000 -- (-2753.445) [...7 remote chains...] -- 0:13:36
      1580000 -- (-2757.039) [...7 remote chains...] -- 0:13:35
      1590000 -- (-2747.632) [...7 remote chains...] -- 0:13:34
      1600000 -- (-2759.432) [...7 remote chains...] -- 0:13:33
      1610000 -- (-2752.464) [...7 remote chains...] -- 0:13:32
      1620000 -- (-2758.862) [...7 remote chains...] -- 0:13:32
      1630000 -- (-2757.798) [...7 remote chains...] -- 0:13:31
      1640000 -- (-2757.039) [...7 remote chains...] -- 0:13:30
      1650000 -- (-2758.136) [...7 remote chains...] -- 0:13:29
      1660000 -- [-2749.958] (...7 remote chains...) -- 0:13:28
      1670000 -- (-2747.113) [...7 remote chains...] -- 0:13:28
      1680000 -- (-2753.395) [...7 remote chains...] -- 0:13:27
      1690000 -- (-2770.832) [...7 remote chains...] -- 0:13:26
      1700000 -- (-2754.059) [...7 remote chains...] -- 0:13:25
      1710000 -- (-2759.926) [...7 remote chains...] -- 0:13:24
      1720000 -- (-2746.547) [...7 remote chains...] -- 0:13:23
      1730000 -- (-2745.479) [...7 remote chains...] -- 0:13:23
      1740000 -- (-2761.119) [...7 remote chains...] -- 0:13:22
      1750000 -- (-2743.268) [...7 remote chains...] -- 0:13:21
      1760000 -- (-2748.855) [...7 remote chains...] -- 0:13:20
      1770000 -- (-2754.527) [...7 remote chains...] -- 0:13:19
      1780000 -- (-2751.908) [...7 remote chains...] -- 0:13:18
      1790000 -- [-2754.969] (...7 remote chains...) -- 0:13:18
      1800000 -- (-2748.079) [...7 remote chains...] -- 0:13:17
      1810000 -- [-2751.428] (...7 remote chains...) -- 0:13:16
      1820000 -- [-2746.350] (...7 remote chains...) -- 0:13:15
      1830000 -- (-2752.565) [...7 remote chains...] -- 0:13:14
      1840000 -- (-2753.809) [...7 remote chains...] -- 0:13:13
      1850000 -- (-2760.204) [...7 remote chains...] -- 0:13:12
      1860000 -- (-2756.202) [...7 remote chains...] -- 0:13:12
      1870000 -- (-2758.973) [...7 remote chains...] -- 0:13:11
      1880000 -- (-2752.641) [...7 remote chains...] -- 0:13:10
      1890000 -- (-2751.604) [...7 remote chains...] -- 0:13:09
      1900000 -- (-2759.485) [...7 remote chains...] -- 0:13:08
      1910000 -- (-2745.787) [...7 remote chains...] -- 0:13:07
      1920000 -- (-2758.402) [...7 remote chains...] -- 0:13:06
      1930000 -- (-2740.134) [...7 remote chains...] -- 0:13:06
      1940000 -- (-2753.246) [...7 remote chains...] -- 0:13:05
      1950000 -- (-2753.678) [...7 remote chains...] -- 0:13:04
      1960000 -- (-2744.345) [...7 remote chains...] -- 0:13:03
      1970000 -- (-2754.173) [...7 remote chains...] -- 0:13:02
      1980000 -- (-2758.033) [...7 remote chains...] -- 0:13:01
      1990000 -- (-2745.924) [...7 remote chains...] -- 0:13:00
      2000000 -- (-2754.969) [...7 remote chains...] -- 0:13:00
      2010000 -- (-2760.439) [...7 remote chains...] -- 0:12:59
      2020000 -- (-2762.031) [...7 remote chains...] -- 0:12:58
      2030000 -- [-2745.426] (...7 remote chains...) -- 0:12:57
      2040000 -- [-2753.812] (...7 remote chains...) -- 0:12:56
      2050000 -- (-2749.844) [...7 remote chains...] -- 0:12:55
      2060000 -- (-2755.371) [...7 remote chains...] -- 0:12:54
      2070000 -- (-2752.739) [...7 remote chains...] -- 0:12:53
      2080000 -- (-2759.404) [...7 remote chains...] -- 0:12:52
      2090000 -- (-2748.167) [...7 remote chains...] -- 0:12:52
      2100000 -- (-2754.083) [...7 remote chains...] -- 0:12:51
      2110000 -- (-2755.354) [...7 remote chains...] -- 0:12:50
      2120000 -- [-2750.584] (...7 remote chains...) -- 0:12:49
      2130000 -- (-2758.195) [...7 remote chains...] -- 0:12:48
      2140000 -- (-2768.609) [...7 remote chains...] -- 0:12:47
      2150000 -- (-2746.135) [...7 remote chains...] -- 0:12:46
      2160000 -- (-2755.437) [...7 remote chains...] -- 0:12:45
      2170000 -- (-2747.773) [...7 remote chains...] -- 0:12:44
      2180000 -- (-2766.892) [...7 remote chains...] -- 0:12:44
      2190000 -- (-2764.641) [...7 remote chains...] -- 0:12:43
      2200000 -- (-2743.924) [...7 remote chains...] -- 0:12:42
      2210000 -- [-2753.774] (...7 remote chains...) -- 0:12:41
      2220000 -- [-2747.535] (...7 remote chains...) -- 0:12:40
      2230000 -- (-2747.407) [...7 remote chains...] -- 0:12:39
      2240000 -- (-2757.777) [...7 remote chains...] -- 0:12:38
      2250000 -- (-2765.772) [...7 remote chains...] -- 0:12:37
      2260000 -- (-2758.924) [...7 remote chains...] -- 0:12:36
      2270000 -- [-2750.574] (...7 remote chains...) -- 0:12:35
      2280000 -- (-2744.509) [...7 remote chains...] -- 0:12:35
      2290000 -- (-2753.463) [...7 remote chains...] -- 0:12:34
      2300000 -- [-2764.218] (...7 remote chains...) -- 0:12:33
      2310000 -- (-2764.399) [...7 remote chains...] -- 0:12:32
      2320000 -- (-2749.020) [...7 remote chains...] -- 0:12:31
      2330000 -- (-2757.810) [...7 remote chains...] -- 0:12:30
      2340000 -- (-2765.059) [...7 remote chains...] -- 0:12:29
      2350000 -- (-2755.131) [...7 remote chains...] -- 0:12:28
      2360000 -- (-2768.869) [...7 remote chains...] -- 0:12:27
      2370000 -- (-2755.478) [...7 remote chains...] -- 0:12:26
      2380000 -- (-2753.678) [...7 remote chains...] -- 0:12:25
      2390000 -- (-2765.666) [...7 remote chains...] -- 0:12:25
      2400000 -- (-2748.259) [...7 remote chains...] -- 0:12:24
      2410000 -- (-2761.469) [...7 remote chains...] -- 0:12:23
      2420000 -- (-2762.258) [...7 remote chains...] -- 0:12:22
      2430000 -- (-2751.561) [...7 remote chains...] -- 0:12:21
      2440000 -- (-2758.409) [...7 remote chains...] -- 0:12:20
      2450000 -- (-2749.771) [...7 remote chains...] -- 0:12:19
      2460000 -- (-2767.181) [...7 remote chains...] -- 0:12:18
      2470000 -- [-2749.122] (...7 remote chains...) -- 0:12:17
      2480000 -- (-2747.267) [...7 remote chains...] -- 0:12:16
      2490000 -- (-2756.143) [...7 remote chains...] -- 0:12:15
      2500000 -- (-2753.839) [...7 remote chains...] -- 0:12:15
      2510000 -- (-2748.373) [...7 remote chains...] -- 0:12:14
      2520000 -- (-2757.567) [...7 remote chains...] -- 0:12:13
      2530000 -- (-2743.597) [...7 remote chains...] -- 0:12:12
      2540000 -- (-2760.872) [...7 remote chains...] -- 0:12:11
      2550000 -- (-2753.122) [...7 remote chains...] -- 0:12:10
      2560000 -- (-2760.932) [...7 remote chains...] -- 0:12:09
      2570000 -- [-2759.920] (...7 remote chains...) -- 0:12:08
      2580000 -- (-2755.869) [...7 remote chains...] -- 0:12:07
      2590000 -- (-2760.236) [...7 remote chains...] -- 0:12:06
      2600000 -- [-2745.466] (...7 remote chains...) -- 0:12:05
      2610000 -- (-2762.899) [...7 remote chains...] -- 0:12:04
      2620000 -- (-2754.015) [...7 remote chains...] -- 0:12:03
      2630000 -- (-2763.581) [...7 remote chains...] -- 0:12:02
      2640000 -- [-2753.157] (...7 remote chains...) -- 0:12:02
      2650000 -- (-2756.289) [...7 remote chains...] -- 0:12:01
      2660000 -- (-2760.366) [...7 remote chains...] -- 0:12:00
      2670000 -- (-2756.499) [...7 remote chains...] -- 0:11:59
      2680000 -- (-2757.463) [...7 remote chains...] -- 0:11:58
      2690000 -- (-2751.812) [...7 remote chains...] -- 0:11:57
      2700000 -- (-2764.066) [...7 remote chains...] -- 0:11:56
      2710000 -- (-2763.920) [...7 remote chains...] -- 0:11:55
      2720000 -- (-2767.642) [...7 remote chains...] -- 0:11:54
      2730000 -- (-2749.453) [...7 remote chains...] -- 0:11:53
      2740000 -- (-2746.139) [...7 remote chains...] -- 0:11:52
      2750000 -- (-2747.381) [...7 remote chains...] -- 0:11:51
      2760000 -- [-2760.184] (...7 remote chains...) -- 0:11:50
      2770000 -- (-2764.349) [...7 remote chains...] -- 0:11:49
      2780000 -- (-2751.654) [...7 remote chains...] -- 0:11:49
      2790000 -- (-2752.170) [...7 remote chains...] -- 0:11:48
      2800000 -- [-2759.503] (...7 remote chains...) -- 0:11:47
      2810000 -- (-2752.997) [...7 remote chains...] -- 0:11:46
      2820000 -- (-2765.390) [...7 remote chains...] -- 0:11:45
      2830000 -- (-2754.817) [...7 remote chains...] -- 0:11:44
      2840000 -- [-2754.549] (...7 remote chains...) -- 0:11:43
      2850000 -- (-2755.703) [...7 remote chains...] -- 0:11:42
      2860000 -- (-2756.799) [...7 remote chains...] -- 0:11:41
      2870000 -- (-2754.313) [...7 remote chains...] -- 0:11:40
      2880000 -- (-2763.097) [...7 remote chains...] -- 0:11:39
      2890000 -- (-2765.836) [...7 remote chains...] -- 0:11:38
      2900000 -- (-2757.736) [...7 remote chains...] -- 0:11:37
      2910000 -- (-2770.509) [...7 remote chains...] -- 0:11:36
      2920000 -- [-2754.802] (...7 remote chains...) -- 0:11:35
      2930000 -- (-2751.050) [...7 remote chains...] -- 0:11:34
      2940000 -- (-2754.996) [...7 remote chains...] -- 0:11:33
      2950000 -- (-2745.849) [...7 remote chains...] -- 0:11:33
      2960000 -- (-2751.781) [...7 remote chains...] -- 0:11:32
      2970000 -- (-2741.954) [...7 remote chains...] -- 0:11:31
      2980000 -- (-2751.593) [...7 remote chains...] -- 0:11:30
      2990000 -- (-2736.614) [...7 remote chains...] -- 0:11:29
      3000000 -- (-2753.210) [...7 remote chains...] -- 0:11:28
      3010000 -- (-2753.988) [...7 remote chains...] -- 0:11:27
      3020000 -- (-2756.993) [...7 remote chains...] -- 0:11:26
      3030000 -- (-2754.864) [...7 remote chains...] -- 0:11:25
      3040000 -- (-2762.085) [...7 remote chains...] -- 0:11:24
      3050000 -- (-2741.196) [...7 remote chains...] -- 0:11:23
      3060000 -- (-2764.022) [...7 remote chains...] -- 0:11:22
      3070000 -- (-2757.762) [...7 remote chains...] -- 0:11:21
      3080000 -- (-2758.586) [...7 remote chains...] -- 0:11:20
      3090000 -- (-2751.226) [...7 remote chains...] -- 0:11:19
      3100000 -- (-2753.094) [...7 remote chains...] -- 0:11:18
      3110000 -- (-2764.466) [...7 remote chains...] -- 0:11:17
      3120000 -- (-2767.395) [...7 remote chains...] -- 0:11:16
      3130000 -- (-2748.279) [...7 remote chains...] -- 0:11:16
      3140000 -- (-2751.966) [...7 remote chains...] -- 0:11:15
      3150000 -- (-2749.190) [...7 remote chains...] -- 0:11:14
      3160000 -- (-2759.224) [...7 remote chains...] -- 0:11:13
      3170000 -- (-2755.658) [...7 remote chains...] -- 0:11:12
      3180000 -- (-2760.930) [...7 remote chains...] -- 0:11:11
      3190000 -- (-2762.742) [...7 remote chains...] -- 0:11:10
      3200000 -- (-2753.770) [...7 remote chains...] -- 0:11:09
      3210000 -- [-2762.735] (...7 remote chains...) -- 0:11:08
      3220000 -- (-2746.095) [...7 remote chains...] -- 0:11:07
      3230000 -- (-2749.530) [...7 remote chains...] -- 0:11:06
      3240000 -- (-2749.134) [...7 remote chains...] -- 0:11:05
      3250000 -- (-2763.997) [...7 remote chains...] -- 0:11:04
      3260000 -- (-2754.505) [...7 remote chains...] -- 0:11:03
      3270000 -- (-2747.014) [...7 remote chains...] -- 0:11:02
      3280000 -- (-2749.708) [...7 remote chains...] -- 0:11:01
      3290000 -- (-2759.664) [...7 remote chains...] -- 0:11:00
      3300000 -- (-2758.443) [...7 remote chains...] -- 0:10:59
      3310000 -- (-2755.923) [...7 remote chains...] -- 0:10:58
      3320000 -- (-2743.573) [...7 remote chains...] -- 0:10:57
      3330000 -- (-2756.526) [...7 remote chains...] -- 0:10:56
      3340000 -- (-2754.058) [...7 remote chains...] -- 0:10:56
      3350000 -- [-2753.669] (...7 remote chains...) -- 0:10:55
      3360000 -- (-2747.852) [...7 remote chains...] -- 0:10:54
      3370000 -- (-2746.213) [...7 remote chains...] -- 0:10:53
      3380000 -- (-2755.825) [...7 remote chains...] -- 0:10:52
      3390000 -- (-2753.783) [...7 remote chains...] -- 0:10:51
      3400000 -- (-2763.869) [...7 remote chains...] -- 0:10:50
      3410000 -- (-2754.024) [...7 remote chains...] -- 0:10:49
      3420000 -- (-2747.106) [...7 remote chains...] -- 0:10:48
      3430000 -- (-2747.937) [...7 remote chains...] -- 0:10:47
      3440000 -- (-2755.228) [...7 remote chains...] -- 0:10:46
      3450000 -- (-2759.510) [...7 remote chains...] -- 0:10:45
      3460000 -- (-2758.231) [...7 remote chains...] -- 0:10:44
      3470000 -- (-2746.964) [...7 remote chains...] -- 0:10:43
      3480000 -- (-2751.228) [...7 remote chains...] -- 0:10:42
      3490000 -- (-2776.614) [...7 remote chains...] -- 0:10:41
      3500000 -- (-2768.817) [...7 remote chains...] -- 0:10:40
      3510000 -- (-2763.977) [...7 remote chains...] -- 0:10:39
      3520000 -- (-2751.663) [...7 remote chains...] -- 0:10:38
      3530000 -- (-2749.075) [...7 remote chains...] -- 0:10:37
      3540000 -- (-2755.823) [...7 remote chains...] -- 0:10:36
      3550000 -- (-2745.018) [...7 remote chains...] -- 0:10:35
      3560000 -- (-2747.955) [...7 remote chains...] -- 0:10:34
      3570000 -- (-2747.762) [...7 remote chains...] -- 0:10:33
      3580000 -- (-2755.398) [...7 remote chains...] -- 0:10:33
      3590000 -- [-2749.400] (...7 remote chains...) -- 0:10:32
      3600000 -- (-2747.650) [...7 remote chains...] -- 0:10:31
      3610000 -- (-2753.359) [...7 remote chains...] -- 0:10:30
      3620000 -- [-2759.554] (...7 remote chains...) -- 0:10:29
      3630000 -- (-2746.640) [...7 remote chains...] -- 0:10:28
      3640000 -- (-2741.881) [...7 remote chains...] -- 0:10:27
      3650000 -- (-2757.207) [...7 remote chains...] -- 0:10:26
      3660000 -- [-2759.286] (...7 remote chains...) -- 0:10:25
      3670000 -- (-2757.001) [...7 remote chains...] -- 0:10:24
      3680000 -- [-2747.417] (...7 remote chains...) -- 0:10:23
      3690000 -- (-2755.891) [...7 remote chains...] -- 0:10:22
      3700000 -- [-2751.505] (...7 remote chains...) -- 0:10:21
      3710000 -- (-2756.862) [...7 remote chains...] -- 0:10:20
      3720000 -- (-2743.142) [...7 remote chains...] -- 0:10:19
      3730000 -- [-2753.170] (...7 remote chains...) -- 0:10:18
      3740000 -- (-2754.473) [...7 remote chains...] -- 0:10:17
      3750000 -- (-2751.282) [...7 remote chains...] -- 0:10:16
      3760000 -- (-2753.132) [...7 remote chains...] -- 0:10:15
      3770000 -- (-2745.561) [...7 remote chains...] -- 0:10:14
      3780000 -- (-2748.592) [...7 remote chains...] -- 0:10:13
      3790000 -- (-2760.728) [...7 remote chains...] -- 0:10:12
      3800000 -- (-2751.638) [...7 remote chains...] -- 0:10:11
      3810000 -- (-2754.007) [...7 remote chains...] -- 0:10:10
      3820000 -- (-2756.800) [...7 remote chains...] -- 0:10:09
      3830000 -- (-2752.867) [...7 remote chains...] -- 0:10:08
      3840000 -- (-2752.976) [...7 remote chains...] -- 0:10:07
      3850000 -- (-2744.758) [...7 remote chains...] -- 0:10:07
      3860000 -- (-2743.736) [...7 remote chains...] -- 0:10:06
      3870000 -- (-2753.264) [...7 remote chains...] -- 0:10:05
      3880000 -- (-2744.954) [...7 remote chains...] -- 0:10:04
      3890000 -- [-2755.648] (...7 remote chains...) -- 0:10:03
      3900000 -- (-2750.977) [...7 remote chains...] -- 0:10:02
      3910000 -- (-2763.006) [...7 remote chains...] -- 0:10:01
      3920000 -- (-2765.930) [...7 remote chains...] -- 0:10:00
      3930000 -- (-2758.140) [...7 remote chains...] -- 0:09:59
      3940000 -- (-2759.251) [...7 remote chains...] -- 0:09:58
      3950000 -- (-2744.066) [...7 remote chains...] -- 0:09:57
      3960000 -- (-2760.786) [...7 remote chains...] -- 0:09:56
      3970000 -- (-2771.040) [...7 remote chains...] -- 0:09:55
      3980000 -- (-2752.831) [...7 remote chains...] -- 0:09:54
      3990000 -- (-2741.733) [...7 remote chains...] -- 0:09:53
      4000000 -- (-2754.819) [...7 remote chains...] -- 0:09:52
      4010000 -- (-2749.735) [...7 remote chains...] -- 0:09:51
      4020000 -- (-2756.118) [...7 remote chains...] -- 0:09:50
      4030000 -- [-2750.494] (...7 remote chains...) -- 0:09:49
      4040000 -- [-2757.064] (...7 remote chains...) -- 0:09:48
      4050000 -- (-2753.398) [...7 remote chains...] -- 0:09:47
      4060000 -- (-2758.213) [...7 remote chains...] -- 0:09:46
      4070000 -- (-2748.582) [...7 remote chains...] -- 0:09:45
      4080000 -- (-2757.704) [...7 remote chains...] -- 0:09:44
      4090000 -- (-2763.055) [...7 remote chains...] -- 0:09:43
      4100000 -- (-2755.680) [...7 remote chains...] -- 0:09:42
      4110000 -- [-2751.339] (...7 remote chains...) -- 0:09:41
      4120000 -- (-2762.983) [...7 remote chains...] -- 0:09:40
      4130000 -- (-2764.102) [...7 remote chains...] -- 0:09:39
      4140000 -- (-2757.982) [...7 remote chains...] -- 0:09:38
      4150000 -- (-2751.874) [...7 remote chains...] -- 0:09:37
      4160000 -- (-2756.442) [...7 remote chains...] -- 0:09:36
      4170000 -- (-2758.153) [...7 remote chains...] -- 0:09:36
      4180000 -- (-2750.826) [...7 remote chains...] -- 0:09:35
      4190000 -- (-2754.431) [...7 remote chains...] -- 0:09:34
      4200000 -- (-2753.637) [...7 remote chains...] -- 0:09:33
      4210000 -- (-2754.184) [...7 remote chains...] -- 0:09:32
      4220000 -- [-2756.020] (...7 remote chains...) -- 0:09:31
      4230000 -- (-2754.868) [...7 remote chains...] -- 0:09:30
      4240000 -- [-2757.232] (...7 remote chains...) -- 0:09:29
      4250000 -- (-2755.340) [...7 remote chains...] -- 0:09:28
      4260000 -- (-2743.656) [...7 remote chains...] -- 0:09:27
      4270000 -- (-2767.434) [...7 remote chains...] -- 0:09:26
      4280000 -- (-2759.778) [...7 remote chains...] -- 0:09:25
      4290000 -- (-2765.709) [...7 remote chains...] -- 0:09:24
      4300000 -- (-2749.084) [...7 remote chains...] -- 0:09:23
      4310000 -- (-2756.972) [...7 remote chains...] -- 0:09:22
      4320000 -- (-2754.840) [...7 remote chains...] -- 0:09:21
      4330000 -- (-2751.675) [...7 remote chains...] -- 0:09:20
      4340000 -- (-2743.116) [...7 remote chains...] -- 0:09:19
      4350000 -- (-2740.584) [...7 remote chains...] -- 0:09:18
      4360000 -- (-2757.668) [...7 remote chains...] -- 0:09:17
      4370000 -- (-2766.625) [...7 remote chains...] -- 0:09:16
      4380000 -- (-2753.290) [...7 remote chains...] -- 0:09:15
      4390000 -- (-2751.625) [...7 remote chains...] -- 0:09:14
      4400000 -- (-2756.277) [...7 remote chains...] -- 0:09:13
      4410000 -- (-2758.828) [...7 remote chains...] -- 0:09:12
      4420000 -- (-2754.319) [...7 remote chains...] -- 0:09:11
      4430000 -- (-2744.991) [...7 remote chains...] -- 0:09:10
      4440000 -- (-2757.407) [...7 remote chains...] -- 0:09:09
      4450000 -- (-2748.522) [...7 remote chains...] -- 0:09:08
      4460000 -- (-2746.823) [...7 remote chains...] -- 0:09:07
      4470000 -- (-2753.586) [...7 remote chains...] -- 0:09:06
      4480000 -- (-2760.176) [...7 remote chains...] -- 0:09:05
      4490000 -- (-2754.984) [...7 remote chains...] -- 0:09:04
      4500000 -- (-2758.942) [...7 remote chains...] -- 0:09:03
      4510000 -- (-2763.478) [...7 remote chains...] -- 0:09:02
      4520000 -- (-2744.077) [...7 remote chains...] -- 0:09:01
      4530000 -- (-2745.766) [...7 remote chains...] -- 0:09:00
      4540000 -- (-2771.620) [...7 remote chains...] -- 0:08:59
      4550000 -- (-2760.815) [...7 remote chains...] -- 0:08:59
      4560000 -- (-2751.232) [...7 remote chains...] -- 0:08:58
      4570000 -- (-2753.739) [...7 remote chains...] -- 0:08:57
      4580000 -- (-2753.855) [...7 remote chains...] -- 0:08:56
      4590000 -- (-2745.260) [...7 remote chains...] -- 0:08:55
      4600000 -- (-2752.702) [...7 remote chains...] -- 0:08:54
      4610000 -- (-2759.405) [...7 remote chains...] -- 0:08:53
      4620000 -- [-2747.237] (...7 remote chains...) -- 0:08:52
      4630000 -- (-2754.699) [...7 remote chains...] -- 0:08:51
      4640000 -- (-2759.176) [...7 remote chains...] -- 0:08:50
      4650000 -- (-2756.894) [...7 remote chains...] -- 0:08:49
      4660000 -- (-2760.475) [...7 remote chains...] -- 0:08:48
      4670000 -- (-2756.663) [...7 remote chains...] -- 0:08:47
      4680000 -- (-2755.206) [...7 remote chains...] -- 0:08:46
      4690000 -- (-2748.494) [...7 remote chains...] -- 0:08:45
      4700000 -- (-2756.592) [...7 remote chains...] -- 0:08:44
      4710000 -- (-2750.635) [...7 remote chains...] -- 0:08:43
      4720000 -- (-2756.497) [...7 remote chains...] -- 0:08:42
      4730000 -- (-2756.259) [...7 remote chains...] -- 0:08:41
      4740000 -- (-2768.216) [...7 remote chains...] -- 0:08:40
      4750000 -- (-2748.225) [...7 remote chains...] -- 0:08:39
      4760000 -- (-2762.578) [...7 remote chains...] -- 0:08:38
      4770000 -- (-2757.400) [...7 remote chains...] -- 0:08:37
      4780000 -- (-2755.139) [...7 remote chains...] -- 0:08:36
      4790000 -- (-2744.456) [...7 remote chains...] -- 0:08:35
      4800000 -- (-2757.878) [...7 remote chains...] -- 0:08:34
      4810000 -- (-2755.002) [...7 remote chains...] -- 0:08:33
      4820000 -- [-2757.746] (...7 remote chains...) -- 0:08:32
      4830000 -- (-2756.266) [...7 remote chains...] -- 0:08:31
      4840000 -- [-2751.114] (...7 remote chains...) -- 0:08:30
      4850000 -- (-2762.517) [...7 remote chains...] -- 0:08:29
      4860000 -- [-2754.959] (...7 remote chains...) -- 0:08:28
      4870000 -- (-2747.284) [...7 remote chains...] -- 0:08:27
      4880000 -- [-2750.088] (...7 remote chains...) -- 0:08:26
      4890000 -- (-2756.860) [...7 remote chains...] -- 0:08:25
      4900000 -- (-2763.269) [...7 remote chains...] -- 0:08:24
      4910000 -- (-2745.155) [...7 remote chains...] -- 0:08:23
      4920000 -- (-2760.027) [...7 remote chains...] -- 0:08:22
      4930000 -- (-2754.825) [...7 remote chains...] -- 0:08:21
      4940000 -- (-2754.099) [...7 remote chains...] -- 0:08:20
      4950000 -- (-2738.665) [...7 remote chains...] -- 0:08:19
      4960000 -- (-2757.478) [...7 remote chains...] -- 0:08:18
      4970000 -- (-2752.443) [...7 remote chains...] -- 0:08:17
      4980000 -- (-2752.782) [...7 remote chains...] -- 0:08:16
      4990000 -- (-2757.296) [...7 remote chains...] -- 0:08:15
      5000000 -- (-2757.691) [...7 remote chains...] -- 0:08:14
      5010000 -- (-2745.349) [...7 remote chains...] -- 0:08:14
      5020000 -- (-2753.721) [...7 remote chains...] -- 0:08:13
      5030000 -- (-2748.493) [...7 remote chains...] -- 0:08:12
      5040000 -- (-2755.124) [...7 remote chains...] -- 0:08:11
      5050000 -- (-2751.923) [...7 remote chains...] -- 0:08:10
      5060000 -- (-2758.327) [...7 remote chains...] -- 0:08:09
      5070000 -- (-2768.466) [...7 remote chains...] -- 0:08:08
      5080000 -- (-2746.346) [...7 remote chains...] -- 0:08:07
      5090000 -- (-2762.867) [...7 remote chains...] -- 0:08:06
      5100000 -- (-2760.486) [...7 remote chains...] -- 0:08:05
      5110000 -- (-2771.320) [...7 remote chains...] -- 0:08:04
      5120000 -- (-2755.731) [...7 remote chains...] -- 0:08:03
      5130000 -- (-2749.038) [...7 remote chains...] -- 0:08:02
      5140000 -- (-2746.977) [...7 remote chains...] -- 0:08:01
      5150000 -- (-2759.410) [...7 remote chains...] -- 0:08:00
      5160000 -- (-2757.642) [...7 remote chains...] -- 0:07:59
      5170000 -- (-2753.126) [...7 remote chains...] -- 0:07:58
      5180000 -- (-2755.348) [...7 remote chains...] -- 0:07:58
      5190000 -- (-2756.860) [...7 remote chains...] -- 0:07:57
      5200000 -- (-2756.740) [...7 remote chains...] -- 0:07:56
      5210000 -- (-2759.432) [...7 remote chains...] -- 0:07:55
      5220000 -- (-2754.768) [...7 remote chains...] -- 0:07:54
      5230000 -- (-2747.269) [...7 remote chains...] -- 0:07:53
      5240000 -- (-2752.046) [...7 remote chains...] -- 0:07:52
      5250000 -- (-2754.050) [...7 remote chains...] -- 0:07:51
      5260000 -- [-2760.511] (...7 remote chains...) -- 0:07:50
      5270000 -- (-2762.901) [...7 remote chains...] -- 0:07:49
      5280000 -- (-2748.814) [...7 remote chains...] -- 0:07:48
      5290000 -- (-2764.384) [...7 remote chains...] -- 0:07:47
      5300000 -- (-2754.956) [...7 remote chains...] -- 0:07:46
      5310000 -- (-2759.821) [...7 remote chains...] -- 0:07:45
      5320000 -- (-2755.438) [...7 remote chains...] -- 0:07:44
      5330000 -- [-2760.755] (...7 remote chains...) -- 0:07:43
      5340000 -- (-2749.185) [...7 remote chains...] -- 0:07:42
      5350000 -- (-2753.199) [...7 remote chains...] -- 0:07:41
      5360000 -- (-2758.169) [...7 remote chains...] -- 0:07:40
      5370000 -- (-2747.727) [...7 remote chains...] -- 0:07:39
      5380000 -- (-2750.749) [...7 remote chains...] -- 0:07:38
      5390000 -- (-2761.507) [...7 remote chains...] -- 0:07:37
      5400000 -- (-2755.933) [...7 remote chains...] -- 0:07:36
      5410000 -- (-2747.448) [...7 remote chains...] -- 0:07:35
      5420000 -- [-2751.845] (...7 remote chains...) -- 0:07:34
      5430000 -- [-2752.427] (...7 remote chains...) -- 0:07:33
      5440000 -- [-2749.198] (...7 remote chains...) -- 0:07:32
      5450000 -- (-2751.686) [...7 remote chains...] -- 0:07:31
      5460000 -- (-2760.126) [...7 remote chains...] -- 0:07:30
      5470000 -- (-2760.696) [...7 remote chains...] -- 0:07:29
      5480000 -- (-2752.776) [...7 remote chains...] -- 0:07:28
      5490000 -- (-2758.923) [...7 remote chains...] -- 0:07:27
      5500000 -- (-2758.085) [...7 remote chains...] -- 0:07:26
      5510000 -- (-2771.436) [...7 remote chains...] -- 0:07:25
      5520000 -- (-2749.417) [...7 remote chains...] -- 0:07:24
      5530000 -- (-2763.841) [...7 remote chains...] -- 0:07:23
      5540000 -- (-2758.172) [...7 remote chains...] -- 0:07:22
      5550000 -- (-2751.437) [...7 remote chains...] -- 0:07:21
      5560000 -- (-2754.669) [...7 remote chains...] -- 0:07:20
      5570000 -- (-2750.058) [...7 remote chains...] -- 0:07:19
      5580000 -- (-2752.590) [...7 remote chains...] -- 0:07:18
      5590000 -- (-2748.357) [...7 remote chains...] -- 0:07:17
      5600000 -- (-2755.786) [...7 remote chains...] -- 0:07:16
      5610000 -- (-2758.925) [...7 remote chains...] -- 0:07:15
      5620000 -- (-2751.744) [...7 remote chains...] -- 0:07:14
      5630000 -- (-2756.562) [...7 remote chains...] -- 0:07:13
      5640000 -- (-2746.524) [...7 remote chains...] -- 0:07:12
      5650000 -- (-2760.339) [...7 remote chains...] -- 0:07:11
      5660000 -- (-2754.413) [...7 remote chains...] -- 0:07:10
      5670000 -- (-2752.113) [...7 remote chains...] -- 0:07:09
      5680000 -- (-2760.070) [...7 remote chains...] -- 0:07:08
      5690000 -- (-2755.987) [...7 remote chains...] -- 0:07:07
      5700000 -- (-2748.605) [...7 remote chains...] -- 0:07:06
      5710000 -- (-2747.323) [...7 remote chains...] -- 0:07:05
      5720000 -- (-2754.686) [...7 remote chains...] -- 0:07:05
      5730000 -- (-2754.090) [...7 remote chains...] -- 0:07:04
      5740000 -- (-2752.148) [...7 remote chains...] -- 0:07:03
      5750000 -- (-2755.059) [...7 remote chains...] -- 0:07:02
      5760000 -- (-2758.409) [...7 remote chains...] -- 0:07:01
      5770000 -- (-2771.798) [...7 remote chains...] -- 0:07:00
      5780000 -- (-2761.950) [...7 remote chains...] -- 0:06:59
      5790000 -- (-2749.659) [...7 remote chains...] -- 0:06:58
      5800000 -- (-2753.769) [...7 remote chains...] -- 0:06:57
      5810000 -- (-2748.571) [...7 remote chains...] -- 0:06:56
      5820000 -- (-2756.532) [...7 remote chains...] -- 0:06:55
      5830000 -- (-2757.765) [...7 remote chains...] -- 0:06:54
      5840000 -- (-2763.711) [...7 remote chains...] -- 0:06:53
      5850000 -- (-2761.091) [...7 remote chains...] -- 0:06:52
      5860000 -- (-2755.403) [...7 remote chains...] -- 0:06:51
      5870000 -- (-2755.468) [...7 remote chains...] -- 0:06:50
      5880000 -- (-2755.336) [...7 remote chains...] -- 0:06:49
      5890000 -- [-2752.062] (...7 remote chains...) -- 0:06:48
      5900000 -- (-2745.304) [...7 remote chains...] -- 0:06:47
      5910000 -- [-2748.828] (...7 remote chains...) -- 0:06:46
      5920000 -- (-2752.095) [...7 remote chains...] -- 0:06:45
      5930000 -- (-2754.976) [...7 remote chains...] -- 0:06:44
      5940000 -- (-2748.547) [...7 remote chains...] -- 0:06:43
      5950000 -- (-2749.081) [...7 remote chains...] -- 0:06:42
      5960000 -- (-2747.637) [...7 remote chains...] -- 0:06:41
      5970000 -- (-2751.788) [...7 remote chains...] -- 0:06:40
      5980000 -- (-2754.943) [...7 remote chains...] -- 0:06:39
      5990000 -- (-2758.834) [...7 remote chains...] -- 0:06:38
      6000000 -- (-2760.278) [...7 remote chains...] -- 0:06:37
      6010000 -- (-2762.127) [...7 remote chains...] -- 0:06:36
      6020000 -- (-2752.709) [...7 remote chains...] -- 0:06:35
      6030000 -- (-2752.305) [...7 remote chains...] -- 0:06:34
      6040000 -- (-2748.408) [...7 remote chains...] -- 0:06:33
      6050000 -- (-2759.281) [...7 remote chains...] -- 0:06:33
      6060000 -- (-2745.062) [...7 remote chains...] -- 0:06:32
      6070000 -- (-2742.419) [...7 remote chains...] -- 0:06:31
      6080000 -- (-2753.166) [...7 remote chains...] -- 0:06:30
      6090000 -- [-2752.816] (...7 remote chains...) -- 0:06:29
      6100000 -- [-2760.241] (...7 remote chains...) -- 0:06:28
      6110000 -- [-2750.919] (...7 remote chains...) -- 0:06:27
      6120000 -- (-2749.747) [...7 remote chains...] -- 0:06:26
      6130000 -- (-2750.614) [...7 remote chains...] -- 0:06:25
      6140000 -- (-2748.844) [...7 remote chains...] -- 0:06:24
      6150000 -- [-2754.927] (...7 remote chains...) -- 0:06:23
      6160000 -- (-2754.157) [...7 remote chains...] -- 0:06:22
      6170000 -- [-2753.954] (...7 remote chains...) -- 0:06:21
      6180000 -- (-2747.855) [...7 remote chains...] -- 0:06:20
      6190000 -- (-2766.615) [...7 remote chains...] -- 0:06:19
      6200000 -- (-2755.642) [...7 remote chains...] -- 0:06:18
      6210000 -- (-2757.886) [...7 remote chains...] -- 0:06:17
      6220000 -- [-2752.487] (...7 remote chains...) -- 0:06:16
      6230000 -- (-2754.353) [...7 remote chains...] -- 0:06:15
      6240000 -- (-2753.845) [...7 remote chains...] -- 0:06:14
      6250000 -- (-2765.929) [...7 remote chains...] -- 0:06:13
      6260000 -- [-2747.542] (...7 remote chains...) -- 0:06:12
      6270000 -- (-2752.887) [...7 remote chains...] -- 0:06:11
      6280000 -- [-2757.419] (...7 remote chains...) -- 0:06:10
      6290000 -- [-2754.226] (...7 remote chains...) -- 0:06:09
      6300000 -- (-2757.715) [...7 remote chains...] -- 0:06:08
      6310000 -- (-2755.832) [...7 remote chains...] -- 0:06:07
      6320000 -- (-2762.687) [...7 remote chains...] -- 0:06:06
      6330000 -- (-2748.593) [...7 remote chains...] -- 0:06:05
      6340000 -- (-2757.468) [...7 remote chains...] -- 0:06:04
      6350000 -- (-2749.851) [...7 remote chains...] -- 0:06:03
      6360000 -- (-2743.896) [...7 remote chains...] -- 0:06:02
      6370000 -- (-2745.919) [...7 remote chains...] -- 0:06:01
      6380000 -- (-2755.648) [...7 remote chains...] -- 0:06:00
      6390000 -- (-2746.735) [...7 remote chains...] -- 0:05:59
      6400000 -- (-2758.428) [...7 remote chains...] -- 0:05:58
      6410000 -- (-2755.668) [...7 remote chains...] -- 0:05:57
      6420000 -- (-2755.721) [...7 remote chains...] -- 0:05:56
      6430000 -- (-2753.530) [...7 remote chains...] -- 0:05:55
      6440000 -- (-2756.088) [...7 remote chains...] -- 0:05:54
      6450000 -- (-2756.207) [...7 remote chains...] -- 0:05:53
      6460000 -- (-2758.108) [...7 remote chains...] -- 0:05:52
      6470000 -- [-2754.002] (...7 remote chains...) -- 0:05:51
      6480000 -- (-2750.076) [...7 remote chains...] -- 0:05:50
      6490000 -- (-2751.608) [...7 remote chains...] -- 0:05:49
      6500000 -- (-2756.326) [...7 remote chains...] -- 0:05:48
      6510000 -- (-2754.685) [...7 remote chains...] -- 0:05:47
      6520000 -- (-2754.779) [...7 remote chains...] -- 0:05:46
      6530000 -- (-2746.182) [...7 remote chains...] -- 0:05:45
      6540000 -- [-2762.082] (...7 remote chains...) -- 0:05:44
      6550000 -- (-2755.916) [...7 remote chains...] -- 0:05:43
      6560000 -- [-2758.282] (...7 remote chains...) -- 0:05:42
      6570000 -- (-2755.564) [...7 remote chains...] -- 0:05:41
      6580000 -- (-2749.840) [...7 remote chains...] -- 0:05:40
      6590000 -- (-2757.727) [...7 remote chains...] -- 0:05:39
      6600000 -- (-2760.640) [...7 remote chains...] -- 0:05:38
      6610000 -- (-2776.328) [...7 remote chains...] -- 0:05:37
      6620000 -- (-2756.262) [...7 remote chains...] -- 0:05:36
      6630000 -- (-2751.541) [...7 remote chains...] -- 0:05:35
      6640000 -- (-2752.283) [...7 remote chains...] -- 0:05:34
      6650000 -- (-2756.169) [...7 remote chains...] -- 0:05:33
      6660000 -- (-2759.160) [...7 remote chains...] -- 0:05:32
      6670000 -- (-2758.687) [...7 remote chains...] -- 0:05:32
      6680000 -- (-2755.002) [...7 remote chains...] -- 0:05:31
      6690000 -- (-2757.216) [...7 remote chains...] -- 0:05:30
      6700000 -- [-2746.795] (...7 remote chains...) -- 0:05:29
      6710000 -- (-2751.969) [...7 remote chains...] -- 0:05:28
      6720000 -- (-2765.418) [...7 remote chains...] -- 0:05:27
      6730000 -- (-2739.189) [...7 remote chains...] -- 0:05:26
      6740000 -- (-2751.792) [...7 remote chains...] -- 0:05:25
      6750000 -- (-2743.834) [...7 remote chains...] -- 0:05:24
      6760000 -- (-2751.589) [...7 remote chains...] -- 0:05:23
      6770000 -- (-2764.763) [...7 remote chains...] -- 0:05:22
      6780000 -- (-2749.257) [...7 remote chains...] -- 0:05:21
      6790000 -- (-2743.024) [...7 remote chains...] -- 0:05:20
      6800000 -- (-2752.632) [...7 remote chains...] -- 0:05:19
      6810000 -- (-2750.561) [...7 remote chains...] -- 0:05:18
      6820000 -- (-2748.592) [...7 remote chains...] -- 0:05:17
      6830000 -- (-2759.687) [...7 remote chains...] -- 0:05:16
      6840000 -- (-2759.302) [...7 remote chains...] -- 0:05:15
      6850000 -- (-2751.036) [...7 remote chains...] -- 0:05:14
      6860000 -- (-2750.578) [...7 remote chains...] -- 0:05:13
      6870000 -- (-2764.931) [...7 remote chains...] -- 0:05:12
      6880000 -- (-2752.426) [...7 remote chains...] -- 0:05:11
      6890000 -- (-2751.268) [...7 remote chains...] -- 0:05:10
      6900000 -- [-2754.973] (...7 remote chains...) -- 0:05:09
      6910000 -- (-2751.504) [...7 remote chains...] -- 0:05:08
      6920000 -- (-2757.498) [...7 remote chains...] -- 0:05:07
      6930000 -- (-2762.763) [...7 remote chains...] -- 0:05:06
      6940000 -- (-2756.641) [...7 remote chains...] -- 0:05:05
      6950000 -- (-2766.525) [...7 remote chains...] -- 0:05:04
      6960000 -- (-2753.604) [...7 remote chains...] -- 0:05:03
      6970000 -- (-2761.712) [...7 remote chains...] -- 0:05:02
      6980000 -- (-2760.051) [...7 remote chains...] -- 0:05:01
      6990000 -- (-2748.926) [...7 remote chains...] -- 0:05:00
      7000000 -- (-2764.053) [...7 remote chains...] -- 0:04:59
      7010000 -- (-2757.722) [...7 remote chains...] -- 0:04:58
      7020000 -- (-2741.626) [...7 remote chains...] -- 0:04:57
      7030000 -- (-2757.996) [...7 remote chains...] -- 0:04:56
      7040000 -- (-2755.252) [...7 remote chains...] -- 0:04:55
      7050000 -- (-2771.090) [...7 remote chains...] -- 0:04:54
      7060000 -- (-2754.730) [...7 remote chains...] -- 0:04:53
      7070000 -- [-2757.893] (...7 remote chains...) -- 0:04:52
      7080000 -- (-2751.364) [...7 remote chains...] -- 0:04:51
      7090000 -- (-2751.107) [...7 remote chains...] -- 0:04:50
      7100000 -- (-2759.592) [...7 remote chains...] -- 0:04:49
      7110000 -- (-2754.332) [...7 remote chains...] -- 0:04:48
      7120000 -- (-2767.571) [...7 remote chains...] -- 0:04:47
      7130000 -- (-2757.778) [...7 remote chains...] -- 0:04:46
      7140000 -- (-2760.796) [...7 remote chains...] -- 0:04:45
      7150000 -- (-2758.353) [...7 remote chains...] -- 0:04:44
      7160000 -- (-2745.683) [...7 remote chains...] -- 0:04:43
      7170000 -- (-2762.313) [...7 remote chains...] -- 0:04:42
      7180000 -- (-2751.629) [...7 remote chains...] -- 0:04:41
      7190000 -- [-2749.375] (...7 remote chains...) -- 0:04:40
      7200000 -- (-2755.751) [...7 remote chains...] -- 0:04:39
      7210000 -- (-2756.596) [...7 remote chains...] -- 0:04:38
      7220000 -- (-2743.807) [...7 remote chains...] -- 0:04:37
      7230000 -- (-2749.080) [...7 remote chains...] -- 0:04:36
      7240000 -- (-2760.041) [...7 remote chains...] -- 0:04:35
      7250000 -- (-2752.401) [...7 remote chains...] -- 0:04:34
      7260000 -- (-2750.646) [...7 remote chains...] -- 0:04:33
      7270000 -- (-2762.630) [...7 remote chains...] -- 0:04:32
      7280000 -- (-2753.893) [...7 remote chains...] -- 0:04:31
      7290000 -- (-2752.007) [...7 remote chains...] -- 0:04:30
      7300000 -- [-2745.279] (...7 remote chains...) -- 0:04:29
      7310000 -- (-2752.007) [...7 remote chains...] -- 0:04:28
      7320000 -- (-2762.252) [...7 remote chains...] -- 0:04:27
      7330000 -- (-2757.771) [...7 remote chains...] -- 0:04:26
      7340000 -- (-2741.268) [...7 remote chains...] -- 0:04:25
      7350000 -- (-2741.785) [...7 remote chains...] -- 0:04:24
      7360000 -- (-2762.372) [...7 remote chains...] -- 0:04:23
      7370000 -- [-2758.007] (...7 remote chains...) -- 0:04:22
      7380000 -- (-2766.461) [...7 remote chains...] -- 0:04:21
      7390000 -- (-2750.096) [...7 remote chains...] -- 0:04:20
      7400000 -- (-2753.860) [...7 remote chains...] -- 0:04:19
      7410000 -- [-2752.920] (...7 remote chains...) -- 0:04:18
      7420000 -- (-2752.794) [...7 remote chains...] -- 0:04:17
      7430000 -- (-2752.713) [...7 remote chains...] -- 0:04:16
      7440000 -- (-2759.442) [...7 remote chains...] -- 0:04:15
      7450000 -- (-2756.604) [...7 remote chains...] -- 0:04:14
      7460000 -- (-2753.204) [...7 remote chains...] -- 0:04:13
      7470000 -- (-2757.487) [...7 remote chains...] -- 0:04:12
      7480000 -- [-2750.293] (...7 remote chains...) -- 0:04:10
      7490000 -- (-2770.688) [...7 remote chains...] -- 0:04:09
      7500000 -- (-2751.938) [...7 remote chains...] -- 0:04:09
      7510000 -- (-2757.697) [...7 remote chains...] -- 0:04:07
      7520000 -- (-2751.404) [...7 remote chains...] -- 0:04:06
      7530000 -- (-2750.474) [...7 remote chains...] -- 0:04:05
      7540000 -- (-2751.220) [...7 remote chains...] -- 0:04:04
      7550000 -- (-2759.964) [...7 remote chains...] -- 0:04:03
      7560000 -- [-2749.135] (...7 remote chains...) -- 0:04:02
      7570000 -- (-2752.434) [...7 remote chains...] -- 0:04:01
      7580000 -- (-2773.208) [...7 remote chains...] -- 0:03:59
      7590000 -- (-2752.620) [...7 remote chains...] -- 0:03:58
      7600000 -- (-2757.460) [...7 remote chains...] -- 0:03:57
      7610000 -- (-2755.587) [...7 remote chains...] -- 0:03:56
      7620000 -- (-2764.465) [...7 remote chains...] -- 0:03:55
      7630000 -- (-2751.402) [...7 remote chains...] -- 0:03:54
      7640000 -- (-2769.341) [...7 remote chains...] -- 0:03:53
      7650000 -- (-2759.723) [...7 remote chains...] -- 0:03:51
      7660000 -- (-2748.573) [...7 remote chains...] -- 0:03:50
      7670000 -- (-2757.254) [...7 remote chains...] -- 0:03:49
      7680000 -- [-2767.512] (...7 remote chains...) -- 0:03:48
      7690000 -- (-2765.238) [...7 remote chains...] -- 0:03:47
      7700000 -- (-2747.472) [...7 remote chains...] -- 0:03:46
      7710000 -- (-2750.283) [...7 remote chains...] -- 0:03:45
      7720000 -- (-2756.296) [...7 remote chains...] -- 0:03:44
      7730000 -- (-2753.353) [...7 remote chains...] -- 0:03:43
      7740000 -- (-2746.771) [...7 remote chains...] -- 0:03:41
      7750000 -- (-2751.934) [...7 remote chains...] -- 0:03:40
      7760000 -- (-2754.653) [...7 remote chains...] -- 0:03:39
      7770000 -- (-2746.370) [...7 remote chains...] -- 0:03:38
      7780000 -- (-2753.140) [...7 remote chains...] -- 0:03:37
      7790000 -- (-2744.324) [...7 remote chains...] -- 0:03:36
      7800000 -- (-2750.460) [...7 remote chains...] -- 0:03:35
      7810000 -- (-2749.659) [...7 remote chains...] -- 0:03:34
      7820000 -- (-2755.926) [...7 remote chains...] -- 0:03:33
      7830000 -- (-2750.187) [...7 remote chains...] -- 0:03:32
      7840000 -- (-2754.190) [...7 remote chains...] -- 0:03:31
      7850000 -- [-2754.482] (...7 remote chains...) -- 0:03:30
      7860000 -- (-2753.924) [...7 remote chains...] -- 0:03:28
      7870000 -- (-2755.365) [...7 remote chains...] -- 0:03:27
      7880000 -- (-2756.408) [...7 remote chains...] -- 0:03:26
      7890000 -- [-2748.628] (...7 remote chains...) -- 0:03:25
      7900000 -- (-2748.296) [...7 remote chains...] -- 0:03:24
      7910000 -- (-2755.253) [...7 remote chains...] -- 0:03:23
      7920000 -- (-2751.125) [...7 remote chains...] -- 0:03:22
      7930000 -- (-2755.046) [...7 remote chains...] -- 0:03:21
      7940000 -- (-2747.921) [...7 remote chains...] -- 0:03:20
      7950000 -- (-2745.223) [...7 remote chains...] -- 0:03:19
      7960000 -- [-2751.904] (...7 remote chains...) -- 0:03:18
      7970000 -- (-2750.390) [...7 remote chains...] -- 0:03:16
      7980000 -- [-2743.374] (...7 remote chains...) -- 0:03:15
      7990000 -- (-2754.731) [...7 remote chains...] -- 0:03:14
      8000000 -- (-2756.673) [...7 remote chains...] -- 0:03:13
      8010000 -- (-2753.348) [...7 remote chains...] -- 0:03:12
      8020000 -- (-2762.011) [...7 remote chains...] -- 0:03:11
      8030000 -- (-2754.633) [...7 remote chains...] -- 0:03:10
      8040000 -- (-2748.774) [...7 remote chains...] -- 0:03:09
      8050000 -- (-2747.351) [...7 remote chains...] -- 0:03:08
      8060000 -- (-2765.847) [...7 remote chains...] -- 0:03:07
      8070000 -- (-2757.022) [...7 remote chains...] -- 0:03:06
      8080000 -- (-2749.756) [...7 remote chains...] -- 0:03:05
      8090000 -- (-2762.840) [...7 remote chains...] -- 0:03:04
      8100000 -- (-2762.546) [...7 remote chains...] -- 0:03:03
      8110000 -- (-2750.129) [...7 remote chains...] -- 0:03:02
      8120000 -- (-2745.897) [...7 remote chains...] -- 0:03:01
      8130000 -- (-2757.776) [...7 remote chains...] -- 0:03:00
      8140000 -- (-2764.846) [...7 remote chains...] -- 0:02:58
      8150000 -- (-2751.756) [...7 remote chains...] -- 0:02:57
      8160000 -- (-2759.506) [...7 remote chains...] -- 0:02:56
      8170000 -- (-2758.022) [...7 remote chains...] -- 0:02:55
      8180000 -- (-2752.212) [...7 remote chains...] -- 0:02:54
      8190000 -- (-2758.849) [...7 remote chains...] -- 0:02:53
      8200000 -- [-2744.310] (...7 remote chains...) -- 0:02:52
      8210000 -- (-2762.889) [...7 remote chains...] -- 0:02:51
      8220000 -- (-2757.086) [...7 remote chains...] -- 0:02:50
      8230000 -- [-2756.916] (...7 remote chains...) -- 0:02:49
      8240000 -- (-2750.305) [...7 remote chains...] -- 0:02:48
      8250000 -- (-2756.511) [...7 remote chains...] -- 0:02:47
      8260000 -- [-2743.228] (...7 remote chains...) -- 0:02:46
      8270000 -- (-2755.650) [...7 remote chains...] -- 0:02:45
      8280000 -- (-2745.096) [...7 remote chains...] -- 0:02:44
      8290000 -- (-2745.196) [...7 remote chains...] -- 0:02:43
      8300000 -- [-2750.665] (...7 remote chains...) -- 0:02:42
      8310000 -- (-2749.228) [...7 remote chains...] -- 0:02:41
      8320000 -- (-2742.844) [...7 remote chains...] -- 0:02:40
      8330000 -- (-2760.863) [...7 remote chains...] -- 0:02:39
      8340000 -- (-2765.302) [...7 remote chains...] -- 0:02:38
      8350000 -- (-2753.495) [...7 remote chains...] -- 0:02:37
      8360000 -- (-2754.460) [...7 remote chains...] -- 0:02:36
      8370000 -- (-2759.177) [...7 remote chains...] -- 0:02:35
      8380000 -- (-2762.738) [...7 remote chains...] -- 0:02:34
      8390000 -- (-2740.790) [...7 remote chains...] -- 0:02:33
      8400000 -- (-2754.255) [...7 remote chains...] -- 0:02:32
      8410000 -- (-2758.460) [...7 remote chains...] -- 0:02:31
      8420000 -- (-2745.256) [...7 remote chains...] -- 0:02:29
      8430000 -- (-2760.536) [...7 remote chains...] -- 0:02:28
      8440000 -- (-2742.093) [...7 remote chains...] -- 0:02:27
      8450000 -- (-2762.390) [...7 remote chains...] -- 0:02:26
      8460000 -- (-2765.241) [...7 remote chains...] -- 0:02:25
      8470000 -- (-2755.416) [...7 remote chains...] -- 0:02:24
      8480000 -- (-2749.352) [...7 remote chains...] -- 0:02:23
      8490000 -- (-2752.014) [...7 remote chains...] -- 0:02:22
      8500000 -- [-2747.106] (...7 remote chains...) -- 0:02:21
      8510000 -- (-2744.588) [...7 remote chains...] -- 0:02:20
      8520000 -- (-2750.044) [...7 remote chains...] -- 0:02:19
      8530000 -- (-2754.374) [...7 remote chains...] -- 0:02:18
      8540000 -- (-2743.982) [...7 remote chains...] -- 0:02:17
      8550000 -- [-2747.864] (...7 remote chains...) -- 0:02:16
      8560000 -- (-2752.493) [...7 remote chains...] -- 0:02:15
      8570000 -- (-2753.999) [...7 remote chains...] -- 0:02:14
      8580000 -- (-2761.675) [...7 remote chains...] -- 0:02:13
      8590000 -- (-2755.369) [...7 remote chains...] -- 0:02:12
      8600000 -- (-2765.506) [...7 remote chains...] -- 0:02:11
      8610000 -- (-2752.251) [...7 remote chains...] -- 0:02:10
      8620000 -- (-2762.683) [...7 remote chains...] -- 0:02:09
      8630000 -- (-2754.001) [...7 remote chains...] -- 0:02:08
      8640000 -- (-2761.198) [...7 remote chains...] -- 0:02:07
      8650000 -- (-2766.003) [...7 remote chains...] -- 0:02:06
      8660000 -- (-2747.233) [...7 remote chains...] -- 0:02:05
      8670000 -- (-2756.855) [...7 remote chains...] -- 0:02:04
      8680000 -- (-2752.219) [...7 remote chains...] -- 0:02:03
      8690000 -- (-2756.108) [...7 remote chains...] -- 0:02:02
      8700000 -- (-2754.041) [...7 remote chains...] -- 0:02:01
      8710000 -- (-2756.489) [...7 remote chains...] -- 0:02:00
      8720000 -- (-2749.062) [...7 remote chains...] -- 0:01:59
      8730000 -- (-2748.156) [...7 remote chains...] -- 0:01:58
      8740000 -- (-2751.766) [...7 remote chains...] -- 0:01:57
      8750000 -- (-2761.328) [...7 remote chains...] -- 0:01:56
      8760000 -- (-2749.208) [...7 remote chains...] -- 0:01:55
      8770000 -- (-2751.697) [...7 remote chains...] -- 0:01:54
      8780000 -- (-2778.440) [...7 remote chains...] -- 0:01:53
      8790000 -- [-2750.755] (...7 remote chains...) -- 0:01:53
      8800000 -- (-2763.136) [...7 remote chains...] -- 0:01:51
      8810000 -- (-2752.866) [...7 remote chains...] -- 0:01:51
      8820000 -- (-2761.024) [...7 remote chains...] -- 0:01:49
      8830000 -- (-2751.562) [...7 remote chains...] -- 0:01:49
      8840000 -- (-2756.147) [...7 remote chains...] -- 0:01:47
      8850000 -- (-2748.435) [...7 remote chains...] -- 0:01:47
      8860000 -- (-2754.675) [...7 remote chains...] -- 0:01:46
      8870000 -- (-2755.337) [...7 remote chains...] -- 0:01:45
      8880000 -- (-2757.897) [...7 remote chains...] -- 0:01:44
      8890000 -- (-2751.670) [...7 remote chains...] -- 0:01:43
      8900000 -- (-2747.977) [...7 remote chains...] -- 0:01:42
      8910000 -- (-2754.191) [...7 remote chains...] -- 0:01:41
      8920000 -- [-2760.705] (...7 remote chains...) -- 0:01:40
      8930000 -- (-2754.438) [...7 remote chains...] -- 0:01:39
      8940000 -- (-2759.383) [...7 remote chains...] -- 0:01:38
      8950000 -- (-2743.816) [...7 remote chains...] -- 0:01:37
      8960000 -- (-2766.045) [...7 remote chains...] -- 0:01:36
      8970000 -- (-2749.799) [...7 remote chains...] -- 0:01:35
      8980000 -- (-2755.584) [...7 remote chains...] -- 0:01:34
      8990000 -- (-2761.212) [...7 remote chains...] -- 0:01:33
      9000000 -- (-2764.141) [...7 remote chains...] -- 0:01:32
      9010000 -- [-2750.689] (...7 remote chains...) -- 0:01:31
      9020000 -- (-2756.698) [...7 remote chains...] -- 0:01:30
      9030000 -- (-2760.496) [...7 remote chains...] -- 0:01:29
      9040000 -- [-2754.772] (...7 remote chains...) -- 0:01:28
      9050000 -- (-2755.833) [...7 remote chains...] -- 0:01:27
      9060000 -- (-2761.174) [...7 remote chains...] -- 0:01:26
      9070000 -- (-2764.809) [...7 remote chains...] -- 0:01:25
      9080000 -- (-2762.328) [...7 remote chains...] -- 0:01:24
      9090000 -- (-2764.552) [...7 remote chains...] -- 0:01:23
      9100000 -- (-2759.673) [...7 remote chains...] -- 0:01:22
      9110000 -- [-2751.022] (...7 remote chains...) -- 0:01:21
      9120000 -- [-2750.082] (...7 remote chains...) -- 0:01:20
      9130000 -- (-2761.399) [...7 remote chains...] -- 0:01:20
      9140000 -- [-2759.556] (...7 remote chains...) -- 0:01:19
      9150000 -- (-2760.995) [...7 remote chains...] -- 0:01:18
      9160000 -- [-2750.904] (...7 remote chains...) -- 0:01:17
      9170000 -- (-2771.535) [...7 remote chains...] -- 0:01:16
      9180000 -- (-2753.394) [...7 remote chains...] -- 0:01:15
      9190000 -- (-2756.242) [...7 remote chains...] -- 0:01:14
      9200000 -- (-2750.124) [...7 remote chains...] -- 0:01:13
      9210000 -- (-2753.842) [...7 remote chains...] -- 0:01:12
      9220000 -- (-2744.411) [...7 remote chains...] -- 0:01:11
      9230000 -- (-2759.006) [...7 remote chains...] -- 0:01:10
      9240000 -- (-2743.609) [...7 remote chains...] -- 0:01:09
      9250000 -- [-2753.503] (...7 remote chains...) -- 0:01:08
      9260000 -- (-2752.005) [...7 remote chains...] -- 0:01:07
      9270000 -- [-2756.692] (...7 remote chains...) -- 0:01:06
      9280000 -- (-2752.224) [...7 remote chains...] -- 0:01:05
      9290000 -- [-2749.040] (...7 remote chains...) -- 0:01:04
      9300000 -- (-2752.610) [...7 remote chains...] -- 0:01:03
      9310000 -- (-2750.315) [...7 remote chains...] -- 0:01:02
      9320000 -- (-2751.401) [...7 remote chains...] -- 0:01:02
      9330000 -- (-2756.550) [...7 remote chains...] -- 0:01:01
      9340000 -- (-2767.540) [...7 remote chains...] -- 0:01:00
      9350000 -- (-2754.264) [...7 remote chains...] -- 0:00:59
      9360000 -- [-2758.814] (...7 remote chains...) -- 0:00:58
      9370000 -- (-2751.990) [...7 remote chains...] -- 0:00:57
      9380000 -- (-2754.477) [...7 remote chains...] -- 0:00:56
      9390000 -- (-2755.687) [...7 remote chains...] -- 0:00:55
      9400000 -- (-2752.867) [...7 remote chains...] -- 0:00:54
      9410000 -- (-2745.977) [...7 remote chains...] -- 0:00:53
      9420000 -- (-2754.613) [...7 remote chains...] -- 0:00:52
      9430000 -- [-2764.533] (...7 remote chains...) -- 0:00:51
      9440000 -- (-2759.191) [...7 remote chains...] -- 0:00:50
      9450000 -- [-2752.791] (...7 remote chains...) -- 0:00:49
      9460000 -- (-2752.860) [...7 remote chains...] -- 0:00:49
      9470000 -- (-2744.281) [...7 remote chains...] -- 0:00:48
      9480000 -- (-2749.162) [...7 remote chains...] -- 0:00:47
      9490000 -- (-2763.762) [...7 remote chains...] -- 0:00:46
      9500000 -- (-2767.780) [...7 remote chains...] -- 0:00:45
      9510000 -- (-2762.274) [...7 remote chains...] -- 0:00:44
      9520000 -- (-2768.587) [...7 remote chains...] -- 0:00:43
      9530000 -- (-2757.466) [...7 remote chains...] -- 0:00:42
      9540000 -- (-2758.090) [...7 remote chains...] -- 0:00:41
      9550000 -- (-2757.522) [...7 remote chains...] -- 0:00:40
      9560000 -- (-2763.844) [...7 remote chains...] -- 0:00:39
      9570000 -- (-2754.241) [...7 remote chains...] -- 0:00:38
      9580000 -- (-2758.966) [...7 remote chains...] -- 0:00:37
      9590000 -- (-2754.729) [...7 remote chains...] -- 0:00:37
      9600000 -- (-2751.471) [...7 remote chains...] -- 0:00:36
      9610000 -- (-2762.453) [...7 remote chains...] -- 0:00:35
      9620000 -- (-2751.021) [...7 remote chains...] -- 0:00:34
      9630000 -- (-2754.628) [...7 remote chains...] -- 0:00:33
      9640000 -- (-2748.447) [...7 remote chains...] -- 0:00:32
      9650000 -- [-2767.969] (...7 remote chains...) -- 0:00:31
      9660000 -- (-2771.403) [...7 remote chains...] -- 0:00:30
      9670000 -- (-2757.645) [...7 remote chains...] -- 0:00:29
      9680000 -- [-2743.063] (...7 remote chains...) -- 0:00:28
      9690000 -- [-2767.876] (...7 remote chains...) -- 0:00:27
      9700000 -- [-2753.161] (...7 remote chains...) -- 0:00:27
      9710000 -- (-2736.636) [...7 remote chains...] -- 0:00:26
      9720000 -- (-2752.014) [...7 remote chains...] -- 0:00:25
      9730000 -- (-2759.063) [...7 remote chains...] -- 0:00:24
      9740000 -- (-2750.900) [...7 remote chains...] -- 0:00:23
      9750000 -- [-2747.760] (...7 remote chains...) -- 0:00:22
      9760000 -- (-2758.103) [...7 remote chains...] -- 0:00:21
      9770000 -- (-2748.945) [...7 remote chains...] -- 0:00:20
      9780000 -- (-2754.567) [...7 remote chains...] -- 0:00:19
      9790000 -- (-2761.670) [...7 remote chains...] -- 0:00:18
      9800000 -- (-2751.650) [...7 remote chains...] -- 0:00:17
      9810000 -- [-2755.231] (...7 remote chains...) -- 0:00:17
      9820000 -- (-2745.401) [...7 remote chains...] -- 0:00:16
      9830000 -- (-2753.743) [...7 remote chains...] -- 0:00:15
      9840000 -- (-2754.026) [...7 remote chains...] -- 0:00:14
      9850000 -- (-2756.409) [...7 remote chains...] -- 0:00:13
      9860000 -- (-2758.635) [...7 remote chains...] -- 0:00:12
      9870000 -- (-2744.368) [...7 remote chains...] -- 0:00:11
      9880000 -- (-2755.728) [...7 remote chains...] -- 0:00:10
      9890000 -- (-2752.290) [...7 remote chains...] -- 0:00:09
      9900000 -- (-2756.155) [...7 remote chains...] -- 0:00:08
      9910000 -- [-2754.154] (...7 remote chains...) -- 0:00:08
      9920000 -- (-2757.402) [...7 remote chains...] -- 0:00:07
      9930000 -- [-2749.621] (...7 remote chains...) -- 0:00:06
      9940000 -- (-2741.167) [...7 remote chains...] -- 0:00:05
      9950000 -- (-2748.049) [...7 remote chains...] -- 0:00:04
      9960000 -- (-2762.323) [...7 remote chains...] -- 0:00:03
      9970000 -- (-2743.070) [...7 remote chains...] -- 0:00:02
      9980000 -- (-2748.731) [...7 remote chains...] -- 0:00:01
      9990000 -- (-2752.531) [...7 remote chains...] -- 0:00:00
      10000000 -- (-2764.439) [...7 remote chains...] -- 0:00:00

      Analysis completed in 14 mins 50 seconds
      Analysis used 887.33 seconds of CPU time on processor 0
      Log likelihood of best state for "cold" chain was -2729.63

      Acceptance rates for the moves in the "cold" chain:
         With prob.   (last 1000)   chain accepted proposals by move
             1.8 %     (  1 %)     AddBranch(V{all})
             1.8 %     (  2 %)     DelBranch(V{all})
            75.1 %     ( 76 %)     NodesliderClock(V{all})
            17.4 %     ( 25 %)     TreeStretch(V{all})
            13.8 %     ( 30 %)     Slider(Net_speciation{all})
            23.9 %     ( 29 %)     Slider(Relative_extinction{all})
            24.0 %     ( 29 %)     Slider(Relative_fossilization{all})
            28.8 %     ( 26 %)     Multiplier(IGRvar{all})
            31.0 %     ( 22 %)     Multiplier(IgrBrlens{all})
            24.6 %     ( 24 %)     Multiplier(Clockrate{all})

      Chain swap information:

                   1       2       3       4       5       6       7       8 
           ------------------------------------------------------------------
         1 |            0.92    0.85    0.77    0.70    0.64    0.58    0.52 
         2 |  357534            0.92    0.85    0.78    0.71    0.65    0.58 
         3 |  356922  357027            0.93    0.85    0.78    0.72    0.65 
         4 |  357121  356881  357432            0.93    0.86    0.79    0.72 
         5 |  357071  356827  357312  358650            0.93    0.86    0.79 
         6 |  357871  358644  356466  357428  356117            0.93    0.86 
         7 |  356518  357027  358052  357776  357147  356826            0.93 
         8 |  357350  356201  356903  356966  356007  357198  356726         

      Upper diagonal: Proportion of successful state exchanges between chains
      Lower diagonal: Number of attempted state exchanges between chains

      Chain information:

        ID -- Heat 
       -----------
         1 -- 1.00  (cold chain)
         2 -- 0.99 
         3 -- 0.98 
         4 -- 0.97 
         5 -- 0.96 
         6 -- 0.95 
         7 -- 0.94 
         8 -- 0.93 

      Heat = 1 / (1 + T * (ID - 1))
         (where T = 0.01 is the temperature and ID is the chain number)

      Setting sumt nruns to 1
      Using relative burnin (a fraction of samples discarded).
      Setting burnin fraction to 0.10
      Summarizing trees in file "alignment_and_tree.nex.t"
      Using relative burnin ('relburnin=yes'), discarding the first 10 % of sampled trees
      Writing statistics to files alignment_and_tree.nex.<parts|tstat|vstat|trprobs|con>
      Examining file ...
      Found one tree block in file "alignment_and_tree.nex.t" with 10001 trees in last block

      Tree reading status:

      0      10      20      30      40      50      60      70      80      90     100
      v-------v-------v-------v-------v-------v-------v-------v-------v-------v-------v
      *********************************************************************************

      Read 10001 trees from last tree block (sampling 9001 of them)
      Overwriting file "alignment_and_tree.nex.parts"
      Overwriting file "alignment_and_tree.nex.tstat"
      Overwriting file "alignment_and_tree.nex.vstat"
      Overwriting file "alignment_and_tree.nex.con.tre"
      Overwriting file "alignment_and_tree.nex.trprobs"
                                                                                   
      General explanation:                                                          
                                                                                   
      In an unrooted tree, a taxon bipartition (split) is specified by removing a   
      branch, thereby dividing the species into those to the left and those to the  
      right of the branch. Here, taxa to one side of the removed branch are denoted 
      '.' and those to the other side are denoted '*'. Specifically, the '.' symbol 
      is used for the taxa on the same side as the outgroup.                        
                                                                                   
      In a rooted or clock tree, the tree is rooted using the model and not by      
      reference to an outgroup. Each bipartition therefore corresponds to a clade,  
      that is, a group that includes all the descendants of a particular branch in  
      the tree.  Taxa that are included in each clade are denoted using '*', and    
      taxa that are not included are denoted using the '.' symbol.                  
                                                                                   
      The output first includes a key to all the bipartitions with frequency larger 
      or equal to (Minpartfreq) in at least one run. Minpartfreq is a parameter to  
      sumt command and currently it is set to 0.10.  This is followed by a table  
      with statistics for the informative bipartitions (those including at least    
      two taxa), sorted from highest to lowest probability. For each bipartition,   
      the table gives the number of times the partition or split was observed in all
      runs (#obs) and the posterior probability of the bipartition (Probab.), which 
      is the same as the split frequency. If several runs are summarized, this is   
      followed by the minimum split frequency (Min(s)), the maximum frequency       
      (Max(s)), and the standard deviation of frequencies (Stddev(s)) across runs.  
      The latter value should approach 0 for all bipartitions as MCMC runs converge.
                                                                                   
      This is followed by a table summarizing branch lengths, node heights (if a    
      clock model was used) and relaxed clock parameters (if a relaxed clock model  
      was used). The mean, variance, and 95 % credible interval are given for each 
      of these parameters. If several runs are summarized, the potential scale      
      reduction factor (PSRF) is also given; it should approach 1 as runs converge. 
      Node heights will take calibration points into account, if such points were   
      used in the analysis.                                                         
                                                                                    
      Note that Stddev may be unreliable if the partition is not present in all     
      runs (the last column indicates the number of runs that sampled the partition 
      if more than one run is summarized). The PSRF is not calculated at all if     
      the partition is not present in all runs.The PSRF is also sensitive to small  
      sample sizes and it should only be considered a rough guide to convergence    
      since some of the assumptions allowing one to interpret it as a true potential
      scale reduction factor are violated in MrBayes.                               
                                                                                    
      List of taxa in bipartitions:                                                 
                                                                                   
         1 -- Huso_huso
         2 -- Polypterus_senegalus
         3 -- Pteronisculus_cicatrosus
         4 -- Abdobalistum_thyrus
         5 -- Nursallia_veronae
         6 -- Paranursallia_gutturosum
         7 -- Pycnodus_apodus
         8 -- Oropycnodus_ponsorti
         9 -- Coelodus_saturnus
        10 -- Sylvienodus_laveirensis
        11 -- Polazzodus_coronatus
        12 -- Scalacurvichthys_naishi
        13 -- Ocloedus_subdiscus
        14 -- Tepexichthys_aranguthyorum
        15 -- Iemanja_palma
        16 -- Stemmatodus_rhombus
        17 -- Proscinetes_radiatus
        18 -- Proscinetes_bernardi
        19 -- Proscinetes_elegans
        20 -- Neoproscinetes_penalvai
        21 -- Thiollierepycnodus_wagneri
        22 -- Turboscinetes_egertoni
        23 -- Turbomesodon_relegans
        24 -- Turbomesodon_bernissartensis
        25 -- Turbomesodon_praeclarus
        26 -- Akromystax_tilmachiton
        27 -- Stenamara_mia
        28 -- Macromesodon_macropterus
        29 -- Brembodus_ridens
        30 -- Gibbodon_cenensis
        31 -- Eomesodon_liassicus
        32 -- Eomesodon_hoeferi
        33 -- Apomesodon_gibbosus
        34 -- Piranhamesodon_pinnatomus
        35 -- Arduafrons_prominoris
        36 -- Gyrodus_hexagonus
        37 -- Mesturus_verrucosus
        38 -- Aminiichthys_leedsi
        39 -- Palaeobalistum_orbiculatum
        40 -- Micropycnodon_kansasensis
        41 -- Paramesturus_stuehmeri
        42 -- Valgarzaella_antiquissima

      Key to taxon bipartitions (saved to file "alignment_and_tree.nex.parts"):

      ID -- Partition
      ------------------------------------------------
       0 -- 
       1 -- 
       2 -- 
       3 -- 
       4 -- 
       5 -- 
       6 -- 
       7 -- 
       8 -- 
       9 -- 
      10 -- 
      11 -- 
      12 -- 
      13 -- 
      14 -- 
      15 -- 
      16 -- 
      17 -- 
      18 -- 
      19 -- 
      20 -- 
      21 -- 
      22 -- 
      23 -- 
      24 -- 
      25 -- 
      26 -- 
      27 -- 
      28 -- 
      29 -- 
      30 -- 
      31 -- 
      32 -- 
      33 -- 
      34 -- 
      35 -- 
      36 -- 
      37 -- 
      38 -- 
      39 -- 
      40 -- 
      41 -- 
      42 -- 
      43 -- 
      44 -- 
      45 -- 
      46 -- 
      47 -- 
      48 -- 
      49 -- 
      50 -- 
      51 -- 
      52 -- 
      53 -- 
      54 -- 
      55 -- 
      56 -- 
      57 -- 
      58 -- 
      59 -- 
      60 -- 
      61 -- 
      62 -- 
      63 -- 
      64 -- 
      65 -- 
      66 -- 
      67 -- 
      68 -- 
      69 -- 
      70 -- 
      71 -- 
      72 -- 
      73 -- 
      74 -- 
      75 -- 
      76 -- 
      77 -- 
      78 -- 
      79 -- 
      80 -- 
      81 -- 
      82 -- 
      ------------------------------------------------

      Summary statistics for informative taxon bipartitions (clades)
         (saved to file "alignment_and_tree.nex.tstat"):

      ID   #obs    Probab.
      --------------------
      43  9001    1.000000
      44  9001    1.000000
      45  9001    1.000000
      46  9001    1.000000
      47  9001    1.000000
      48  9001    1.000000
      49  9001    1.000000
      50  9001    1.000000
      51  9001    1.000000
      52  9001    1.000000
      53  9001    1.000000
      54  9001    1.000000
      55  9001    1.000000
      56  9001    1.000000
      57  9001    1.000000
      58  9001    1.000000
      59  9001    1.000000
      60  9001    1.000000
      61  9001    1.000000
      62  9001    1.000000
      63  9001    1.000000
      64  9001    1.000000
      65  9001    1.000000
      66  9001    1.000000
      67  9001    1.000000
      68  9001    1.000000
      69  9001    1.000000
      70  9001    1.000000
      71  9001    1.000000
      72  9001    1.000000
      73  9001    1.000000
      74  9001    1.000000
      75  9001    1.000000
      76  9001    1.000000
      77  9001    1.000000
      78  9001    1.000000
      79  9001    1.000000
      80  9001    1.000000
      81  9001    1.000000
      82  9001    1.000000
      --------------------

      Summary statistics for branch and node parameters
         (saved to file "alignment_and_tree.nex.vstat"):

                                                             95% HPD Interval
                                                           --------------------
      Parameter                     Mean       Variance     Lower       Upper       Median
      ------------------------------------------------------------------------------------
      length{all}[1]               3.416451    0.518563    2.107970    4.824241    3.315543
      length{all}[2]               3.555625    0.578713    2.239173    5.090811    3.447164
      length{all}[3]               0.391748    0.012984    0.173319    0.628394    0.387676
      length{all}[4]               0.567032    0.018072    0.330819    0.843183    0.549626
      length{all}[5]               0.523408    0.015795    0.314715    0.791010    0.504974
      length{all}[6]               0.023248    0.001124    0.000000    0.090755    0.008044
      length{all}[7]               0.662876    0.022207    0.386942    0.958141    0.644930
      length{all}[8]               0.590968    0.018938    0.344729    0.869237    0.572320
      length{all}[9]               0.429793    0.016554    0.199562    0.681261    0.413952
      length{all}[10]              0.139267    0.006384    0.017050    0.293692    0.124118
      length{all}[11]              0.263591    0.009135    0.093154    0.447236    0.248002
      length{all}[12]              0.369148    0.009515    0.205019    0.565377    0.354185
      length{all}[13]              0.463748    0.020078    0.205679    0.745298    0.451527
      length{all}[14]              0.719702    0.024100    0.454471    1.044179    0.698539
      length{all}[15]              0.139523    0.004642    0.028602    0.269572    0.126915
      length{all}[16]              0.327686    0.014929    0.116894    0.580699    0.312507
      length{all}[17]              0.544612    0.014407    0.334534    0.787284    0.527454
      length{all}[18]              0.041070    0.000839    0.003773    0.101353    0.033125
      length{all}[19]              0.034485    0.001636    0.000000    0.112903    0.021228
      length{all}[20]              0.539231    0.014838    0.334094    0.790991    0.522955
      length{all}[21]              0.081888    0.001420    0.023858    0.156114    0.074709
      length{all}[22]              0.256936    0.006466    0.122711    0.419443    0.245227
      length{all}[23]              0.434048    0.013043    0.241070    0.663978    0.418500
      length{all}[24]              0.967780    0.054040    0.570748    1.437449    0.934679
      length{all}[25]              0.803478    0.032186    0.497263    1.172348    0.776390
      length{all}[26]              0.558736    0.019576    0.322578    0.850750    0.540654
      length{all}[27]              0.976701    0.048991    0.604092    1.419643    0.942709
      length{all}[28]              0.944850    0.045061    0.568534    1.377272    0.914504
      length{all}[29]              0.089533    0.001591    0.018559    0.167073    0.084225
      length{all}[30]              0.092896    0.001475    0.029221    0.168825    0.086602
      length{all}[31]              0.262806    0.004844    0.141125    0.398309    0.253714
      length{all}[32]              0.072883    0.001292    0.016714    0.143373    0.066011
      length{all}[33]              0.310668    0.056873    0.022810    0.818511    0.232583
      length{all}[34]              0.293135    0.056175    0.021649    0.801104    0.213781
      length{all}[35]              1.099540    0.052325    0.704951    1.564482    1.067466
      length{all}[36]              1.133923    0.056169    0.736720    1.622344    1.100239
      length{all}[37]              0.401363    0.048205    0.131207    0.873995    0.335615
      length{all}[38]              0.217222    0.042603    0.000000    0.658276    0.147903
      length{all}[39]              0.723706    0.026468    0.437059    1.056815    0.702897
      length{all}[40]              1.832928    0.152709    1.125645    2.582516    1.775912
      length{all}[41]              1.613616    0.113423    1.010730    2.276333    1.566316
      length{all}[42]              0.428131    0.015069    0.215243    0.679268    0.414780
      length{all}[43]              0.076311    0.003227    0.000126    0.188511    0.062509
      length{all}[44]              0.062178    0.002155    0.000014    0.151839    0.051690
      length{all}[45]              0.037303    0.001065    0.000017    0.102464    0.028297
      length{all}[46]              0.048427    0.001651    0.000019    0.126674    0.038318
      length{all}[47]              0.110587    0.005166    0.010775    0.256593    0.092329
      length{all}[48]              0.093412    0.005799    0.000030    0.245444    0.072633
      length{all}[49]              0.072182    0.004936    0.000013    0.211269    0.050143
      length{all}[50]              0.068084    0.003731    0.000021    0.188104    0.051103
      length{all}[51]              0.063568    0.003619    0.000021    0.183083    0.045092
      length{all}[52]              0.067385    0.003806    0.000013    0.188244    0.051322
      length{all}[53]              0.071789    0.005021    0.000013    0.213368    0.050893
      length{all}[54]              0.256005    0.010014    0.092609    0.453279    0.239027
      length{all}[55]              0.078035    0.002630    0.008597    0.177970    0.065581
      length{all}[56]              0.095921    0.002767    0.015307    0.200083    0.085559
      length{all}[57]              0.049410    0.001187    0.003048    0.117132    0.041198
      length{all}[58]              0.820866    0.072782    0.235332    1.355114    0.823372
      length{all}[59]              0.062268    0.003184    0.000009    0.172042    0.046727
      length{all}[60]              0.081755    0.001659    0.007442    0.158382    0.077377
      length{all}[61]              0.078738    0.004151    0.000080    0.205088    0.060794
      length{all}[62]              0.135945    0.008982    0.007831    0.324868    0.111615
      length{all}[63]              0.043894    0.001333    0.000003    0.116082    0.035000
      length{all}[64]              0.038811    0.001064    0.000001    0.101468    0.031153
      length{all}[65]              0.177709    0.009335    0.028112    0.367353    0.162359
      length{all}[66]              0.040026    0.001128    0.000004    0.105358    0.031364
      length{all}[67]              0.035816    0.000780    0.000367    0.090237    0.028639
      length{all}[68]              0.059924    0.001264    0.006555    0.129067    0.052459
      length{all}[69]              0.051461    0.000935    0.007261    0.112035    0.044854
      length{all}[70]              0.056550    0.001675    0.001421    0.137128    0.045917
      length{all}[71]              0.713424    0.090124    0.024792    1.213039    0.728599
      length{all}[72]              0.060545    0.002481    0.000041    0.157523    0.047634
      length{all}[73]              0.058564    0.003210    0.000006    0.171680    0.041135
      length{all}[74]              0.114887    0.006862    0.000035    0.275194    0.094053
      length{all}[75]              0.079482    0.003507    0.007347    0.195306    0.063136
      length{all}[76]              0.205076    0.017064    0.013867    0.445864    0.177716
      length{all}[77]              0.055099    0.002061    0.000130    0.141305    0.043580
      length{all}[78]              0.075059    0.001468    0.016970    0.149930    0.067430
      length{all}[79]              0.034469    0.000945    0.000006    0.094356    0.026110
      length{all}[80]              0.030578    0.000757    0.000009    0.083153    0.023278
      length{all}[81]              0.171975    0.011417    0.024584    0.383364    0.148510
      length{all}[82]              0.135044    0.013548    0.000040    0.357257    0.103570
      height{all}[0]               3.555626    0.578713    2.239173    5.090811    3.447164
      height{all}[1]               0.000000    0.000000    0.000000    0.000001    0.000000
      height{all}[2]               0.000000    0.000000    0.000000    0.000001    0.000000
      height{all}[3]               3.092089    0.472212    1.873907    4.454983    2.993077
      height{all}[4]               0.643728    0.021472    0.396026    0.941828    0.622484
      height{all}[5]               0.643458    0.021448    0.390901    0.941862    0.622365
      height{all}[6]               1.143618    0.065198    0.702912    1.666265    1.107261
      height{all}[7]               0.643805    0.021568    0.390026    0.939376    0.620743
      height{all}[8]               0.852569    0.036139    0.514756    1.225372    0.824872
      height{all}[9]               1.145395    0.068499    0.678478    1.662576    1.108143
      height{all}[10]              1.194645    0.070952    0.718406    1.713257    1.156408
      height{all}[11]              1.070320    0.056932    0.656986    1.554187    1.035104
      height{all}[12]              1.199483    0.071445    0.740195    1.738854    1.159770
      height{all}[13]              1.523566    0.114821    0.903529    2.178566    1.474821
      height{all}[14]              1.300800    0.084872    0.783851    1.873223    1.258651
      height{all}[15]              1.429109    0.101279    0.888758    2.085897    1.382879
      height{all}[16]              1.523683    0.114809    0.906045    2.177236    1.474597
      height{all}[17]              1.513193    0.114032    0.917094    2.178272    1.464555
      height{all}[18]              1.812451    0.162136    1.096164    2.612571    1.754652
      height{all}[19]              1.819036    0.163587    1.114726    2.629820    1.760358
      height{all}[20]              1.431861    0.103324    0.868031    2.070106    1.383388
      height{all}[21]              1.853388    0.169460    1.103327    2.651504    1.794791
      height{all}[22]              1.857419    0.170588    1.139352    2.689989    1.796814
      height{all}[23]              1.813440    0.162405    1.108546    2.622464    1.756704
      height{all}[24]              1.417754    0.107469    0.864713    2.094282    1.370092
      height{all}[25]              1.523492    0.114952    0.914280    2.190587    1.475860
      height{all}[26]              1.199221    0.071965    0.728398    1.734051    1.159003
      height{all}[27]              1.523720    0.114966    0.929669    2.205379    1.474018
      height{all}[28]              1.727546    0.148160    1.061536    2.508286    1.670687
      height{all}[29]              2.627636    0.341145    1.596418    3.792411    2.542210
      height{all}[30]              2.624273    0.340675    1.601660    3.784566    2.538777
      height{all}[31]              2.433249    0.293700    1.485582    3.517218    2.354318
      height{all}[32]              2.623172    0.339951    1.599465    3.781921    2.538204
      height{all}[33]              1.813926    0.163020    1.104576    2.622150    1.755500
      height{all}[34]              1.831460    0.165662    1.103299    2.634240    1.772800
      height{all}[35]              1.813537    0.162799    1.093821    2.603893    1.754866
      height{all}[36]              1.813624    0.162689    1.104452    2.620139    1.755909
      height{all}[37]              1.813773    0.162664    1.103759    2.613259    1.754131
      height{all}[38]              1.997913    0.197542    1.204977    2.873455    1.934212
      height{all}[39]              0.643519    0.021293    0.390846    0.939552    0.622055
      height{all}[40]              1.154645    0.068640    0.700837    1.686479    1.117736
      height{all}[41]              1.484562    0.108811    0.894728    2.131310    1.436462
      height{all}[42]              2.732315    0.370455    1.650538    3.926035    2.643559
      height{all}[43]              1.367226    0.085541    0.848344    1.957549    1.327378
      height{all}[44]              3.036001    0.421990    1.842296    4.285710    2.942857
      height{all}[45]              2.020502    0.187546    1.249521    2.881337    1.957412
      height{all}[46]              2.987573    0.410222    1.846051    4.251434    2.895121
      height{all}[47]              1.647370    0.123165    1.027549    2.365666    1.598992
      height{all}[48]              1.757957    0.139683    1.116815    2.527937    1.707764
      height{all}[49]              1.575188    0.112082    1.017515    2.293868    1.529764
      height{all}[50]              1.443537    0.093594    0.923247    2.080415    1.400311
      height{all}[51]              1.511620    0.102276    0.946344    2.152942    1.467050
      height{all}[52]              3.416452    0.518563    2.107970    4.824241    3.315543
      height{all}[53]              3.483837    0.543230    2.199753    4.971059    3.384254
      height{all}[54]              3.160446    0.456607    1.951079    4.492215    3.063401
      height{all}[55]              2.114355    0.202557    1.350895    3.039753    2.049269
      height{all}[56]              1.210760    0.072012    0.747928    1.762911    1.174320
      height{all}[57]              1.971092    0.181601    1.232366    2.837023    1.911267
      height{all}[58]              2.215135    0.275354    1.330172    3.293802    2.136446
      height{all}[59]              3.098179    0.436266    1.953732    4.444742    3.005430
      height{all}[60]              1.853521    0.167116    1.116615    2.656690    1.796176
      height{all}[61]              1.568632    0.114203    0.984078    2.249229    1.523350
      height{all}[62]              1.851369    0.154765    1.175600    2.674547    1.797531
      height{all}[63]              1.166866    0.068182    0.716290    1.701994    1.130319
      height{all}[64]              2.717169    0.351882    1.692946    3.924813    2.631696
      height{all}[65]              1.333911    0.087959    0.791579    1.906827    1.290653
      height{all}[66]              2.947547    0.400234    1.837256    4.216864    2.859509
      height{all}[67]              1.935276    0.176325    1.179393    2.756329    1.874064
      height{all}[68]              2.696055    0.351407    1.627673    3.857343    2.611983
      height{all}[69]              2.755979    0.360532    1.729434    3.993460    2.671530
      height{all}[70]              2.057805    0.193371    1.279428    2.939839    1.994385
      height{all}[71]              2.124594    0.245439    1.242128    3.112836    2.044038
      height{all}[72]              1.306681    0.078847    0.813223    1.882664    1.266973
      height{all}[73]              2.326970    0.243894    1.472562    3.323706    2.254038
      height{all}[74]              2.385534    0.259842    1.526112    3.432371    2.308205
      height{all}[75]              2.247489    0.225827    1.449820    3.229174    2.178089
      height{all}[76]              1.987314    0.177653    1.268402    2.864488    1.929231
      height{all}[77]              2.192390    0.214472    1.430537    3.175129    2.124233
      height{all}[78]              2.838019    0.377638    1.762940    4.081134    2.749932
      height{all}[79]              2.913078    0.390887    1.835558    4.186752    2.825255
      height{all}[80]              2.807440    0.369760    1.747042    4.042601    2.722287
      height{all}[81]              2.500422    0.288744    1.615370    3.630274    2.418677
      height{all}[82]              2.672396    0.330636    1.664919    3.838653    2.583964
      age{all}[0]                289.128209   62.309383  273.425528  298.998689  291.030220
      age{all}[1]                  0.000014    0.000000    0.000000    0.000059    0.000000
      age{all}[2]                  0.000014    0.000000    0.000000    0.000058    0.000000
      age{all}[3]                250.949323    0.007605  250.808086  251.092932  250.949888
      age{all}[4]                 52.237122    5.238057   48.505167   55.997112   52.337293
      age{all}[5]                 52.212394    5.283350   48.521150   55.995826   52.289260
      age{all}[6]                 92.823000    6.288178   89.800257   98.102102   92.156506
      age{all}[7]                 52.239271    5.177707   48.528069   55.991511   52.371634
      age{all}[8]                 69.203748    3.175166   66.338599   72.195036   69.223277
      age{all}[9]                 92.957382   23.225196   84.798075  100.486287   93.377973
      age{all}[10]                96.956982    3.622185   93.900324  100.108083   96.825571
      age{all}[11]                86.871485    3.218693   83.941625   89.793653   86.954120
      age{all}[12]                97.356347    3.657489   94.252617  100.475874   97.441427
      age{all}[13]               123.652422    1.624435  121.620093  125.766744  123.663616
      age{all}[14]               105.569560    7.610464  101.074119  110.088704  105.675656
      age{all}[15]               115.986196    3.221488  113.200460  119.066609  115.815882
      age{all}[16]               123.661990    1.570944  121.641293  125.764351  123.695361
      age{all}[17]               122.798898    3.180130  119.917222  125.766387  122.839592
      age{all}[18]               147.106806    2.965848  145.060201  150.766388  146.609905
      age{all}[19]               147.631422    1.284107  145.490041  149.199161  147.836489
      age{all}[20]               116.199021   10.463020  110.815957  121.399159  116.417006
      age{all}[21]               150.423635    0.698984  149.200232  151.940038  150.306658
      age{all}[22]               150.743581    0.749734  149.276286  152.121143  150.775307
      age{all}[23]               147.181177    1.428643  145.277428  149.188244  147.206008
      age{all}[24]               115.056731   51.012058  102.546018  125.761033  115.960367
      age{all}[25]               123.643333    1.586572  121.628406  125.763902  123.680472
      age{all}[26]                97.318510    3.621639   94.260335  100.495444   97.377716
      age{all}[27]               123.662113    1.605845  121.619475  125.760238  123.699523
      age{all}[28]               140.199396    3.013217  137.402701  143.098355  140.240306
      age{all}[29]               213.256502    1.419851  211.188049  215.149811  213.235909
      age{all}[30]               212.980050    1.390201  211.180001  215.026829  212.844152
      age{all}[31]               197.473376    5.917631  193.467088  201.398660  197.632852
      age{all}[32]               212.894562    1.361528  211.180024  215.014043  212.713014
      age{all}[33]               147.212509    1.410378  145.257606  149.158071  147.251786
      age{all}[34]               148.649793    4.260730  145.157221  151.935300  148.634193
      age{all}[35]               147.182670    1.407357  145.279763  149.184958  147.215588
      age{all}[36]               147.190366    1.417762  145.297195  149.197330  147.198810
      age{all}[37]               147.204408    1.414162  145.313218  149.198635  147.229458
      age{all}[38]               162.149539    3.337999  159.126911  165.104730  162.127724
      age{all}[39]                52.227780    5.159989   48.540804   55.974497   52.325339
      age{all}[40]                93.707334   18.201415   86.618668  100.480341   94.093271
      age{all}[41]               120.486791    0.276842  119.580331  121.310580  120.484548
      age{all}[42]               221.753361   11.770624  216.127853  227.299243  221.969036
      age{all}[43]               111.326778   44.873307   98.918060  124.824746  110.785948
      age{all}[44]               246.888947   46.064205  234.402931  260.487680  246.580195
      age{all}[45]               164.311649   23.521949  155.907783  173.839212  163.751146
      age{all}[46]               242.923148   40.133593  231.043584  255.512897  242.533976
      age{all}[47]               134.110285   49.322874  121.997338  148.416173  133.314576
      age{all}[48]               143.176327   72.533853  127.171382  159.637898  142.520894
      age{all}[49]               128.287765   55.669194  114.694009  143.585747  127.732349
      age{all}[50]               117.598530   52.646833  103.926842  132.358689  117.015469
      age{all}[51]               123.141154   53.537480  109.442075  137.967463  122.619659
      age{all}[52]               278.026041   79.314613  260.860658  294.536839  278.669068
      age{all}[53]               283.446293   73.506967  267.224129  297.897569  284.513184
      age{all}[54]               257.037137   65.459606  241.519381  272.725232  256.997112
      age{all}[55]               172.033210   38.586174  161.291639  184.844460  171.396955
      age{all}[56]                98.363954   20.428165   90.501991  106.797130   97.789463
      age{all}[57]               160.216431   15.800964  153.323418  168.025770  159.622475
      age{all}[58]               179.928287  269.182590  160.513633  217.119151  174.497799
      age{all}[59]               251.994564   56.139531  238.047922  266.832518  251.722856
      age{all}[60]               150.507614    8.681758  146.251629  156.468461  149.326082
      age{all}[61]               127.595605   32.972127  117.822946  139.038407  126.783470
      age{all}[62]               150.812707   89.243119  132.497740  168.585982  150.264305
      age{all}[63]                94.732110   13.032013   89.800257  101.312461   94.038351
      age{all}[64]               220.714081    9.977616  215.064215  226.972265  220.297832
      age{all}[65]               108.436358   41.333325   97.170359  120.831000  107.526263
      age{all}[66]               239.648490   35.384141  228.637485  251.507225  239.287704
      age{all}[67]               157.263543   10.514218  151.622092  163.410461  156.730977
      age{all}[68]               218.929955    8.905418  213.537423  224.726499  218.586213
      age{all}[69]               223.893217   12.846205  217.352623  230.911666  223.507083
      age{all}[70]               167.379719   30.198397  157.566902  177.988298  166.713492
      age{all}[71]               173.004342  369.405018  149.418471  216.790556  166.622619
      age{all}[72]               106.344908   34.897250   95.491936  118.055145  105.720038
      age{all}[73]               189.440105   76.849529  172.574929  206.272481  188.949874
      age{all}[74]               194.162914   84.706636  176.423939  212.067796  193.954216
      age{all}[75]               182.975919   62.189983  168.904970  198.651426  182.442287
      age{all}[76]               161.912406  103.583630  140.721136  180.170478  162.348276
      age{all}[77]               178.475137   52.583232  165.514858  193.252855  177.821414
      age{all}[78]               230.636974   22.035156  221.851831  239.764726  230.244744
      age{all}[79]               236.840838   30.863236  226.353971  247.723259  236.506651
      age{all}[80]               228.142716   18.167266  220.496123  236.824756  227.757365
      age{all}[81]               203.461633   90.885082  185.500607  221.874777  203.675439
      age{all}[82]               217.382083   77.774052  199.263544  233.149415  218.792616
      IgrBrlens{all}_length[1]     0.206537    0.009468    0.000008    0.367740    0.207788
      IgrBrlens{all}_length[2]     0.112608    0.003823    0.000009    0.217561    0.111446
      IgrBrlens{all}_length[3]     0.044098    0.001192    0.000000    0.110947    0.037048
      IgrBrlens{all}_length[4]     0.375191    0.010439    0.189020    0.574927    0.362869
      IgrBrlens{all}_length[5]     0.136330    0.002518    0.046578    0.235900    0.131055
      IgrBrlens{all}_length[6]     0.013413    0.000424    0.000000    0.056308    0.001440
      IgrBrlens{all}_length[7]     0.096168    0.002030    0.014836    0.184907    0.091120
      IgrBrlens{all}_length[8]     0.204811    0.003494    0.092911    0.317729    0.200057
      IgrBrlens{all}_length[9]     0.189568    0.003919    0.073791    0.308931    0.183103
      IgrBrlens{all}_length[10]    0.136472    0.002217    0.052491    0.228864    0.130745
      IgrBrlens{all}_length[11]    0.057925    0.000989    0.004985    0.119311    0.053312
      IgrBrlens{all}_length[12]    0.057935    0.001311    0.000001    0.124412    0.052329
      IgrBrlens{all}_length[13]    0.045917    0.001046    0.000000    0.106433    0.040731
      IgrBrlens{all}_length[14]    0.207906    0.003537    0.101997    0.328923    0.202375
      IgrBrlens{all}_length[15]    0.264930    0.006368    0.121159    0.423637    0.255935
      IgrBrlens{all}_length[16]    0.124606    0.002237    0.040745    0.219829    0.119382
      IgrBrlens{all}_length[17]    0.113536    0.001912    0.036442    0.199794    0.107897
      IgrBrlens{all}_length[18]    0.044651    0.000440    0.008240    0.086620    0.041653
      IgrBrlens{all}_length[19]    0.007907    0.000150    0.000000    0.033035    0.002301
      IgrBrlens{all}_length[20]    0.074252    0.001121    0.014966    0.140411    0.069833
      IgrBrlens{all}_length[21]    0.253358    0.003965    0.141431    0.379109    0.246945
      IgrBrlens{all}_length[22]    0.086663    0.001596    0.017869    0.165705    0.081408
      IgrBrlens{all}_length[23]    0.053729    0.000780    0.007167    0.109019    0.049560
      IgrBrlens{all}_length[24]    0.029813    0.000472    0.000007    0.071313    0.025343
      IgrBrlens{all}_length[25]    0.036308    0.000441    0.003484    0.078587    0.032776
      IgrBrlens{all}_length[26]    0.359785    0.008584    0.200158    0.552494    0.348847
      IgrBrlens{all}_length[27]    0.146027    0.003745    0.038275    0.271410    0.138787
      IgrBrlens{all}_length[28]    0.106529    0.001922    0.028113    0.194321    0.101460
      IgrBrlens{all}_length[29]    0.081538    0.001378    0.014422    0.156246    0.078081
      IgrBrlens{all}_length[30]    0.210951    0.003668    0.098561    0.328905    0.204988
      IgrBrlens{all}_length[31]    0.075662    0.001843    0.000000    0.156163    0.069255
      IgrBrlens{all}_length[32]    0.146237    0.002503    0.055742    0.244301    0.140678
      IgrBrlens{all}_length[33]    0.078847    0.001248    0.017582    0.149074    0.074552
      IgrBrlens{all}_length[34]    0.151684    0.002344    0.065554    0.248106    0.146561
      IgrBrlens{all}_length[35]    0.163081    0.003214    0.061798    0.275911    0.157756
      IgrBrlens{all}_length[36]    0.104983    0.001997    0.026869    0.195213    0.098963
      IgrBrlens{all}_length[37]    0.023620    0.000495    0.000002    0.068133    0.017133
      IgrBrlens{all}_length[38]    0.041345    0.000595    0.000000    0.086499    0.037523
      IgrBrlens{all}_length[39]    0.291006    0.007594    0.133328    0.460161    0.281869
      IgrBrlens{all}_length[40]    0.172583    0.005909    0.047337    0.331223    0.160444
      IgrBrlens{all}_length[41]    0.041939    0.002377    0.000001    0.139923    0.025306
      IgrBrlens{all}_length[42]    0.291335    0.027092    0.000005    0.576619    0.279681
      IgrBrlens{all}_length[43]    0.065483    0.001885    0.000000    0.146966    0.058349
      IgrBrlens{all}_length[44]    0.086394    0.004811    0.000000    0.219709    0.072493
      IgrBrlens{all}_length[45]    0.028475    0.000641    0.000000    0.077417    0.022261
      IgrBrlens{all}_length[46]    0.057436    0.002855    0.000000    0.162779    0.043467
      IgrBrlens{all}_length[47]    0.136911    0.003590    0.031123    0.258853    0.132054
      IgrBrlens{all}_length[48]    0.067425    0.002463    0.000000    0.160909    0.058561
      IgrBrlens{all}_length[49]    0.023029    0.000677    0.000000    0.076256    0.013788
      IgrBrlens{all}_length[50]    0.032900    0.000865    0.000000    0.090962    0.025847
      IgrBrlens{all}_length[51]    0.026274    0.000654    0.000000    0.076999    0.018956
      IgrBrlens{all}_length[52]    0.063556    0.005440    0.000000    0.220522    0.034192
      IgrBrlens{all}_length[53]    0.040690    0.002136    0.000000    0.140216    0.022373
      IgrBrlens{all}_length[54]    1.447216    0.331635    0.582062    2.609988    1.336371
      IgrBrlens{all}_length[55]    0.107513    0.002107    0.021305    0.195397    0.101954
      IgrBrlens{all}_length[56]    0.182890    0.004531    0.054079    0.313248    0.177083
      IgrBrlens{all}_length[57]    0.062306    0.001155    0.000007    0.124955    0.057567
      IgrBrlens{all}_length[58]    0.176211    0.005123    0.046718    0.322197    0.169552
      IgrBrlens{all}_length[59]    0.090402    0.014533    0.000000    0.344048    0.036869
      IgrBrlens{all}_length[60]    0.052708    0.000882    0.003578    0.110077    0.048271
      IgrBrlens{all}_length[61]    0.040321    0.000948    0.000000    0.099195    0.034185
      IgrBrlens{all}_length[62]    0.100808    0.001908    0.024367    0.190797    0.095461
      IgrBrlens{all}_length[63]    0.040735    0.001788    0.000000    0.125306    0.027260
      IgrBrlens{all}_length[64]    0.030115    0.001122    0.000000    0.096579    0.018486
      IgrBrlens{all}_length[65]    0.125833    0.002122    0.044292    0.217781    0.120560
      IgrBrlens{all}_length[66]    0.039460    0.001264    0.000000    0.108992    0.030766
      IgrBrlens{all}_length[67]    0.036061    0.000636    0.000000    0.085007    0.031429
      IgrBrlens{all}_length[68]    0.075665    0.001446    0.009594    0.152148    0.070925
      IgrBrlens{all}_length[69]    0.090842    0.001499    0.023070    0.168599    0.086341
      IgrBrlens{all}_length[70]    0.063735    0.001233    0.000005    0.127771    0.058991
      IgrBrlens{all}_length[71]    0.053104    0.001143    0.000009    0.117073    0.047800
      IgrBrlens{all}_length[72]    0.049276    0.001666    0.000000    0.126919    0.040663
      IgrBrlens{all}_length[73]    0.026405    0.000531    0.000000    0.071846    0.020560
      IgrBrlens{all}_length[74]    0.116520    0.004117    0.000001    0.233429    0.110407
      IgrBrlens{all}_length[75]    0.081329    0.001180    0.018991    0.148193    0.077297
      IgrBrlens{all}_length[76]    0.137166    0.002633    0.047383    0.239223    0.131949
      IgrBrlens{all}_length[77]    0.048826    0.001189    0.000001    0.114702    0.042704
      IgrBrlens{all}_length[78]    0.204922    0.003742    0.089273    0.323605    0.199553
      IgrBrlens{all}_length[79]    0.032272    0.001075    0.000000    0.098694    0.022204
      IgrBrlens{all}_length[80]    0.028522    0.000695    0.000000    0.080463    0.021643
      IgrBrlens{all}_length[81]    0.207524    0.005244    0.075327    0.353120    0.200974
      IgrBrlens{all}_length[82]    0.053450    0.001564    0.000000    0.129074    0.047529
      IgrBrlens{all}_rate[1]       0.063370    0.001105    0.000002    0.119943    0.061988
      IgrBrlens{all}_rate[2]       0.033331    0.000401    0.000003    0.069194    0.031697
      IgrBrlens{all}_rate[3]       0.124987    0.013873    0.000002    0.335723    0.097555
      IgrBrlens{all}_rate[4]       0.697036    0.061785    0.297372    1.202030    0.658309
      IgrBrlens{all}_rate[5]       0.275986    0.015135    0.072674    0.517803    0.256361
      IgrBrlens{all}_rate[6]       0.867617    0.308193    0.000001    1.683331    1.000000
      IgrBrlens{all}_rate[7]       0.152883    0.006664    0.012006    0.307301    0.139333
      IgrBrlens{all}_rate[8]       0.364723    0.018500    0.126726    0.623337    0.344644
      IgrBrlens{all}_rate[9]       0.482281    0.052608    0.147193    0.931765    0.439918
      IgrBrlens{all}_rate[10]      1.344520    0.909860    0.211459    3.264557    1.083429
      IgrBrlens{all}_rate[11]      0.248417    0.027516    0.000285    0.567432    0.212205
      IgrBrlens{all}_rate[12]      0.168176    0.013714    0.000001    0.389780    0.144830
      IgrBrlens{all}_rate[13]      0.108748    0.007752    0.000001    0.277003    0.090271
      IgrBrlens{all}_rate[14]      0.302288    0.012129    0.121127    0.537298    0.285761
      IgrBrlens{all}_rate[15]      2.339397    1.695591    0.483378    4.878820    2.029287
      IgrBrlens{all}_rate[16]      0.439887    0.067974    0.072809    0.923994    0.382729
      IgrBrlens{all}_rate[17]      0.218240    0.009460    0.055683    0.405912    0.202203
      IgrBrlens{all}_rate[18]      1.541146    1.276104    0.085815    3.744217    1.256386
      IgrBrlens{all}_rate[19]      0.589615    0.203354    0.002180    1.000000    0.562227
      IgrBrlens{all}_rate[20]      0.144849    0.005569    0.022612    0.291769    0.131242
      IgrBrlens{all}_rate[21]      3.673058    3.044990    1.022767    7.090642    3.324559
      IgrBrlens{all}_rate[22]      0.368809    0.042797    0.053694    0.780034    0.330950
      IgrBrlens{all}_rate[23]      0.131834    0.006018    0.008077    0.282638    0.117212
      IgrBrlens{all}_rate[24]      0.032648    0.000647    0.000005    0.081779    0.026638
      IgrBrlens{all}_rate[25]      0.047445    0.000896    0.002024    0.105167    0.041685
      IgrBrlens{all}_rate[26]      0.682849    0.059887    0.276234    1.164369    0.645652
      IgrBrlens{all}_rate[27]      0.157553    0.005924    0.032248    0.313778    0.144533
      IgrBrlens{all}_rate[28]      0.118267    0.003130    0.024464    0.230222    0.109854
      IgrBrlens{all}_rate[29]      1.077660    0.475301    0.081428    2.366064    0.929419
      IgrBrlens{all}_rate[30]      2.623437    1.587737    0.768044    5.114182    2.359703
      IgrBrlens{all}_rate[31]      0.308351    0.038003    0.000001    0.682155    0.271149
      IgrBrlens{all}_rate[32]      2.440446    1.777479    0.456346    5.060138    2.150762
      IgrBrlens{all}_rate[33]      0.434140    0.173765    0.018120    1.231414    0.308108
      IgrBrlens{all}_rate[34]      0.944251    0.734981    0.079047    2.671726    0.679319
      IgrBrlens{all}_rate[35]      0.154359    0.003868    0.046051    0.279204    0.146472
      IgrBrlens{all}_rate[36]      0.096579    0.002167    0.019787    0.190375    0.088354
      IgrBrlens{all}_rate[37]      0.076632    0.008118    0.000002    0.255917    0.046996
      IgrBrlens{all}_rate[38]      0.414685    0.249199    0.007910    1.365628    0.244708
      IgrBrlens{all}_rate[39]      0.421632    0.025250    0.152032    0.736058    0.397418
      IgrBrlens{all}_rate[40]      0.098405    0.002452    0.021917    0.196557    0.089715
      IgrBrlens{all}_rate[41]      0.027408    0.001101    0.000001    0.093467    0.015878
      IgrBrlens{all}_rate[42]      0.754471    0.255582    0.000007    1.685841    0.678168
      IgrBrlens{all}_rate[43]      1.212247    1.078547    0.000004    3.258220    0.931394
      IgrBrlens{all}_rate[44]      1.672102    1.733825    0.000005    4.171382    1.371895
      IgrBrlens{all}_rate[45]      1.064719    1.039408    0.000001    3.076136    0.768791
      IgrBrlens{all}_rate[46]      1.407900    1.535096    0.000004    3.773854    1.102332
      IgrBrlens{all}_rate[47]      1.695673    1.426432    0.165717    4.187204    1.376318
      IgrBrlens{all}_rate[48]      1.032730    0.878847    0.000013    2.858842    0.776974
      IgrBrlens{all}_rate[49]      0.538092    0.499107    0.000002    1.892072    0.300133
      IgrBrlens{all}_rate[50]      0.745893    0.659151    0.000003    2.278784    0.489936
      IgrBrlens{all}_rate[51]      0.679240    0.615668    0.000004    2.214042    0.421575
      IgrBrlens{all}_rate[52]      1.094853    1.359412    0.000005    3.351308    0.739556
      IgrBrlens{all}_rate[53]      0.795305    0.809640    0.000003    2.593085    0.497779
      IgrBrlens{all}_rate[54]      6.092549    5.614431    2.065683   10.837100    5.694982
      IgrBrlens{all}_rate[55]      1.860089    1.533838    0.235955    4.413326    1.555663
      IgrBrlens{all}_rate[56]      2.381256    1.875671    0.397938    5.002211    2.085743
      IgrBrlens{all}_rate[57]      1.681057    1.399072    0.001659    3.985373    1.392422
      IgrBrlens{all}_rate[58]      0.259693    0.063281    0.032078    0.595489    0.208821
      IgrBrlens{all}_rate[59]      1.414774    2.073307    0.000003    4.235611    0.989620
      IgrBrlens{all}_rate[60]      0.815879    0.457092    0.016880    2.045684    0.637207
      IgrBrlens{all}_rate[61]      0.815980    0.693039    0.000006    2.453584    0.563901
      IgrBrlens{all}_rate[62]      1.126734    0.840079    0.051622    2.938710    0.865128
      IgrBrlens{all}_rate[63]      1.101756    1.164951    0.000004    3.178609    0.793162
      IgrBrlens{all}_rate[64]      0.952490    1.005777    0.000002    2.871283    0.644123
      IgrBrlens{all}_rate[65]      0.964051    0.531981    0.138200    2.365236    0.758912
      IgrBrlens{all}_rate[66]      1.269410    1.300915    0.000007    3.552712    0.968071
      IgrBrlens{all}_rate[67]      1.377011    1.267983    0.000070    3.571991    1.081601
      IgrBrlens{all}_rate[68]      1.628304    1.321203    0.141732    3.889275    1.338383
      IgrBrlens{all}_rate[69]      2.254079    1.973616    0.308897    5.118997    1.927828
      IgrBrlens{all}_rate[70]      1.539990    1.278860    0.000854    3.743433    1.246496
      IgrBrlens{all}_rate[71]      0.114421    0.043941    0.000011    0.308126    0.069885
      IgrBrlens{all}_rate[72]      1.121984    1.118496    0.000009    3.138817    0.827940
      IgrBrlens{all}_rate[73]      0.765359    0.719619    0.000015    2.372273    0.496667
      IgrBrlens{all}_rate[74]      1.414645    1.253881    0.000007    3.549129    1.117831
      IgrBrlens{all}_rate[75]      1.496491    1.156293    0.115425    3.643546    1.221174
      IgrBrlens{all}_rate[76]      0.992213    0.671807    0.082499    2.597379    0.756627
      IgrBrlens{all}_rate[77]      1.254250    1.164236    0.000012    3.370766    0.963538
      IgrBrlens{all}_rate[78]      3.321242    2.910739    0.802306    6.782911    2.942342
      IgrBrlens{all}_rate[79]      1.165786    1.269999    0.000002    3.376080    0.859625
      IgrBrlens{all}_rate[80]      1.221134    1.280181    0.000003    3.417391    0.913686
      IgrBrlens{all}_rate[81]      1.658633    1.281481    0.211126    3.863348    1.360063
      IgrBrlens{all}_rate[82]      0.667295    0.523035    0.000009    2.090649    0.436290
      ------------------------------------------------------------------------------------




      Clade credibility values:

      Subtree rooted at node 53:

                                                     /----------- Abdobalistum_th~ (4)
                                                     |                                
                                                /-100+     /----- Nursallia_veron~ (5)
                                                |    \-100-+                          
                                           /-100+          \----- Paranursallia_g~ (6)
                                           |    |                                     
                                      /-100+    \---------------- Pycnodus_apodus (7)
                                      |    |                                          
                                /-100-+    \--------------------- Palaeobalistum~ (39)
                                |     |                                               
                                |     \-------------------------- Oropycnodus_pon~ (8)
                           /-100+                                                     
                           |    |                          /----- Sylvienodus_la~ (10)
                           |    \------------100-----------+                          
                      /-100+                               \----- Polazzodus_cor~ (11)
                      |    |                                                          
                      |    \------------------------------------- Coelodus_saturn~ (9)
                 /-100+                                                               
                 |    |                                    /----- Scalacurvichth~ (12)
                 |    \-----------------100----------------+                          
           /-100-+                                         \----- Iemanja_palma (15)
           |     |                                                                    
      --100+     \----------------------------------------------- Akromystax_til~ (26)
           |                                                                          
           \----------------------------------------------------- Stemmatodus_rh~ (16)
                                                                                      
      Subtree rooted at node 64:

                                                           /----- (53)
                           /--------------100--------------+                          
                           |                               \----- Ocloedus_subdi~ (13)
                           |                                                          
                           |               /--------------------- Tepexichthys_a~ (14)
                           |               |                                          
                           |               |               /----- Proscinetes_be~ (18)
                           |               |         /-100-+                          
                      /-100+          /-100+         |     \----- Proscinetes_el~ (19)
                      |    |          |    |    /-100+                                
                      |    |          |    |    |    \----------- Thiollierepycn~ (21)
                      |    |    /-100-+    \-100+                                     
                      |    |    |     |         \---------------- Neoproscinetes~ (20)
                 /-100+    |    |     |                                               
                 |    |    \-100+     \-------------------------- Proscinetes_ra~ (17)
                 |    |         |                                                     
                 |    |         \-------------------------------- Turboscinetes_~ (22)
           /-100-+    |                                                               
           |     |    \------------------------------------------ Turbomesodon_r~ (23)
           |     |                                                                    
      --100+     \----------------------------------------------- Turbomesodon_p~ (25)
           |                                                                          
           \----------------------------------------------------- Turbomesodon_b~ (24)
                                                                                      
      Subtree rooted at node 79:

                                                           /----- (64)
                                                     /-100-+                          
                                                     |     \----- Stenamara_mia (27)
                                                /-100+                                
                                                |    \----------- Macromesodon_m~ (28)
                                                |                                     
                                           /-100+          /----- Brembodus_ride~ (29)
                                           |    |    /-100-+                          
                                           |    |    |     \----- Gibbodon_cenen~ (30)
                                           |    \-100+                                
                                           |         |     /----- Eomesodon_lias~ (31)
                                      /-100+         \-100-+                          
                                      |    |               \----- Eomesodon_hoef~ (32)
                                      |    |                                          
                                      |    |               /----- Apomesodon_gib~ (33)
                                /-100-+    \------100------+                          
                                |     |                    \----- Piranhamesodon~ (34)
                                |     |                                               
                           /-100+     \-------------------------- Arduafrons_pro~ (35)
                           |    |                                                     
                      /-100+    \-------------------------------- Gyrodus_hexago~ (36)
                      |    |                                                          
                      |    \------------------------------------- Micropycnodon_~ (40)
                 /-100+                                                               
                 |    |                                    /----- Mesturus_verru~ (37)
                 |    \-----------------100----------------+                          
           /-100-+                                         \----- Aminiichthys_l~ (38)
           |     |                                                                    
      --100+     \----------------------------------------------- Paramesturus_s~ (41)
           |                                                                          
           \----------------------------------------------------- Valgarzaella_a~ (42)
                                                                                      
      Root part of tree:

      /---------------------------------------------------------- Polypterus_sene~ (2)
      |                                                                               
      |                                      /------------------- Huso_huso (1)
      +                  /--------100--------+                                        
      |                  |                   \------------------- (79)
      \--------100-------+                                                            
                         \--------------------------------------- Pteronisculus_c~ (3)
                                                                                      

      Phylogram (based on median node depths):

                                                                                                                                                                                                                                                                                                                                                                                                                                                                                                                              ---------|---------|---------|---------|---------|--------|                     
              250       200       150       100       50        0                     

      [User-defined time units]

      /---------------------------------------------------------- Polypterus_sene~ (2)
      |                                                                               
      | /-------------------------------------------------------- Huso_huso (1)
      | |                                                                             
      | |                                    /--------- Abdobalistum_th~ (4)
      | |                                    |                                        
      | |                                  /-+--------- Nursallia_veron~ (5)
      | |                                  | |                                        
      | |                                 /+ \- Paranursallia_g~ (6)
      | |                                 ||                                          
      | |                                /+\----------- Pycnodus_apodus (7)
      | |                                ||                                           
      | |                               /+\------------ Palaeobalistum~ (39)
      | |                               ||                                            
      | |                               |\--------- Oropycnodus_pon~ (8)
      | |                              /+                                             
      | |                              ||  /-- Sylvienodus_la~ (10)
      | |                              |\--+                                          
      | |                            /-+   \---- Polazzodus_cor~ (11)
      | |                            | |                                              
      | |                            | \------ Coelodus_saturn~ (9)
      | |                           /+                                                
      | |                           || /------ Scalacurvichth~ (12)
      | |                           |\-+                                              
      | |                         /-+  \-- Iemanja_palma (15)
      | |                         | |                                                 
      | |                       /-+ \--------- Akromystax_til~ (26)
      | |                       | |                                                   
      | |                    /--+ \----- Stemmatodus_rh~ (16)
      | |                    |  |                                                     
      | |                    |  \------- Ocloedus_subdi~ (13)
      + |                    |                                                        
      | |                    | /------------ Tepexichthys_a~ (14)
      | |                    | |                                                      
      | |                    | |  /- Proscinetes_be~ (18)
      | |                   /+ | /+                                                   
      | |                   || | |\- Proscinetes_el~ (19)
      | |                   || |/+                                                    
      | |                   || ||\- Thiollierepycn~ (21)
      | |                   ||/++                                                     
      |/+                   ||||\--------- Neoproscinetes~ (20)
      |||                 /-+|||                                                      
      |||                 | |\+\--------- Proscinetes_ra~ (17)
      |||                 | | |                                                       
      |||                 | | \---- Turboscinetes_~ (22)
      |||                /+ |                                                         
      |||                || \------- Turbomesodon_r~ (23)
      |||                ||                                                           
      |||              /-+\------------- Turbomesodon_p~ (25)
      |||              | |                                                            
      |||           /--+ \---------------- Turbomesodon_b~ (24)
      |||           |  |                                                              
      |||          /+  \---------------- Stenamara_mia (27)
      |||          ||                                                                 
      |||          |\---------------- Macromesodon_m~ (28)
      |||          |                                                                  
      |||         /+/-- Brembodus_ride~ (29)
      |||         ||+                                                                 
      |||         ||\-- Gibbodon_cenen~ (30)
      |||         ||                                                                  
      |||         ||/----- Eomesodon_lias~ (31)
      \+|        /+\+                                                                 
       ||        || \-- Eomesodon_hoef~ (32)
       ||        ||                                                                   
       ||        ||            /---- Apomesodon_gib~ (33)
       ||       /+\------------+                                                      
       ||       ||             \--- Piranhamesodon~ (34)
       ||       ||                                                                    
       ||       |\------------------ Arduafrons_pro~ (35)
       ||       |                                                                     
       ||      /+------------------- Gyrodus_hexago~ (36)
       ||      ||                                                                     
       ||      |\----------------------------- Micropycnodon_~ (40)
       ||     /+                                                                      
       ||     ||             /------ Mesturus_verru~ (37)
       ||     |\-------------+                                                        
       ||    /+              \--- Aminiichthys_l~ (38)
       ||    ||                                                                       
       |\----+\-------------------------- Paramesturus_s~ (41)
       |     |                                                                        
       |     \------- Valgarzaella_a~ (42)
       |                                                                              
       \------- Pteronisculus_c~ (3)
                                                                                      
      ---------|---------|---------|---------|---------|--------|                     
              250       200       150       100       50        0                     

      [User-defined time units]

      Calculating tree probabilities...

      Credible sets of trees (1 tree sampled):
         99 % credible set contains 1 tree

      Plotting parameters in file alignment_and_tree.nex.p ...
      Found 10000 parameter lines in file "alignment_and_tree.nex.p"
      Of the 10000 lines, 9001 of them will be summarized (starting at line 1002)
      (Only the last set of lines will be read, in case multiple
      parameter blocks are present in the same file.)
      Did not find any parameters matching "lnL" to plot
      Summarizing parameters in file alignment_and_tree.nex.p
      Writing summary statistics to file alignment_and_tree.nex.pstat
      Using relative burnin ('relburnin=yes'), discarding the first 10 % of samples

      Below is a rough plot of the generation (x-axis) versus the log   
      probability of observing the data (y-axis). You can use this      
      graph to determine what the burn in for your analysis should be.  
      When the log probability starts to plateau you may be at station- 
      arity. Sample trees and parameters after the log probability      
      plateaus. Of course, this is not a guarantee that you are at sta- 
      analysis should be. When the log probability starts to plateau    
      tionarity. When possible, run multiple analyses starting from dif-
      ferent random trees; if the inferences you make for independent   
      analyses are the same, this is reasonable evidence that the chains
      have converged. You can use MrBayes to run several independent    
      analyses simultaneously. During such a run, MrBayes will monitor  
      the convergence of topologies. After the run has been completed,  
      the 'sumt' and 'sump' functions will provide additional conver-   
      gence diagnostics for all the parameters in your model. Remember  
      that the burn in is the number of samples to discard. There are   
      a total of ngen / samplefreq samples taken during a MCMC analysis.

   +------------------------------------------------------------+ -2751.706
   |                         *       *                          |
   |                                                            |
   |                        *                         *         |
   |           *                                                |
   |                                *         *                 |
   |          *   *                                *        *   |
   |                       *                   *                |
   |             *   *  *                    *      *           |
   |       ***  *      * *            * *  **          * **   **|
   | *   *         *  *       *  *                           *  |
   |                           *   *             *      *       |
   |    * *         *                  * **          *          |
   |*                                                           |
   |                      *                     * *        *    |
   |  **                        * *                             |
   +------+-----+-----+-----+-----+-----+-----+-----+-----+-----+ -2753.833
   ^                                                            ^
   1000000                                                     10000000

      Overwriting file "alignment_and_tree.nex.lstat"

      Estimated marginal likelihoods for run sampled in file "alignment_and_tree.nex.p":
         (Use the harmonic mean for Bayes factor comparisons of models)
         (Values are saved to the file alignment_and_tree.nex.lstat)

      Arithmetic mean   Harmonic mean
      --------------------------------
         -2742.02         -2778.80
      --------------------------------


      Model parameter summaries for run sampled in file "alignment_and_tree.nex":
         Based on a total of 9001 samples out of a total of 10001 samples
            from this analysis.
         Parameter summaries saved to file "alignment_and_tree.nex.pstat".
      Overwriting file "alignment_and_tree.nex.pstat"

                                                              95% HPD Interval
                                                            --------------------
      Parameter                       Mean      Variance     Lower       Upper       Median     ESS*
      -------------------------------------------------------------------------------------------------
      TH{all}                       3.555625    0.578713    2.239173    5.090811    3.447164    866.19
      TL{all}                      32.008541   39.077721   20.781470   44.530170   31.164400   1089.10
      pr_fossil_ancestor{all}       0.021025    0.000323    0.000000    0.050000    0.025000   5053.37
      net_speciation{all}           0.004765    0.000006    0.000599    0.009230    0.004558   2503.49
      relative_extinction{all}      0.962809    0.000672    0.911662    0.998043    0.968661   2703.13
      relative_fossilization{all}   0.015227    0.000177    0.000290    0.041890    0.011419   4753.15
      igrvar{all}                   1.410785    0.064048    0.957043    1.934927    1.386464   4085.05
      clockrate{all}                0.012322    0.000007    0.007505    0.017788    0.011927    794.14
      -------------------------------------------------------------------------------------------------
      * Convergence diagnostic (ESS = Estimated Sample Size); ESS value 
        below 100 may indicate that the parameter is undersampled. 


