      Logging screen output to file "mcmc_sampling.log"

      Executing file "alignment_and_tree.nex"...

   UNIX line termination
   Longest line length = 1303
   Parsing file
   Expecting NEXUS formatted file
   Reading data block
      Allocated taxon set
      Allocated matrix
      Defining new matrix with 42 taxa and 107 characters
      Data is Standard
      Gaps coded as -
      Missing data coded as ?
      WARNING: MrBayes does not support 'symbols' specification; default symbols assumed
      Taxon  1 -> Huso_huso
      Taxon  2 -> Polypterus_senegalus
      Taxon  3 -> Pteronisculus_cicatrosus
      Taxon  4 -> Abdobalistum_thyrus
      Taxon  5 -> Nursallia_veronae
      Taxon  6 -> Paranursallia_gutturosum
      Taxon  7 -> Pycnodus_apodus
      Taxon  8 -> Oropycnodus_ponsorti
      Taxon  9 -> Coelodus_saturnus
      Taxon 10 -> Sylvienodus_laveirensis
      Taxon 11 -> Polazzodus_coronatus
      Taxon 12 -> Scalacurvichthys_naishi
      Taxon 13 -> Ocloedus_subdiscus
      Taxon 14 -> Tepexichthys_aranguthyorum
      Taxon 15 -> Iemanja_palma
      Taxon 16 -> Stemmatodus_rhombus
      Taxon 17 -> Proscinetes_radiatus
      Taxon 18 -> Proscinetes_bernardi
      Taxon 19 -> Proscinetes_elegans
      Taxon 20 -> Neoproscinetes_penalvai
      Taxon 21 -> Thiollierepycnodus_wagneri
      Taxon 22 -> Turboscinetes_egertoni
      Taxon 23 -> Turbomesodon_relegans
      Taxon 24 -> Turbomesodon_bernissartensis
      Taxon 25 -> Turbomesodon_praeclarus
      Taxon 26 -> Akromystax_tilmachiton
      Taxon 27 -> Stenamara_mia
      Taxon 28 -> Macromesodon_macropterus
      Taxon 29 -> Brembodus_ridens
      Taxon 30 -> Gibbodon_cenensis
      Taxon 31 -> Eomesodon_liassicus
      Taxon 32 -> Eomesodon_hoeferi
      Taxon 33 -> Apomesodon_gibbosus
      Taxon 34 -> Piranhamesodon_pinnatomus
      Taxon 35 -> Arduafrons_prominoris
      Taxon 36 -> Gyrodus_hexagonus
      Taxon 37 -> Mesturus_verrucosus
      Taxon 38 -> Aminiichthys_leedsi
      Taxon 39 -> Palaeobalistum_orbiculatum
      Taxon 40 -> Micropycnodon_kansasensis
      Taxon 41 -> Paramesturus_stuehmeri
      Taxon 42 -> Valgarzaella_antiquissima
      Successfully read matrix
      Setting default partition (does not divide up characters)
      Setting model defaults
      Seed (for generating default start values) = 1788312169
      Setting output file names to "alignment_and_tree.nex.run<i>.<p|t>"
   Exiting data block
   Reading trees block
      Successfully read tree 'tree1'
   Exiting trees block
   Reached end of file

   Returning execution to calling file ...

      Setting autoclose to yes
      Showing taxon status:

        Number of taxa        = 42 (all of which are included)
        Number of constraints = 0

        Taxon                                 Inclusion   
      -------------------------------------------------
    ->   1 (Huso_huso)                     -- Included    
         2 (Polypterus_senegalus)          -- Included    
         3 (Pteronisculus_cicatrosus)      -- Included    
         4 (Abdobalistum_thyrus)           -- Included    
         5 (Nursallia_veronae)             -- Included    
         6 (Paranursallia_gutturosum)      -- Included    
         7 (Pycnodus_apodus)               -- Included    
         8 (Oropycnodus_ponsorti)          -- Included    
         9 (Coelodus_saturnus)             -- Included    
        10 (Sylvienodus_laveirensis)       -- Included    
        11 (Polazzodus_coronatus)          -- Included    
        12 (Scalacurvichthys_naishi)       -- Included    
        13 (Ocloedus_subdiscus)            -- Included    
        14 (Tepexichthys_aranguthyorum)    -- Included    
        15 (Iemanja_palma)                 -- Included    
        16 (Stemmatodus_rhombus)           -- Included    
        17 (Proscinetes_radiatus)          -- Included    
        18 (Proscinetes_bernardi)          -- Included    
        19 (Proscinetes_elegans)           -- Included    
        20 (Neoproscinetes_penalvai)       -- Included    
        21 (Thiollierepycnodus_wagneri)    -- Included    
        22 (Turboscinetes_egertoni)        -- Included    
        23 (Turbomesodon_relegans)         -- Included    
        24 (Turbomesodon_bernissartensis)  -- Included    
        25 (Turbomesodon_praeclarus)       -- Included    
        26 (Akromystax_tilmachiton)        -- Included    
        27 (Stenamara_mia)                 -- Included    
        28 (Macromesodon_macropterus)      -- Included    
        29 (Brembodus_ridens)              -- Included    
        30 (Gibbodon_cenensis)             -- Included    
        31 (Eomesodon_liassicus)           -- Included    
        32 (Eomesodon_hoeferi)             -- Included    
        33 (Apomesodon_gibbosus)           -- Included    
        34 (Piranhamesodon_pinnatomus)     -- Included    
        35 (Arduafrons_prominoris)         -- Included    
        36 (Gyrodus_hexagonus)             -- Included    
        37 (Mesturus_verrucosus)           -- Included    
        38 (Aminiichthys_leedsi)           -- Included    
        39 (Palaeobalistum_orbiculatum)    -- Included    
        40 (Micropycnodon_kansasensis)     -- Included    
        41 (Paramesturus_stuehmeri)        -- Included    
        42 (Valgarzaella_antiquissima)     -- Included    

      '.' indicate that the taxon is not present in the constraint. 
      '*' indicate that the taxon is present in the 'hard' constraint. 
      '+' indicate that the taxon is present in the first group of 'partial' constraint. 
      '-' indicate that the taxon is present in the second group of 'partial' constraint. 
      '#' indicate that the taxon is present in the 'negative' constraint. 
      Arrow indicates current outgroup. 
      Enabling Coding Variable for partition 1
      Successfully set likelihood model parameters
      Setting age of taxon 'Abdobalistum_thyrus' to Uniform(48.07,56.00)
      Setting age of taxon 'Akromystax_tilmachiton' to Uniform(93.90,100.50)
      Setting age of taxon 'Apomesodon_gibbosus' to Uniform(145.06,149.20)
      Setting age of taxon 'Arduafrons_prominoris' to Uniform(145.06,149.20)
      Setting age of taxon 'Brembodus_ridens' to Uniform(211.18,215.38)
      Setting age of taxon 'Coelodus_saturnus' to Uniform(83.60,100.50)
      Setting age of taxon 'Eomesodon_hoeferi' to Uniform(211.18,215.38)
      Setting age of taxon 'Eomesodon_liassicus' to Uniform(192.90,201.40)
      Setting age of taxon 'Gibbodon_cenensis' to Uniform(211.18,215.38)
      Setting age of taxon 'Gyrodus_hexagonus' to Uniform(145.06,149.20)
      Setting age of taxon 'Iemanja_palma' to Uniform(113.20,119.57)
      Setting age of taxon 'Valgarzaella_antiquissima' to Uniform(215.38,227.30)
      Setting age of taxon 'Macromesodon_macropterus' to Uniform(137.05,143.10)
      Setting age of taxon 'Aminiichthys_leedsi' to Uniform(159.00,165.30)
      Setting age of taxon 'Mesturus_verrucosus' to Uniform(145.06,149.20)
      Setting age of taxon 'Micropycnodon_kansasensis' to Uniform(85.70,100.50)
      Setting age of taxon 'Neoproscinetes_penalvai' to Uniform(110.10,121.40)
      Setting age of taxon 'Nursallia_veronae' to Uniform(48.07,56.00)
      Setting age of taxon 'Ocloedus_subdiscus' to Uniform(121.40,125.77)
      Setting age of taxon 'Oropycnodus_ponsorti' to Uniform(66.00,72.20)
      Setting age of taxon 'Palaeobalistum_orbiculatum' to Uniform(48.07,56.00)
      Setting age of taxon 'Paramesturus_stuehmeri' to Uniform(119.57,121.40)
      Setting age of taxon 'Paranursallia_gutturosum' to Uniform(89.80,100.50)
      Setting age of taxon 'Piranhamesodon_pinnatomus' to Uniform(145.06,152.21)
      Setting age of taxon 'Polazzodus_coronatus' to Uniform(83.60,89.80)
      Setting age of taxon 'Proscinetes_bernardi' to Uniform(100.50,152.21)
      Setting age of taxon 'Proscinetes_elegans' to Uniform(145.06,149.20)
      Setting age of taxon 'Proscinetes_radiatus' to Uniform(119.57,125.77)
      Setting age of taxon 'Pteronisculus_cicatrosus' to Uniform(250.80,251.10)
      Setting age of taxon 'Pycnodus_apodus' to Uniform(48.07,56.00)
      Setting age of taxon 'Scalacurvichthys_naishi' to Uniform(93.90,100.50)
      Setting age of taxon 'Stemmatodus_rhombus' to Uniform(121.40,125.77)
      Setting age of taxon 'Stenamara_mia' to Uniform(121.40,125.77)
      Setting age of taxon 'Sylvienodus_laveirensis' to Uniform(93.90,100.50)
      Setting age of taxon 'Tepexichthys_aranguthyorum' to Uniform(100.50,110.10)
      Setting age of taxon 'Thiollierepycnodus_wagneri' to Uniform(149.20,152.21)
      Setting age of taxon 'Turbomesodon_bernissartensis' to Uniform(100.50,125.77)
      Setting age of taxon 'Turbomesodon_praeclarus' to Uniform(121.40,125.77)
      Setting age of taxon 'Turbomesodon_relegans' to Uniform(145.06,149.20)
      Setting age of taxon 'Turboscinetes_egertoni' to Uniform(149.20,152.21)
      Setting Brlenspr to Clock:Fossilization
      Setting Topologypr to Fixed
      Setting Treeagepr to Uniform(252.00,299.00)
      Setting Sampleprob to 0.05000000
      Setting SampleStrat to Random
      Setting Nodeagepr to Calibrated
      Setting Speciationpr to Uniform(0.00,10.00)
      Setting Extinctionpr to Beta(1.00,1.00)
      Setting Fossilizationpr to Beta(1.00,1.00)
      Successfully set prior model parameters
      Setting Clockvarpr to IGR
      Setting IGRvarpr to Exponential(2.00)
      Setting Clockratepr to Exponential(5.00)
      Successfully set prior model parameters
      Model settings:

         Data not partitioned --
            Datatype  = Standard
            Coding    = Variable
            # States  = Variable, up to 24
                        State frequencies are fixed to be equal
            Rates     = Equal

      Active parameters: 

         Parameters
         ---------------------
         Statefreq           1
         Ratemultiplier      2
         Topology            3
         Brlens              4
         Speciationrate      5
         Extinctionrate      6
         Fossilizationrate   7
         IGRvar              8
         IGRbranchrates      9
         Clockrate          10
         ---------------------

         1 --  Parameter  = Alpha_symdir
               Type       = Symmetric diricihlet distribution alpha_i parameter
               Prior      = Symmetric dirichlet with all parameters fixed to infinity

         2 --  Parameter  = Ratemultiplier
               Type       = Partition-specific rate multiplier
               Prior      = Fixed(1.0)

         3 --  Parameter  = Tau
               Type       = Topology
               Prior      = Prior is fixed to the topology of user tree 'tree1'
               Subparam.  = V

         4 --  Parameter  = V
               Type       = Branch lengths
               Prior      = Clock:Fossilization
                            Node depths are constrained by the following age constraints:
                            -- The age of terminal "Pteronisculus_cicatrosus" is Uniform(250.80,251.10)
                            -- The age of terminal "Abdobalistum_thyrus" is Uniform(48.07,56.00)
                            -- The age of terminal "Nursallia_veronae" is Uniform(48.07,56.00)
                            -- The age of terminal "Paranursallia_gutturosum" is Uniform(89.80,100.50)
                            -- The age of terminal "Pycnodus_apodus" is Uniform(48.07,56.00)
                            -- The age of terminal "Oropycnodus_ponsorti" is Uniform(66.00,72.20)
                            -- The age of terminal "Coelodus_saturnus" is Uniform(83.60,100.50)
                            -- The age of terminal "Sylvienodus_laveirensis" is Uniform(93.90,100.50)
                            -- The age of terminal "Polazzodus_coronatus" is Uniform(83.60,89.80)
                            -- The age of terminal "Scalacurvichthys_naishi" is Uniform(93.90,100.50)
                            -- The age of terminal "Ocloedus_subdiscus" is Uniform(121.40,125.77)
                            -- The age of terminal "Tepexichthys_aranguthyorum" is Uniform(100.50,110.10)
                            -- The age of terminal "Iemanja_palma" is Uniform(113.20,119.57)
                            -- The age of terminal "Stemmatodus_rhombus" is Uniform(121.40,125.77)
                            -- The age of terminal "Proscinetes_radiatus" is Uniform(119.57,125.77)
                            -- The age of terminal "Proscinetes_bernardi" is Uniform(100.50,152.21)
                            -- The age of terminal "Proscinetes_elegans" is Uniform(145.06,149.20)
                            -- The age of terminal "Neoproscinetes_penalvai" is Uniform(110.10,121.40)
                            -- The age of terminal "Thiollierepycnodus_wagneri" is Uniform(149.20,152.21)
                            -- The age of terminal "Turboscinetes_egertoni" is Uniform(149.20,152.21)
                            -- The age of terminal "Turbomesodon_relegans" is Uniform(145.06,149.20)
                            -- The age of terminal "Turbomesodon_bernissartensis" is Uniform(100.50,125.77)
                            -- The age of terminal "Turbomesodon_praeclarus" is Uniform(121.40,125.77)
                            -- The age of terminal "Akromystax_tilmachiton" is Uniform(93.90,100.50)
                            -- The age of terminal "Stenamara_mia" is Uniform(121.40,125.77)
                            -- The age of terminal "Macromesodon_macropterus" is Uniform(137.05,143.10)
                            -- The age of terminal "Brembodus_ridens" is Uniform(211.18,215.38)
                            -- The age of terminal "Gibbodon_cenensis" is Uniform(211.18,215.38)
                            -- The age of terminal "Eomesodon_liassicus" is Uniform(192.90,201.40)
                            -- The age of terminal "Eomesodon_hoeferi" is Uniform(211.18,215.38)
                            -- The age of terminal "Apomesodon_gibbosus" is Uniform(145.06,149.20)
                            -- The age of terminal "Piranhamesodon_pinnatomus" is Uniform(145.06,152.21)
                            -- The age of terminal "Arduafrons_prominoris" is Uniform(145.06,149.20)
                            -- The age of terminal "Gyrodus_hexagonus" is Uniform(145.06,149.20)
                            -- The age of terminal "Mesturus_verrucosus" is Uniform(145.06,149.20)
                            -- The age of terminal "Aminiichthys_leedsi" is Uniform(159.00,165.30)
                            -- The age of terminal "Palaeobalistum_orbiculatum" is Uniform(48.07,56.00)
                            -- The age of terminal "Micropycnodon_kansasensis" is Uniform(85.70,100.50)
                            -- The age of terminal "Paramesturus_stuehmeri" is Uniform(119.57,121.40)
                            -- The age of terminal "Valgarzaella_antiquissima" is Uniform(215.38,227.30)
                            -- Tree age has a Uniform(252.00,299.00) distribution
               Subparam.  = IgrBrlens

         5 --  Parameter  = Net_speciation
               Type       = Speciation rate
               Prior      = Uniform(0.00,10.00)

         6 --  Parameter  = Relative_extinction
               Type       = Extinction rate
               Prior      = Beta(1.00,1.00)

         7 --  Parameter  = Relative_fossilization
               Type       = Fossilization rate
               Prior      = Beta(1.00,1.00)

         8 --  Parameter  = IGRvar
               Type       = Variance of IGR model branch rates
               Prior      = Exponential(2.00)
               Subparam.  = IgrBrlens

         9 --  Parameter  = IgrBrlens
               Type       = Branch lengths of IGR relaxed clock
               Prior      = Gamma (expectation = 1.0, variance = IGRvar) 

        10 --  Parameter  = Clockrate
               Type       = Base rate of clock
               Prior      = Exponential(5.00)
                            The clock rate varies according to an independent gamma model

      Running without data (WARNING: use this only for checking priors!)
      Setting number of runs to 1
      Setting heating parameter to 0.010000
      Setting number of generations to 10000000
      Setting number of chains to 8
      Setting sample frequency to 1000
      Setting print frequency to 10000
      Setting chain output file names to "alignment_and_tree.nex.<p/t>"
      Successfully set chain parameters
      Running Markov chain
      MCMC stamp = 9262946290
      Seed = 804320728
      Swapseed = 1788312169
      Model settings:

         Data not partitioned --
            Datatype  = Standard
            Coding    = Variable
            # States  = Variable, up to 24
                        State frequencies are fixed to be equal
            Rates     = Equal

      Active parameters: 

         Parameters
         ---------------------
         Statefreq           1
         Ratemultiplier      2
         Topology            3
         Brlens              4
         Speciationrate      5
         Extinctionrate      6
         Fossilizationrate   7
         IGRvar              8
         IGRbranchrates      9
         Clockrate          10
         ---------------------

         1 --  Parameter  = Alpha_symdir
               Type       = Symmetric diricihlet distribution alpha_i parameter
               Prior      = Symmetric dirichlet with all parameters fixed to infinity

         2 --  Parameter  = Ratemultiplier
               Type       = Partition-specific rate multiplier
               Prior      = Fixed(1.0)

         3 --  Parameter  = Tau
               Type       = Topology
               Prior      = Prior is fixed to the topology of user tree 'tree1'
               Subparam.  = V

         4 --  Parameter  = V
               Type       = Branch lengths
               Prior      = Clock:Fossilization
                            Node depths are constrained by the following age constraints:
                            -- The age of terminal "Pteronisculus_cicatrosus" is Uniform(250.80,251.10)
                            -- The age of terminal "Abdobalistum_thyrus" is Uniform(48.07,56.00)
                            -- The age of terminal "Nursallia_veronae" is Uniform(48.07,56.00)
                            -- The age of terminal "Paranursallia_gutturosum" is Uniform(89.80,100.50)
                            -- The age of terminal "Pycnodus_apodus" is Uniform(48.07,56.00)
                            -- The age of terminal "Oropycnodus_ponsorti" is Uniform(66.00,72.20)
                            -- The age of terminal "Coelodus_saturnus" is Uniform(83.60,100.50)
                            -- The age of terminal "Sylvienodus_laveirensis" is Uniform(93.90,100.50)
                            -- The age of terminal "Polazzodus_coronatus" is Uniform(83.60,89.80)
                            -- The age of terminal "Scalacurvichthys_naishi" is Uniform(93.90,100.50)
                            -- The age of terminal "Ocloedus_subdiscus" is Uniform(121.40,125.77)
                            -- The age of terminal "Tepexichthys_aranguthyorum" is Uniform(100.50,110.10)
                            -- The age of terminal "Iemanja_palma" is Uniform(113.20,119.57)
                            -- The age of terminal "Stemmatodus_rhombus" is Uniform(121.40,125.77)
                            -- The age of terminal "Proscinetes_radiatus" is Uniform(119.57,125.77)
                            -- The age of terminal "Proscinetes_bernardi" is Uniform(100.50,152.21)
                            -- The age of terminal "Proscinetes_elegans" is Uniform(145.06,149.20)
                            -- The age of terminal "Neoproscinetes_penalvai" is Uniform(110.10,121.40)
                            -- The age of terminal "Thiollierepycnodus_wagneri" is Uniform(149.20,152.21)
                            -- The age of terminal "Turboscinetes_egertoni" is Uniform(149.20,152.21)
                            -- The age of terminal "Turbomesodon_relegans" is Uniform(145.06,149.20)
                            -- The age of terminal "Turbomesodon_bernissartensis" is Uniform(100.50,125.77)
                            -- The age of terminal "Turbomesodon_praeclarus" is Uniform(121.40,125.77)
                            -- The age of terminal "Akromystax_tilmachiton" is Uniform(93.90,100.50)
                            -- The age of terminal "Stenamara_mia" is Uniform(121.40,125.77)
                            -- The age of terminal "Macromesodon_macropterus" is Uniform(137.05,143.10)
                            -- The age of terminal "Brembodus_ridens" is Uniform(211.18,215.38)
                            -- The age of terminal "Gibbodon_cenensis" is Uniform(211.18,215.38)
                            -- The age of terminal "Eomesodon_liassicus" is Uniform(192.90,201.40)
                            -- The age of terminal "Eomesodon_hoeferi" is Uniform(211.18,215.38)
                            -- The age of terminal "Apomesodon_gibbosus" is Uniform(145.06,149.20)
                            -- The age of terminal "Piranhamesodon_pinnatomus" is Uniform(145.06,152.21)
                            -- The age of terminal "Arduafrons_prominoris" is Uniform(145.06,149.20)
                            -- The age of terminal "Gyrodus_hexagonus" is Uniform(145.06,149.20)
                            -- The age of terminal "Mesturus_verrucosus" is Uniform(145.06,149.20)
                            -- The age of terminal "Aminiichthys_leedsi" is Uniform(159.00,165.30)
                            -- The age of terminal "Palaeobalistum_orbiculatum" is Uniform(48.07,56.00)
                            -- The age of terminal "Micropycnodon_kansasensis" is Uniform(85.70,100.50)
                            -- The age of terminal "Paramesturus_stuehmeri" is Uniform(119.57,121.40)
                            -- The age of terminal "Valgarzaella_antiquissima" is Uniform(215.38,227.30)
                            -- Tree age has a Uniform(252.00,299.00) distribution
               Subparam.  = IgrBrlens

         5 --  Parameter  = Net_speciation
               Type       = Speciation rate
               Prior      = Uniform(0.00,10.00)

         6 --  Parameter  = Relative_extinction
               Type       = Extinction rate
               Prior      = Beta(1.00,1.00)

         7 --  Parameter  = Relative_fossilization
               Type       = Fossilization rate
               Prior      = Beta(1.00,1.00)

         8 --  Parameter  = IGRvar
               Type       = Variance of IGR model branch rates
               Prior      = Exponential(2.00)
               Subparam.  = IgrBrlens

         9 --  Parameter  = IgrBrlens
               Type       = Branch lengths of IGR relaxed clock
               Prior      = Gamma (expectation = 1.0, variance = IGRvar) 

        10 --  Parameter  = Clockrate
               Type       = Base rate of clock
               Prior      = Exponential(5.00)
                            The clock rate varies according to an independent gamma model


      Number of chains per MPI processor = 1

      The MCMC sampler will use the following moves:
         With prob.  Chain will use move
           10.75 %   AddBranch(V)
           10.75 %   DelBranch(V)
           32.26 %   NodesliderClock(V)
            3.23 %   TreeStretch(V)
            3.23 %   Slider(Net_speciation)
            3.23 %   Slider(Relative_extinction)
            3.23 %   Slider(Relative_fossilization)
            2.15 %   Multiplier(IGRvar)
           26.88 %   Multiplier(IgrBrlens)
            4.30 %   Multiplier(Clockrate)

      Division 1 has 109 unique site patterns
      Initializing conditional likelihoods
      Using standard non-SSE likelihood calculator for division 1 (single-precision)

      Initial log likelihoods and log prior probs:
         Chain 1 -- 0.000000 -- -1361.730455

      There are 7 more chains on other processor(s)

      Overwriting file "alignment_and_tree.nex.mcmc"
      Overwriting file "alignment_and_tree.nex.p"
      Overwriting file "alignment_and_tree.nex.t"

      Chain results (10000000 generations requested):

         0 -- [0.000] (...7 remote chains...) 
      10000 -- (0.000) [...7 remote chains...] -- 0:00:00
      20000 -- (0.000) [...7 remote chains...] -- 0:00:00
      30000 -- (0.000) [...7 remote chains...] -- 0:00:00
      40000 -- (0.000) [...7 remote chains...] -- 0:00:00
      50000 -- (0.000) [...7 remote chains...] -- 0:03:19
      60000 -- (0.000) [...7 remote chains...] -- 0:02:45
      70000 -- (0.000) [...7 remote chains...] -- 0:02:21
      80000 -- (0.000) [...7 remote chains...] -- 0:02:04
      90000 -- (0.000) [...7 remote chains...] -- 0:01:50
      100000 -- (0.000) [...7 remote chains...] -- 0:01:39
      110000 -- (0.000) [...7 remote chains...] -- 0:02:59
      120000 -- (0.000) [...7 remote chains...] -- 0:02:44
      130000 -- (0.000) [...7 remote chains...] -- 0:02:31
      140000 -- (0.000) [...7 remote chains...] -- 0:02:20
      150000 -- (0.000) [...7 remote chains...] -- 0:02:11
      160000 -- (0.000) [...7 remote chains...] -- 0:02:03
      170000 -- (0.000) [...7 remote chains...] -- 0:01:55
      180000 -- (0.000) [...7 remote chains...] -- 0:02:43
      190000 -- (0.000) [...7 remote chains...] -- 0:02:34
      200000 -- (0.000) [...7 remote chains...] -- 0:02:27
      210000 -- (0.000) [...7 remote chains...] -- 0:02:19
      220000 -- (0.000) [...7 remote chains...] -- 0:02:13
      230000 -- (0.000) [...7 remote chains...] -- 0:02:07
      240000 -- (0.000) [...7 remote chains...] -- 0:02:42
      250000 -- (0.000) [...7 remote chains...] -- 0:02:36
      260000 -- (0.000) [...7 remote chains...] -- 0:02:29
      270000 -- (0.000) [...7 remote chains...] -- 0:02:24
      280000 -- (0.000) [...7 remote chains...] -- 0:02:18
      290000 -- (0.000) [...7 remote chains...] -- 0:02:13
      300000 -- (0.000) [...7 remote chains...] -- 0:02:09
      310000 -- (0.000) [...7 remote chains...] -- 0:02:05
      320000 -- (0.000) [...7 remote chains...] -- 0:02:31
      330000 -- (0.000) [...7 remote chains...] -- 0:02:26
      340000 -- (0.000) [...7 remote chains...] -- 0:02:22
      350000 -- (0.000) [...7 remote chains...] -- 0:02:17
      360000 -- (0.000) [...7 remote chains...] -- 0:02:13
      370000 -- (0.000) [...7 remote chains...] -- 0:02:10
      380000 -- (0.000) [...7 remote chains...] -- 0:02:31
      390000 -- (0.000) [...7 remote chains...] -- 0:02:27
      400000 -- (0.000) [...7 remote chains...] -- 0:02:24
      410000 -- (0.000) [...7 remote chains...] -- 0:02:20
      420000 -- (0.000) [...7 remote chains...] -- 0:02:16
      430000 -- (0.000) [...7 remote chains...] -- 0:02:13
      440000 -- (0.000) [...7 remote chains...] -- 0:02:10
      450000 -- (0.000) [...7 remote chains...] -- 0:02:28
      460000 -- (0.000) [...7 remote chains...] -- 0:02:25
      470000 -- [0.000] (...7 remote chains...) -- 0:02:21
      480000 -- (0.000) [...7 remote chains...] -- 0:02:18
      490000 -- (0.000) [...7 remote chains...] -- 0:02:15
      500000 -- (0.000) [...7 remote chains...] -- 0:02:13
      510000 -- [0.000] (...7 remote chains...) -- 0:02:28
      520000 -- (0.000) [...7 remote chains...] -- 0:02:25
      530000 -- (0.000) [...7 remote chains...] -- 0:02:22
      540000 -- (0.000) [...7 remote chains...] -- 0:02:20
      550000 -- (0.000) [...7 remote chains...] -- 0:02:17
      560000 -- (0.000) [...7 remote chains...] -- 0:02:14
      570000 -- (0.000) [...7 remote chains...] -- 0:02:28
      580000 -- (0.000) [...7 remote chains...] -- 0:02:26
      590000 -- (0.000) [...7 remote chains...] -- 0:02:23
      600000 -- (0.000) [...7 remote chains...] -- 0:02:21
      610000 -- (0.000) [...7 remote chains...] -- 0:02:18
      620000 -- (0.000) [...7 remote chains...] -- 0:02:16
      630000 -- (0.000) [...7 remote chains...] -- 0:02:13
      640000 -- (0.000) [...7 remote chains...] -- 0:02:26
      650000 -- (0.000) [...7 remote chains...] -- 0:02:23
      660000 -- (0.000) [...7 remote chains...] -- 0:02:21
      670000 -- [0.000] (...7 remote chains...) -- 0:02:19
      680000 -- (0.000) [...7 remote chains...] -- 0:02:17
      690000 -- (0.000) [...7 remote chains...] -- 0:02:14
      700000 -- (0.000) [...7 remote chains...] -- 0:02:26
      710000 -- (0.000) [...7 remote chains...] -- 0:02:23
      720000 -- (0.000) [...7 remote chains...] -- 0:02:21
      730000 -- (0.000) [...7 remote chains...] -- 0:02:19
      740000 -- (0.000) [...7 remote chains...] -- 0:02:17
      750000 -- (0.000) [...7 remote chains...] -- 0:02:15
      760000 -- (0.000) [...7 remote chains...] -- 0:02:13
      770000 -- (0.000) [...7 remote chains...] -- 0:02:23
      780000 -- (0.000) [...7 remote chains...] -- 0:02:21
      790000 -- (0.000) [...7 remote chains...] -- 0:02:19
      800000 -- (0.000) [...7 remote chains...] -- 0:02:18
      810000 -- (0.000) [...7 remote chains...] -- 0:02:16
      820000 -- (0.000) [...7 remote chains...] -- 0:02:14
      830000 -- (0.000) [...7 remote chains...] -- 0:02:12
      840000 -- (0.000) [...7 remote chains...] -- 0:02:21
      850000 -- (0.000) [...7 remote chains...] -- 0:02:19
      860000 -- (0.000) [...7 remote chains...] -- 0:02:18
      870000 -- (0.000) [...7 remote chains...] -- 0:02:16
      880000 -- (0.000) [...7 remote chains...] -- 0:02:14
      890000 -- (0.000) [...7 remote chains...] -- 0:02:13
      900000 -- (0.000) [...7 remote chains...] -- 0:02:11
      910000 -- (0.000) [...7 remote chains...] -- 0:02:09
      920000 -- (0.000) [...7 remote chains...] -- 0:02:18
      930000 -- (0.000) [...7 remote chains...] -- 0:02:16
      940000 -- (0.000) [...7 remote chains...] -- 0:02:14
      950000 -- (0.000) [...7 remote chains...] -- 0:02:13
      960000 -- (0.000) [...7 remote chains...] -- 0:02:11
      970000 -- (0.000) [...7 remote chains...] -- 0:02:10
      980000 -- (0.000) [...7 remote chains...] -- 0:02:08
      990000 -- (0.000) [...7 remote chains...] -- 0:02:16
      1000000 -- (0.000) [...7 remote chains...] -- 0:02:15
      1010000 -- (0.000) [...7 remote chains...] -- 0:02:13
      1020000 -- (0.000) [...7 remote chains...] -- 0:02:12
      1030000 -- (0.000) [...7 remote chains...] -- 0:02:10
      1040000 -- (0.000) [...7 remote chains...] -- 0:02:09
      1050000 -- (0.000) [...7 remote chains...] -- 0:02:07
      1060000 -- (0.000) [...7 remote chains...] -- 0:02:14
      1070000 -- (0.000) [...7 remote chains...] -- 0:02:13
      1080000 -- (0.000) [...7 remote chains...] -- 0:02:12
      1090000 -- (0.000) [...7 remote chains...] -- 0:02:10
      1100000 -- (0.000) [...7 remote chains...] -- 0:02:09
      1110000 -- (0.000) [...7 remote chains...] -- 0:02:08
      1120000 -- (0.000) [...7 remote chains...] -- 0:02:06
      1130000 -- (0.000) [...7 remote chains...] -- 0:02:05
      1140000 -- (0.000) [...7 remote chains...] -- 0:02:12
      1150000 -- (0.000) [...7 remote chains...] -- 0:02:10
      1160000 -- (0.000) [...7 remote chains...] -- 0:02:09
      1170000 -- (0.000) [...7 remote chains...] -- 0:02:08
      1180000 -- (0.000) [...7 remote chains...] -- 0:02:07
      1190000 -- (0.000) [...7 remote chains...] -- 0:02:05
      1200000 -- (0.000) [...7 remote chains...] -- 0:02:04
      1210000 -- (0.000) [...7 remote chains...] -- 0:02:10
      1220000 -- (0.000) [...7 remote chains...] -- 0:02:09
      1230000 -- (0.000) [...7 remote chains...] -- 0:02:08
      1240000 -- (0.000) [...7 remote chains...] -- 0:02:07
      1250000 -- (0.000) [...7 remote chains...] -- 0:02:06
      1260000 -- (0.000) [...7 remote chains...] -- 0:02:04
      1270000 -- (0.000) [...7 remote chains...] -- 0:02:03
      1280000 -- (0.000) [...7 remote chains...] -- 0:02:09
      1290000 -- (0.000) [...7 remote chains...] -- 0:02:08
      1300000 -- (0.000) [...7 remote chains...] -- 0:02:07
      1310000 -- (0.000) [...7 remote chains...] -- 0:02:06
      1320000 -- (0.000) [...7 remote chains...] -- 0:02:04
      1330000 -- (0.000) [...7 remote chains...] -- 0:02:03
      1340000 -- (0.000) [...7 remote chains...] -- 0:02:02
      1350000 -- (0.000) [...7 remote chains...] -- 0:02:01
      1360000 -- (0.000) [...7 remote chains...] -- 0:02:07
      1370000 -- (0.000) [...7 remote chains...] -- 0:02:05
      1380000 -- (0.000) [...7 remote chains...] -- 0:02:04
      1390000 -- (0.000) [...7 remote chains...] -- 0:02:03
      1400000 -- (0.000) [...7 remote chains...] -- 0:02:02
      1410000 -- (0.000) [...7 remote chains...] -- 0:02:01
      1420000 -- (0.000) [...7 remote chains...] -- 0:02:06
      1430000 -- (0.000) [...7 remote chains...] -- 0:02:05
      1440000 -- (0.000) [...7 remote chains...] -- 0:02:04
      1450000 -- (0.000) [...7 remote chains...] -- 0:02:03
      1460000 -- (0.000) [...7 remote chains...] -- 0:02:02
      1470000 -- (0.000) [...7 remote chains...] -- 0:02:01
      1480000 -- (0.000) [...7 remote chains...] -- 0:02:06
      1490000 -- (0.000) [...7 remote chains...] -- 0:02:05
      1500000 -- (0.000) [...7 remote chains...] -- 0:02:04
      1510000 -- (0.000) [...7 remote chains...] -- 0:02:03
      1520000 -- (0.000) [...7 remote chains...] -- 0:02:02
      1530000 -- (0.000) [...7 remote chains...] -- 0:02:01
      1540000 -- (0.000) [...7 remote chains...] -- 0:02:00
      1550000 -- (0.000) [...7 remote chains...] -- 0:02:05
      1560000 -- (0.000) [...7 remote chains...] -- 0:02:04
      1570000 -- (0.000) [...7 remote chains...] -- 0:02:03
      1580000 -- (0.000) [...7 remote chains...] -- 0:02:02
      1590000 -- (0.000) [...7 remote chains...] -- 0:02:01
      1600000 -- (0.000) [...7 remote chains...] -- 0:02:00
      1610000 -- (0.000) [...7 remote chains...] -- 0:02:05
      1620000 -- (0.000) [...7 remote chains...] -- 0:02:04
      1630000 -- (0.000) [...7 remote chains...] -- 0:02:03
      1640000 -- (0.000) [...7 remote chains...] -- 0:02:02
      1650000 -- (0.000) [...7 remote chains...] -- 0:02:01
      1660000 -- (0.000) [...7 remote chains...] -- 0:02:00
      1670000 -- (0.000) [...7 remote chains...] -- 0:01:59
      1680000 -- (0.000) [...7 remote chains...] -- 0:02:03
      1690000 -- (0.000) [...7 remote chains...] -- 0:02:02
      1700000 -- (0.000) [...7 remote chains...] -- 0:02:02
      1710000 -- (0.000) [...7 remote chains...] -- 0:02:01
      1720000 -- (0.000) [...7 remote chains...] -- 0:02:00
      1730000 -- (0.000) [...7 remote chains...] -- 0:01:59
      1740000 -- (0.000) [...7 remote chains...] -- 0:02:03
      1750000 -- (0.000) [...7 remote chains...] -- 0:02:02
      1760000 -- (0.000) [...7 remote chains...] -- 0:02:01
      1770000 -- (0.000) [...7 remote chains...] -- 0:02:00
      1780000 -- (0.000) [...7 remote chains...] -- 0:02:00
      1790000 -- (0.000) [...7 remote chains...] -- 0:01:59
      1800000 -- (0.000) [...7 remote chains...] -- 0:02:03
      1810000 -- (0.000) [...7 remote chains...] -- 0:02:02
      1820000 -- (0.000) [...7 remote chains...] -- 0:02:01
      1830000 -- (0.000) [...7 remote chains...] -- 0:02:00
      1840000 -- (0.000) [...7 remote chains...] -- 0:01:59
      1850000 -- (0.000) [...7 remote chains...] -- 0:01:58
      1860000 -- (0.000) [...7 remote chains...] -- 0:01:58
      1870000 -- (0.000) [...7 remote chains...] -- 0:02:01
      1880000 -- (0.000) [...7 remote chains...] -- 0:02:00
      1890000 -- (0.000) [...7 remote chains...] -- 0:02:00
      1900000 -- (0.000) [...7 remote chains...] -- 0:01:59
      1910000 -- (0.000) [...7 remote chains...] -- 0:01:58
      1920000 -- (0.000) [...7 remote chains...] -- 0:01:57
      1930000 -- (0.000) [...7 remote chains...] -- 0:01:57
      1940000 -- (0.000) [...7 remote chains...] -- 0:02:00
      1950000 -- (0.000) [...7 remote chains...] -- 0:01:59
      1960000 -- (0.000) [...7 remote chains...] -- 0:01:58
      1970000 -- (0.000) [...7 remote chains...] -- 0:01:58
      1980000 -- (0.000) [...7 remote chains...] -- 0:01:57
      1990000 -- (0.000) [...7 remote chains...] -- 0:01:56
      2000000 -- (0.000) [...7 remote chains...] -- 0:02:00
      2010000 -- (0.000) [...7 remote chains...] -- 0:01:59
      2020000 -- (0.000) [...7 remote chains...] -- 0:01:58
      2030000 -- (0.000) [...7 remote chains...] -- 0:01:57
      2040000 -- (0.000) [...7 remote chains...] -- 0:01:57
      2050000 -- (0.000) [...7 remote chains...] -- 0:01:56
      2060000 -- [0.000] (...7 remote chains...) -- 0:01:55
      2070000 -- (0.000) [...7 remote chains...] -- 0:01:58
      2080000 -- (0.000) [...7 remote chains...] -- 0:01:58
      2090000 -- (0.000) [...7 remote chains...] -- 0:01:57
      2100000 -- (0.000) [...7 remote chains...] -- 0:01:56
      2110000 -- (0.000) [...7 remote chains...] -- 0:01:55
      2120000 -- (0.000) [...7 remote chains...] -- 0:01:55
      2130000 -- (0.000) [...7 remote chains...] -- 0:01:58
      2140000 -- (0.000) [...7 remote chains...] -- 0:01:57
      2150000 -- (0.000) [...7 remote chains...] -- 0:01:56
      2160000 -- (0.000) [...7 remote chains...] -- 0:01:56
      2170000 -- (0.000) [...7 remote chains...] -- 0:01:55
      2180000 -- (0.000) [...7 remote chains...] -- 0:01:54
      2190000 -- (0.000) [...7 remote chains...] -- 0:01:57
      2200000 -- (0.000) [...7 remote chains...] -- 0:01:57
      2210000 -- (0.000) [...7 remote chains...] -- 0:01:56
      2220000 -- [0.000] (...7 remote chains...) -- 0:01:55
      2230000 -- (0.000) [...7 remote chains...] -- 0:01:54
      2240000 -- (0.000) [...7 remote chains...] -- 0:01:54
      2250000 -- [0.000] (...7 remote chains...) -- 0:01:57
      2260000 -- (0.000) [...7 remote chains...] -- 0:01:56
      2270000 -- (0.000) [...7 remote chains...] -- 0:01:55
      2280000 -- (0.000) [...7 remote chains...] -- 0:01:55
      2290000 -- (0.000) [...7 remote chains...] -- 0:01:54
      2300000 -- (0.000) [...7 remote chains...] -- 0:01:53
      2310000 -- (0.000) [...7 remote chains...] -- 0:01:53
      2320000 -- (0.000) [...7 remote chains...] -- 0:01:55
      2330000 -- (0.000) [...7 remote chains...] -- 0:01:55
      2340000 -- (0.000) [...7 remote chains...] -- 0:01:54
      2350000 -- (0.000) [...7 remote chains...] -- 0:01:53
      2360000 -- (0.000) [...7 remote chains...] -- 0:01:53
      2370000 -- (0.000) [...7 remote chains...] -- 0:01:52
      2380000 -- (0.000) [...7 remote chains...] -- 0:01:52
      2390000 -- (0.000) [...7 remote chains...] -- 0:01:54
      2400000 -- (0.000) [...7 remote chains...] -- 0:01:54
      2410000 -- (0.000) [...7 remote chains...] -- 0:01:53
      2420000 -- (0.000) [...7 remote chains...] -- 0:01:52
      2430000 -- (0.000) [...7 remote chains...] -- 0:01:52
      2440000 -- (0.000) [...7 remote chains...] -- 0:01:51
      2450000 -- (0.000) [...7 remote chains...] -- 0:01:50
      2460000 -- (0.000) [...7 remote chains...] -- 0:01:53
      2470000 -- (0.000) [...7 remote chains...] -- 0:01:52
      2480000 -- (0.000) [...7 remote chains...] -- 0:01:52
      2490000 -- (0.000) [...7 remote chains...] -- 0:01:51
      2500000 -- (0.000) [...7 remote chains...] -- 0:01:51
      2510000 -- (0.000) [...7 remote chains...] -- 0:01:50
      2520000 -- (0.000) [...7 remote chains...] -- 0:01:49
      2530000 -- (0.000) [...7 remote chains...] -- 0:01:52
      2540000 -- (0.000) [...7 remote chains...] -- 0:01:51
      2550000 -- (0.000) [...7 remote chains...] -- 0:01:51
      2560000 -- (0.000) [...7 remote chains...] -- 0:01:50
      2570000 -- (0.000) [...7 remote chains...] -- 0:01:49
      2580000 -- (0.000) [...7 remote chains...] -- 0:01:49
      2590000 -- (0.000) [...7 remote chains...] -- 0:01:48
      2600000 -- (0.000) [...7 remote chains...] -- 0:01:51
      2610000 -- (0.000) [...7 remote chains...] -- 0:01:50
      2620000 -- (0.000) [...7 remote chains...] -- 0:01:49
      2630000 -- (0.000) [...7 remote chains...] -- 0:01:49
      2640000 -- (0.000) [...7 remote chains...] -- 0:01:48
      2650000 -- (0.000) [...7 remote chains...] -- 0:01:48
      2660000 -- (0.000) [...7 remote chains...] -- 0:01:47
      2670000 -- (0.000) [...7 remote chains...] -- 0:01:49
      2680000 -- (0.000) [...7 remote chains...] -- 0:01:49
      2690000 -- (0.000) [...7 remote chains...] -- 0:01:48
      2700000 -- (0.000) [...7 remote chains...] -- 0:01:48
      2710000 -- (0.000) [...7 remote chains...] -- 0:01:47
      2720000 -- (0.000) [...7 remote chains...] -- 0:01:47
      2730000 -- (0.000) [...7 remote chains...] -- 0:01:49
      2740000 -- (0.000) [...7 remote chains...] -- 0:01:48
      2750000 -- (0.000) [...7 remote chains...] -- 0:01:48
      2760000 -- (0.000) [...7 remote chains...] -- 0:01:47
      2770000 -- (0.000) [...7 remote chains...] -- 0:01:47
      2780000 -- (0.000) [...7 remote chains...] -- 0:01:46
      2790000 -- (0.000) [...7 remote chains...] -- 0:01:48
      2800000 -- (0.000) [...7 remote chains...] -- 0:01:48
      2810000 -- (0.000) [...7 remote chains...] -- 0:01:47
      2820000 -- (0.000) [...7 remote chains...] -- 0:01:46
      2830000 -- [0.000] (...7 remote chains...) -- 0:01:46
      2840000 -- (0.000) [...7 remote chains...] -- 0:01:45
      2850000 -- (0.000) [...7 remote chains...] -- 0:01:47
      2860000 -- (0.000) [...7 remote chains...] -- 0:01:47
      2870000 -- (0.000) [...7 remote chains...] -- 0:01:46
      2880000 -- [0.000] (...7 remote chains...) -- 0:01:46
      2890000 -- (0.000) [...7 remote chains...] -- 0:01:45
      2900000 -- (0.000) [...7 remote chains...] -- 0:01:45
      2910000 -- (0.000) [...7 remote chains...] -- 0:01:44
      2920000 -- (0.000) [...7 remote chains...] -- 0:01:46
      2930000 -- (0.000) [...7 remote chains...] -- 0:01:46
      2940000 -- (0.000) [...7 remote chains...] -- 0:01:45
      2950000 -- (0.000) [...7 remote chains...] -- 0:01:45
      2960000 -- (0.000) [...7 remote chains...] -- 0:01:44
      2970000 -- (0.000) [...7 remote chains...] -- 0:01:44
      2980000 -- (0.000) [...7 remote chains...] -- 0:01:46
      2990000 -- (0.000) [...7 remote chains...] -- 0:01:45
      3000000 -- (0.000) [...7 remote chains...] -- 0:01:45
      3010000 -- (0.000) [...7 remote chains...] -- 0:01:44
      3020000 -- (0.000) [...7 remote chains...] -- 0:01:44
      3030000 -- (0.000) [...7 remote chains...] -- 0:01:43
      3040000 -- (0.000) [...7 remote chains...] -- 0:01:43
      3050000 -- (0.000) [...7 remote chains...] -- 0:01:44
      3060000 -- (0.000) [...7 remote chains...] -- 0:01:44
      3070000 -- (0.000) [...7 remote chains...] -- 0:01:43
      3080000 -- (0.000) [...7 remote chains...] -- 0:01:43
      3090000 -- (0.000) [...7 remote chains...] -- 0:01:42
      3100000 -- (0.000) [...7 remote chains...] -- 0:01:42
      3110000 -- (0.000) [...7 remote chains...] -- 0:01:44
      3120000 -- (0.000) [...7 remote chains...] -- 0:01:43
      3130000 -- (0.000) [...7 remote chains...] -- 0:01:43
      3140000 -- (0.000) [...7 remote chains...] -- 0:01:42
      3150000 -- (0.000) [...7 remote chains...] -- 0:01:42
      3160000 -- (0.000) [...7 remote chains...] -- 0:01:41
      3170000 -- (0.000) [...7 remote chains...] -- 0:01:41
      3180000 -- (0.000) [...7 remote chains...] -- 0:01:40
      3190000 -- (0.000) [...7 remote chains...] -- 0:01:42
      3200000 -- (0.000) [...7 remote chains...] -- 0:01:42
      3210000 -- (0.000) [...7 remote chains...] -- 0:01:41
      3220000 -- (0.000) [...7 remote chains...] -- 0:01:41
      3230000 -- (0.000) [...7 remote chains...] -- 0:01:40
      3240000 -- (0.000) [...7 remote chains...] -- 0:01:40
      3250000 -- (0.000) [...7 remote chains...] -- 0:01:39
      3260000 -- (0.000) [...7 remote chains...] -- 0:01:41
      3270000 -- (0.000) [...7 remote chains...] -- 0:01:40
      3280000 -- (0.000) [...7 remote chains...] -- 0:01:40
      3290000 -- (0.000) [...7 remote chains...] -- 0:01:39
      3300000 -- [0.000] (...7 remote chains...) -- 0:01:39
      3310000 -- [0.000] (...7 remote chains...) -- 0:01:39
      3320000 -- (0.000) [...7 remote chains...] -- 0:01:40
      3330000 -- (0.000) [...7 remote chains...] -- 0:01:40
      3340000 -- (0.000) [...7 remote chains...] -- 0:01:39
      3350000 -- (0.000) [...7 remote chains...] -- 0:01:39
      3360000 -- (0.000) [...7 remote chains...] -- 0:01:38
      3370000 -- [0.000] (...7 remote chains...) -- 0:01:38
      3380000 -- (0.000) [...7 remote chains...] -- 0:01:37
      3390000 -- (0.000) [...7 remote chains...] -- 0:01:39
      3400000 -- (0.000) [...7 remote chains...] -- 0:01:39
      3410000 -- (0.000) [...7 remote chains...] -- 0:01:38
      3420000 -- (0.000) [...7 remote chains...] -- 0:01:38
      3430000 -- (0.000) [...7 remote chains...] -- 0:01:37
      3440000 -- (0.000) [...7 remote chains...] -- 0:01:37
      3450000 -- (0.000) [...7 remote chains...] -- 0:01:38
      3460000 -- (0.000) [...7 remote chains...] -- 0:01:38
      3470000 -- [0.000] (...7 remote chains...) -- 0:01:37
      3480000 -- [0.000] (...7 remote chains...) -- 0:01:37
      3490000 -- (0.000) [...7 remote chains...] -- 0:01:36
      3500000 -- (0.000) [...7 remote chains...] -- 0:01:36
      3510000 -- (0.000) [...7 remote chains...] -- 0:01:36
      3520000 -- (0.000) [...7 remote chains...] -- 0:01:37
      3530000 -- (0.000) [...7 remote chains...] -- 0:01:37
      3540000 -- (0.000) [...7 remote chains...] -- 0:01:36
      3550000 -- [0.000] (...7 remote chains...) -- 0:01:36
      3560000 -- (0.000) [...7 remote chains...] -- 0:01:35
      3570000 -- (0.000) [...7 remote chains...] -- 0:01:35
      3580000 -- (0.000) [...7 remote chains...] -- 0:01:36
      3590000 -- (0.000) [...7 remote chains...] -- 0:01:36
      3600000 -- (0.000) [...7 remote chains...] -- 0:01:36
      3610000 -- (0.000) [...7 remote chains...] -- 0:01:35
      3620000 -- (0.000) [...7 remote chains...] -- 0:01:35
      3630000 -- (0.000) [...7 remote chains...] -- 0:01:34
      3640000 -- (0.000) [...7 remote chains...] -- 0:01:34
      3650000 -- (0.000) [...7 remote chains...] -- 0:01:35
      3660000 -- [0.000] (...7 remote chains...) -- 0:01:35
      3670000 -- (0.000) [...7 remote chains...] -- 0:01:34
      3680000 -- (0.000) [...7 remote chains...] -- 0:01:34
      3690000 -- (0.000) [...7 remote chains...] -- 0:01:34
      3700000 -- [0.000] (...7 remote chains...) -- 0:01:33
      3710000 -- (0.000) [...7 remote chains...] -- 0:01:34
      3720000 -- (0.000) [...7 remote chains...] -- 0:01:34
      3730000 -- (0.000) [...7 remote chains...] -- 0:01:34
      3740000 -- (0.000) [...7 remote chains...] -- 0:01:33
      3750000 -- (0.000) [...7 remote chains...] -- 0:01:33
      3760000 -- (0.000) [...7 remote chains...] -- 0:01:32
      3770000 -- (0.000) [...7 remote chains...] -- 0:01:32
      3780000 -- (0.000) [...7 remote chains...] -- 0:01:33
      3790000 -- (0.000) [...7 remote chains...] -- 0:01:33
      3800000 -- (0.000) [...7 remote chains...] -- 0:01:33
      3810000 -- (0.000) [...7 remote chains...] -- 0:01:32
      3820000 -- (0.000) [...7 remote chains...] -- 0:01:32
      3830000 -- (0.000) [...7 remote chains...] -- 0:01:31
      3840000 -- (0.000) [...7 remote chains...] -- 0:01:33
      3850000 -- (0.000) [...7 remote chains...] -- 0:01:32
      3860000 -- (0.000) [...7 remote chains...] -- 0:01:32
      3870000 -- (0.000) [...7 remote chains...] -- 0:01:31
      3880000 -- (0.000) [...7 remote chains...] -- 0:01:31
      3890000 -- (0.000) [...7 remote chains...] -- 0:01:31
      3900000 -- (0.000) [...7 remote chains...] -- 0:01:30
      3910000 -- (0.000) [...7 remote chains...] -- 0:01:31
      3920000 -- (0.000) [...7 remote chains...] -- 0:01:31
      3930000 -- (0.000) [...7 remote chains...] -- 0:01:31
      3940000 -- (0.000) [...7 remote chains...] -- 0:01:30
      3950000 -- (0.000) [...7 remote chains...] -- 0:01:30
      3960000 -- (0.000) [...7 remote chains...] -- 0:01:29
      3970000 -- (0.000) [...7 remote chains...] -- 0:01:29
      3980000 -- (0.000) [...7 remote chains...] -- 0:01:30
      3990000 -- (0.000) [...7 remote chains...] -- 0:01:30
      4000000 -- (0.000) [...7 remote chains...] -- 0:01:30
      4010000 -- (0.000) [...7 remote chains...] -- 0:01:29
      4020000 -- (0.000) [...7 remote chains...] -- 0:01:29
      4030000 -- (0.000) [...7 remote chains...] -- 0:01:28
      4040000 -- (0.000) [...7 remote chains...] -- 0:01:28
      4050000 -- (0.000) [...7 remote chains...] -- 0:01:29
      4060000 -- (0.000) [...7 remote chains...] -- 0:01:29
      4070000 -- (0.000) [...7 remote chains...] -- 0:01:28
      4080000 -- (0.000) [...7 remote chains...] -- 0:01:28
      4090000 -- (0.000) [...7 remote chains...] -- 0:01:28
      4100000 -- (0.000) [...7 remote chains...] -- 0:01:27
      4110000 -- (0.000) [...7 remote chains...] -- 0:01:27
      4120000 -- (0.000) [...7 remote chains...] -- 0:01:28
      4130000 -- (0.000) [...7 remote chains...] -- 0:01:28
      4140000 -- (0.000) [...7 remote chains...] -- 0:01:27
      4150000 -- (0.000) [...7 remote chains...] -- 0:01:27
      4160000 -- (0.000) [...7 remote chains...] -- 0:01:27
      4170000 -- (0.000) [...7 remote chains...] -- 0:01:26
      4180000 -- (0.000) [...7 remote chains...] -- 0:01:26
      4190000 -- (0.000) [...7 remote chains...] -- 0:01:27
      4200000 -- (0.000) [...7 remote chains...] -- 0:01:27
      4210000 -- (0.000) [...7 remote chains...] -- 0:01:26
      4220000 -- (0.000) [...7 remote chains...] -- 0:01:26
      4230000 -- (0.000) [...7 remote chains...] -- 0:01:25
      4240000 -- (0.000) [...7 remote chains...] -- 0:01:25
      4250000 -- (0.000) [...7 remote chains...] -- 0:01:25
      4260000 -- (0.000) [...7 remote chains...] -- 0:01:26
      4270000 -- (0.000) [...7 remote chains...] -- 0:01:25
      4280000 -- (0.000) [...7 remote chains...] -- 0:01:25
      4290000 -- (0.000) [...7 remote chains...] -- 0:01:25
      4300000 -- (0.000) [...7 remote chains...] -- 0:01:24
      4310000 -- (0.000) [...7 remote chains...] -- 0:01:24
      4320000 -- (0.000) [...7 remote chains...] -- 0:01:24
      4330000 -- (0.000) [...7 remote chains...] -- 0:01:25
      4340000 -- (0.000) [...7 remote chains...] -- 0:01:24
      4350000 -- (0.000) [...7 remote chains...] -- 0:01:24
      4360000 -- (0.000) [...7 remote chains...] -- 0:01:24
      4370000 -- (0.000) [...7 remote chains...] -- 0:01:23
      4380000 -- (0.000) [...7 remote chains...] -- 0:01:23
      4390000 -- (0.000) [...7 remote chains...] -- 0:01:23
      4400000 -- (0.000) [...7 remote chains...] -- 0:01:24
      4410000 -- (0.000) [...7 remote chains...] -- 0:01:23
      4420000 -- (0.000) [...7 remote chains...] -- 0:01:23
      4430000 -- (0.000) [...7 remote chains...] -- 0:01:22
      4440000 -- (0.000) [...7 remote chains...] -- 0:01:22
      4450000 -- (0.000) [...7 remote chains...] -- 0:01:22
      4460000 -- (0.000) [...7 remote chains...] -- 0:01:21
      4470000 -- (0.000) [...7 remote chains...] -- 0:01:22
      4480000 -- (0.000) [...7 remote chains...] -- 0:01:22
      4490000 -- [0.000] (...7 remote chains...) -- 0:01:22
      4500000 -- [0.000] (...7 remote chains...) -- 0:01:21
      4510000 -- (0.000) [...7 remote chains...] -- 0:01:21
      4520000 -- [0.000] (...7 remote chains...) -- 0:01:21
      4530000 -- (0.000) [...7 remote chains...] -- 0:01:22
      4540000 -- (0.000) [...7 remote chains...] -- 0:01:21
      4550000 -- (0.000) [...7 remote chains...] -- 0:01:21
      4560000 -- (0.000) [...7 remote chains...] -- 0:01:21
      4570000 -- [0.000] (...7 remote chains...) -- 0:01:20
      4580000 -- [0.000] (...7 remote chains...) -- 0:01:20
      4590000 -- (0.000) [...7 remote chains...] -- 0:01:21
      4600000 -- (0.000) [...7 remote chains...] -- 0:01:21
      4610000 -- [0.000] (...7 remote chains...) -- 0:01:20
      4620000 -- (0.000) [...7 remote chains...] -- 0:01:20
      4630000 -- (0.000) [...7 remote chains...] -- 0:01:20
      4640000 -- (0.000) [...7 remote chains...] -- 0:01:19
      4650000 -- (0.000) [...7 remote chains...] -- 0:01:19
      4660000 -- (0.000) [...7 remote chains...] -- 0:01:20
      4670000 -- (0.000) [...7 remote chains...] -- 0:01:19
      4680000 -- (0.000) [...7 remote chains...] -- 0:01:19
      4690000 -- (0.000) [...7 remote chains...] -- 0:01:19
      4700000 -- (0.000) [...7 remote chains...] -- 0:01:18
      4710000 -- (0.000) [...7 remote chains...] -- 0:01:18
      4720000 -- (0.000) [...7 remote chains...] -- 0:01:18
      4730000 -- (0.000) [...7 remote chains...] -- 0:01:17
      4740000 -- (0.000) [...7 remote chains...] -- 0:01:18
      4750000 -- (0.000) [...7 remote chains...] -- 0:01:18
      4760000 -- (0.000) [...7 remote chains...] -- 0:01:18
      4770000 -- (0.000) [...7 remote chains...] -- 0:01:17
      4780000 -- (0.000) [...7 remote chains...] -- 0:01:17
      4790000 -- (0.000) [...7 remote chains...] -- 0:01:17
      4800000 -- (0.000) [...7 remote chains...] -- 0:01:16
      4810000 -- (0.000) [...7 remote chains...] -- 0:01:17
      4820000 -- (0.000) [...7 remote chains...] -- 0:01:17
      4830000 -- (0.000) [...7 remote chains...] -- 0:01:17
      4840000 -- (0.000) [...7 remote chains...] -- 0:01:16
      4850000 -- (0.000) [...7 remote chains...] -- 0:01:16
      4860000 -- (0.000) [...7 remote chains...] -- 0:01:16
      4870000 -- (0.000) [...7 remote chains...] -- 0:01:15
      4880000 -- (0.000) [...7 remote chains...] -- 0:01:16
      4890000 -- (0.000) [...7 remote chains...] -- 0:01:16
      4900000 -- [0.000] (...7 remote chains...) -- 0:01:15
      4910000 -- (0.000) [...7 remote chains...] -- 0:01:15
      4920000 -- (0.000) [...7 remote chains...] -- 0:01:15
      4930000 -- [0.000] (...7 remote chains...) -- 0:01:15
      4940000 -- (0.000) [...7 remote chains...] -- 0:01:14
      4950000 -- (0.000) [...7 remote chains...] -- 0:01:15
      4960000 -- (0.000) [...7 remote chains...] -- 0:01:15
      4970000 -- [0.000] (...7 remote chains...) -- 0:01:14
      4980000 -- (0.000) [...7 remote chains...] -- 0:01:14
      4990000 -- (0.000) [...7 remote chains...] -- 0:01:14
      5000000 -- (0.000) [...7 remote chains...] -- 0:01:14
      5010000 -- (0.000) [...7 remote chains...] -- 0:01:13
      5020000 -- [0.000] (...7 remote chains...) -- 0:01:14
      5030000 -- (0.000) [...7 remote chains...] -- 0:01:14
      5040000 -- (0.000) [...7 remote chains...] -- 0:01:13
      5050000 -- (0.000) [...7 remote chains...] -- 0:01:13
      5060000 -- (0.000) [...7 remote chains...] -- 0:01:13
      5070000 -- (0.000) [...7 remote chains...] -- 0:01:12
      5080000 -- (0.000) [...7 remote chains...] -- 0:01:12
      5090000 -- (0.000) [...7 remote chains...] -- 0:01:13
      5100000 -- (0.000) [...7 remote chains...] -- 0:01:13
      5110000 -- (0.000) [...7 remote chains...] -- 0:01:12
      5120000 -- (0.000) [...7 remote chains...] -- 0:01:12
      5130000 -- (0.000) [...7 remote chains...] -- 0:01:12
      5140000 -- (0.000) [...7 remote chains...] -- 0:01:11
      5150000 -- (0.000) [...7 remote chains...] -- 0:01:11
      5160000 -- (0.000) [...7 remote chains...] -- 0:01:12
      5170000 -- (0.000) [...7 remote chains...] -- 0:01:11
      5180000 -- [0.000] (...7 remote chains...) -- 0:01:11
      5190000 -- (0.000) [...7 remote chains...] -- 0:01:11
      5200000 -- (0.000) [...7 remote chains...] -- 0:01:11
      5210000 -- (0.000) [...7 remote chains...] -- 0:01:10
      5220000 -- (0.000) [...7 remote chains...] -- 0:01:10
      5230000 -- (0.000) [...7 remote chains...] -- 0:01:11
      5240000 -- (0.000) [...7 remote chains...] -- 0:01:10
      5250000 -- (0.000) [...7 remote chains...] -- 0:01:10
      5260000 -- (0.000) [...7 remote chains...] -- 0:01:10
      5270000 -- (0.000) [...7 remote chains...] -- 0:01:10
      5280000 -- (0.000) [...7 remote chains...] -- 0:01:09
      5290000 -- (0.000) [...7 remote chains...] -- 0:01:09
      5300000 -- (0.000) [...7 remote chains...] -- 0:01:10
      5310000 -- (0.000) [...7 remote chains...] -- 0:01:09
      5320000 -- (0.000) [...7 remote chains...] -- 0:01:09
      5330000 -- (0.000) [...7 remote chains...] -- 0:01:09
      5340000 -- (0.000) [...7 remote chains...] -- 0:01:08
      5350000 -- (0.000) [...7 remote chains...] -- 0:01:08
      5360000 -- (0.000) [...7 remote chains...] -- 0:01:08
      5370000 -- [0.000] (...7 remote chains...) -- 0:01:08
      5380000 -- (0.000) [...7 remote chains...] -- 0:01:08
      5390000 -- (0.000) [...7 remote chains...] -- 0:01:08
      5400000 -- (0.000) [...7 remote chains...] -- 0:01:08
      5410000 -- (0.000) [...7 remote chains...] -- 0:01:07
      5420000 -- (0.000) [...7 remote chains...] -- 0:01:07
      5430000 -- (0.000) [...7 remote chains...] -- 0:01:07
      5440000 -- (0.000) [...7 remote chains...] -- 0:01:07
      5450000 -- (0.000) [...7 remote chains...] -- 0:01:06
      5460000 -- (0.000) [...7 remote chains...] -- 0:01:07
      5470000 -- (0.000) [...7 remote chains...] -- 0:01:07
      5480000 -- (0.000) [...7 remote chains...] -- 0:01:06
      5490000 -- (0.000) [...7 remote chains...] -- 0:01:06
      5500000 -- (0.000) [...7 remote chains...] -- 0:01:06
      5510000 -- (0.000) [...7 remote chains...] -- 0:01:06
      5520000 -- (0.000) [...7 remote chains...] -- 0:01:05
      5530000 -- (0.000) [...7 remote chains...] -- 0:01:05
      5540000 -- (0.000) [...7 remote chains...] -- 0:01:06
      5550000 -- (0.000) [...7 remote chains...] -- 0:01:05
      5560000 -- (0.000) [...7 remote chains...] -- 0:01:05
      5570000 -- (0.000) [...7 remote chains...] -- 0:01:05
      5580000 -- (0.000) [...7 remote chains...] -- 0:01:04
      5590000 -- (0.000) [...7 remote chains...] -- 0:01:04
      5600000 -- (0.000) [...7 remote chains...] -- 0:01:04
      5610000 -- (0.000) [...7 remote chains...] -- 0:01:04
      5620000 -- (0.000) [...7 remote chains...] -- 0:01:04
      5630000 -- (0.000) [...7 remote chains...] -- 0:01:04
      5640000 -- (0.000) [...7 remote chains...] -- 0:01:04
      5650000 -- (0.000) [...7 remote chains...] -- 0:01:03
      5660000 -- (0.000) [...7 remote chains...] -- 0:01:03
      5670000 -- (0.000) [...7 remote chains...] -- 0:01:03
      5680000 -- (0.000) [...7 remote chains...] -- 0:01:03
      5690000 -- (0.000) [...7 remote chains...] -- 0:01:03
      5700000 -- (0.000) [...7 remote chains...] -- 0:01:03
      5710000 -- (0.000) [...7 remote chains...] -- 0:01:03
      5720000 -- (0.000) [...7 remote chains...] -- 0:01:02
      5730000 -- (0.000) [...7 remote chains...] -- 0:01:02
      5740000 -- (0.000) [...7 remote chains...] -- 0:01:02
      5750000 -- (0.000) [...7 remote chains...] -- 0:01:02
      5760000 -- (0.000) [...7 remote chains...] -- 0:01:02
      5770000 -- (0.000) [...7 remote chains...] -- 0:01:02
      5780000 -- (0.000) [...7 remote chains...] -- 0:01:02
      5790000 -- (0.000) [...7 remote chains...] -- 0:01:01
      5800000 -- (0.000) [...7 remote chains...] -- 0:01:01
      5810000 -- (0.000) [...7 remote chains...] -- 0:01:01
      5820000 -- (0.000) [...7 remote chains...] -- 0:01:01
      5830000 -- (0.000) [...7 remote chains...] -- 0:01:01
      5840000 -- (0.000) [...7 remote chains...] -- 0:01:01
      5850000 -- (0.000) [...7 remote chains...] -- 0:01:01
      5860000 -- (0.000) [...7 remote chains...] -- 0:01:00
      5870000 -- (0.000) [...7 remote chains...] -- 0:01:00
      5880000 -- (0.000) [...7 remote chains...] -- 0:01:00
      5890000 -- (0.000) [...7 remote chains...] -- 0:01:00
      5900000 -- (0.000) [...7 remote chains...] -- 0:01:00
      5910000 -- (0.000) [...7 remote chains...] -- 0:01:00
      5920000 -- (0.000) [...7 remote chains...] -- 0:00:59
      5930000 -- (0.000) [...7 remote chains...] -- 0:00:59
      5940000 -- (0.000) [...7 remote chains...] -- 0:00:59
      5950000 -- (0.000) [...7 remote chains...] -- 0:00:59
      5960000 -- (0.000) [...7 remote chains...] -- 0:00:59
      5970000 -- (0.000) [...7 remote chains...] -- 0:00:59
      5980000 -- (0.000) [...7 remote chains...] -- 0:00:59
      5990000 -- (0.000) [...7 remote chains...] -- 0:00:58
      6000000 -- (0.000) [...7 remote chains...] -- 0:00:58
      6010000 -- (0.000) [...7 remote chains...] -- 0:00:58
      6020000 -- (0.000) [...7 remote chains...] -- 0:00:58
      6030000 -- (0.000) [...7 remote chains...] -- 0:00:58
      6040000 -- (0.000) [...7 remote chains...] -- 0:00:58
      6050000 -- (0.000) [...7 remote chains...] -- 0:00:58
      6060000 -- [0.000] (...7 remote chains...) -- 0:00:57
      6070000 -- (0.000) [...7 remote chains...] -- 0:00:57
      6080000 -- (0.000) [...7 remote chains...] -- 0:00:57
      6090000 -- (0.000) [...7 remote chains...] -- 0:00:57
      6100000 -- (0.000) [...7 remote chains...] -- 0:00:57
      6110000 -- (0.000) [...7 remote chains...] -- 0:00:57
      6120000 -- (0.000) [...7 remote chains...] -- 0:00:57
      6130000 -- (0.000) [...7 remote chains...] -- 0:00:56
      6140000 -- (0.000) [...7 remote chains...] -- 0:00:56
      6150000 -- (0.000) [...7 remote chains...] -- 0:00:56
      6160000 -- (0.000) [...7 remote chains...] -- 0:00:56
      6170000 -- (0.000) [...7 remote chains...] -- 0:00:56
      6180000 -- (0.000) [...7 remote chains...] -- 0:00:56
      6190000 -- (0.000) [...7 remote chains...] -- 0:00:56
      6200000 -- (0.000) [...7 remote chains...] -- 0:00:55
      6210000 -- (0.000) [...7 remote chains...] -- 0:00:55
      6220000 -- [0.000] (...7 remote chains...) -- 0:00:55
      6230000 -- (0.000) [...7 remote chains...] -- 0:00:55
      6240000 -- [0.000] (...7 remote chains...) -- 0:00:55
      6250000 -- (0.000) [...7 remote chains...] -- 0:00:55
      6260000 -- (0.000) [...7 remote chains...] -- 0:00:54
      6270000 -- (0.000) [...7 remote chains...] -- 0:00:54
      6280000 -- (0.000) [...7 remote chains...] -- 0:00:54
      6290000 -- (0.000) [...7 remote chains...] -- 0:00:54
      6300000 -- [0.000] (...7 remote chains...) -- 0:00:54
      6310000 -- (0.000) [...7 remote chains...] -- 0:00:54
      6320000 -- (0.000) [...7 remote chains...] -- 0:00:54
      6330000 -- [0.000] (...7 remote chains...) -- 0:00:53
      6340000 -- (0.000) [...7 remote chains...] -- 0:00:53
      6350000 -- (0.000) [...7 remote chains...] -- 0:00:53
      6360000 -- (0.000) [...7 remote chains...] -- 0:00:53
      6370000 -- (0.000) [...7 remote chains...] -- 0:00:53
      6380000 -- (0.000) [...7 remote chains...] -- 0:00:53
      6390000 -- (0.000) [...7 remote chains...] -- 0:00:53
      6400000 -- (0.000) [...7 remote chains...] -- 0:00:52
      6410000 -- (0.000) [...7 remote chains...] -- 0:00:52
      6420000 -- (0.000) [...7 remote chains...] -- 0:00:52
      6430000 -- (0.000) [...7 remote chains...] -- 0:00:52
      6440000 -- (0.000) [...7 remote chains...] -- 0:00:52
      6450000 -- (0.000) [...7 remote chains...] -- 0:00:52
      6460000 -- (0.000) [...7 remote chains...] -- 0:00:52
      6470000 -- (0.000) [...7 remote chains...] -- 0:00:51
      6480000 -- (0.000) [...7 remote chains...] -- 0:00:51
      6490000 -- (0.000) [...7 remote chains...] -- 0:00:51
      6500000 -- (0.000) [...7 remote chains...] -- 0:00:51
      6510000 -- (0.000) [...7 remote chains...] -- 0:00:51
      6520000 -- (0.000) [...7 remote chains...] -- 0:00:51
      6530000 -- (0.000) [...7 remote chains...] -- 0:00:51
      6540000 -- (0.000) [...7 remote chains...] -- 0:00:50
      6550000 -- (0.000) [...7 remote chains...] -- 0:00:50
      6560000 -- (0.000) [...7 remote chains...] -- 0:00:50
      6570000 -- (0.000) [...7 remote chains...] -- 0:00:50
      6580000 -- (0.000) [...7 remote chains...] -- 0:00:50
      6590000 -- (0.000) [...7 remote chains...] -- 0:00:50
      6600000 -- (0.000) [...7 remote chains...] -- 0:00:49
      6610000 -- (0.000) [...7 remote chains...] -- 0:00:49
      6620000 -- (0.000) [...7 remote chains...] -- 0:00:49
      6630000 -- (0.000) [...7 remote chains...] -- 0:00:49
      6640000 -- (0.000) [...7 remote chains...] -- 0:00:49
      6650000 -- [0.000] (...7 remote chains...) -- 0:00:49
      6660000 -- (0.000) [...7 remote chains...] -- 0:00:49
      6670000 -- (0.000) [...7 remote chains...] -- 0:00:48
      6680000 -- (0.000) [...7 remote chains...] -- 0:00:48
      6690000 -- (0.000) [...7 remote chains...] -- 0:00:48
      6700000 -- [0.000] (...7 remote chains...) -- 0:00:48
      6710000 -- (0.000) [...7 remote chains...] -- 0:00:48
      6720000 -- (0.000) [...7 remote chains...] -- 0:00:48
      6730000 -- (0.000) [...7 remote chains...] -- 0:00:48
      6740000 -- (0.000) [...7 remote chains...] -- 0:00:47
      6750000 -- (0.000) [...7 remote chains...] -- 0:00:47
      6760000 -- (0.000) [...7 remote chains...] -- 0:00:47
      6770000 -- (0.000) [...7 remote chains...] -- 0:00:47
      6780000 -- (0.000) [...7 remote chains...] -- 0:00:47
      6790000 -- (0.000) [...7 remote chains...] -- 0:00:47
      6800000 -- (0.000) [...7 remote chains...] -- 0:00:47
      6810000 -- (0.000) [...7 remote chains...] -- 0:00:46
      6820000 -- (0.000) [...7 remote chains...] -- 0:00:46
      6830000 -- (0.000) [...7 remote chains...] -- 0:00:46
      6840000 -- (0.000) [...7 remote chains...] -- 0:00:46
      6850000 -- (0.000) [...7 remote chains...] -- 0:00:46
      6860000 -- (0.000) [...7 remote chains...] -- 0:00:46
      6870000 -- (0.000) [...7 remote chains...] -- 0:00:46
      6880000 -- (0.000) [...7 remote chains...] -- 0:00:45
      6890000 -- (0.000) [...7 remote chains...] -- 0:00:45
      6900000 -- (0.000) [...7 remote chains...] -- 0:00:45
      6910000 -- (0.000) [...7 remote chains...] -- 0:00:45
      6920000 -- (0.000) [...7 remote chains...] -- 0:00:44
      6930000 -- (0.000) [...7 remote chains...] -- 0:00:45
      6940000 -- (0.000) [...7 remote chains...] -- 0:00:44
      6950000 -- (0.000) [...7 remote chains...] -- 0:00:44
      6960000 -- (0.000) [...7 remote chains...] -- 0:00:44
      6970000 -- (0.000) [...7 remote chains...] -- 0:00:44
      6980000 -- (0.000) [...7 remote chains...] -- 0:00:44
      6990000 -- (0.000) [...7 remote chains...] -- 0:00:43
      7000000 -- (0.000) [...7 remote chains...] -- 0:00:43
      7010000 -- (0.000) [...7 remote chains...] -- 0:00:43
      7020000 -- [0.000] (...7 remote chains...) -- 0:00:43
      7030000 -- (0.000) [...7 remote chains...] -- 0:00:43
      7040000 -- (0.000) [...7 remote chains...] -- 0:00:43
      7050000 -- (0.000) [...7 remote chains...] -- 0:00:43
      7060000 -- (0.000) [...7 remote chains...] -- 0:00:42
      7070000 -- (0.000) [...7 remote chains...] -- 0:00:42
      7080000 -- [0.000] (...7 remote chains...) -- 0:00:42
      7090000 -- (0.000) [...7 remote chains...] -- 0:00:42
      7100000 -- (0.000) [...7 remote chains...] -- 0:00:42
      7110000 -- (0.000) [...7 remote chains...] -- 0:00:42
      7120000 -- (0.000) [...7 remote chains...] -- 0:00:42
      7130000 -- [0.000] (...7 remote chains...) -- 0:00:41
      7140000 -- (0.000) [...7 remote chains...] -- 0:00:42
      7150000 -- (0.000) [...7 remote chains...] -- 0:00:41
      7160000 -- (0.000) [...7 remote chains...] -- 0:00:41
      7170000 -- (0.000) [...7 remote chains...] -- 0:00:41
      7180000 -- (0.000) [...7 remote chains...] -- 0:00:41
      7190000 -- (0.000) [...7 remote chains...] -- 0:00:41
      7200000 -- (0.000) [...7 remote chains...] -- 0:00:41
      7210000 -- [0.000] (...7 remote chains...) -- 0:00:41
      7220000 -- (0.000) [...7 remote chains...] -- 0:00:40
      7230000 -- (0.000) [...7 remote chains...] -- 0:00:40
      7240000 -- [0.000] (...7 remote chains...) -- 0:00:40
      7250000 -- (0.000) [...7 remote chains...] -- 0:00:40
      7260000 -- (0.000) [...7 remote chains...] -- 0:00:40
      7270000 -- (0.000) [...7 remote chains...] -- 0:00:40
      7280000 -- (0.000) [...7 remote chains...] -- 0:00:39
      7290000 -- (0.000) [...7 remote chains...] -- 0:00:39
      7300000 -- (0.000) [...7 remote chains...] -- 0:00:39
      7310000 -- (0.000) [...7 remote chains...] -- 0:00:39
      7320000 -- (0.000) [...7 remote chains...] -- 0:00:39
      7330000 -- (0.000) [...7 remote chains...] -- 0:00:38
      7340000 -- (0.000) [...7 remote chains...] -- 0:00:39
      7350000 -- (0.000) [...7 remote chains...] -- 0:00:38
      7360000 -- (0.000) [...7 remote chains...] -- 0:00:38
      7370000 -- (0.000) [...7 remote chains...] -- 0:00:38
      7380000 -- (0.000) [...7 remote chains...] -- 0:00:38
      7390000 -- (0.000) [...7 remote chains...] -- 0:00:38
      7400000 -- (0.000) [...7 remote chains...] -- 0:00:38
      7410000 -- (0.000) [...7 remote chains...] -- 0:00:38
      7420000 -- (0.000) [...7 remote chains...] -- 0:00:37
      7430000 -- (0.000) [...7 remote chains...] -- 0:00:37
      7440000 -- (0.000) [...7 remote chains...] -- 0:00:37
      7450000 -- (0.000) [...7 remote chains...] -- 0:00:37
      7460000 -- (0.000) [...7 remote chains...] -- 0:00:37
      7470000 -- (0.000) [...7 remote chains...] -- 0:00:37
      7480000 -- (0.000) [...7 remote chains...] -- 0:00:37
      7490000 -- (0.000) [...7 remote chains...] -- 0:00:36
      7500000 -- (0.000) [...7 remote chains...] -- 0:00:36
      7510000 -- (0.000) [...7 remote chains...] -- 0:00:36
      7520000 -- [0.000] (...7 remote chains...) -- 0:00:36
      7530000 -- (0.000) [...7 remote chains...] -- 0:00:36
      7540000 -- (0.000) [...7 remote chains...] -- 0:00:36
      7550000 -- (0.000) [...7 remote chains...] -- 0:00:36
      7560000 -- [0.000] (...7 remote chains...) -- 0:00:35
      7570000 -- (0.000) [...7 remote chains...] -- 0:00:35
      7580000 -- (0.000) [...7 remote chains...] -- 0:00:35
      7590000 -- (0.000) [...7 remote chains...] -- 0:00:35
      7600000 -- (0.000) [...7 remote chains...] -- 0:00:35
      7610000 -- (0.000) [...7 remote chains...] -- 0:00:35
      7620000 -- (0.000) [...7 remote chains...] -- 0:00:34
      7630000 -- (0.000) [...7 remote chains...] -- 0:00:34
      7640000 -- (0.000) [...7 remote chains...] -- 0:00:34
      7650000 -- (0.000) [...7 remote chains...] -- 0:00:34
      7660000 -- (0.000) [...7 remote chains...] -- 0:00:34
      7670000 -- (0.000) [...7 remote chains...] -- 0:00:34
      7680000 -- (0.000) [...7 remote chains...] -- 0:00:34
      7690000 -- (0.000) [...7 remote chains...] -- 0:00:33
      7700000 -- (0.000) [...7 remote chains...] -- 0:00:33
      7710000 -- (0.000) [...7 remote chains...] -- 0:00:33
      7720000 -- (0.000) [...7 remote chains...] -- 0:00:33
      7730000 -- (0.000) [...7 remote chains...] -- 0:00:33
      7740000 -- (0.000) [...7 remote chains...] -- 0:00:33
      7750000 -- (0.000) [...7 remote chains...] -- 0:00:33
      7760000 -- (0.000) [...7 remote chains...] -- 0:00:32
      7770000 -- (0.000) [...7 remote chains...] -- 0:00:32
      7780000 -- (0.000) [...7 remote chains...] -- 0:00:32
      7790000 -- (0.000) [...7 remote chains...] -- 0:00:32
      7800000 -- (0.000) [...7 remote chains...] -- 0:00:32
      7810000 -- (0.000) [...7 remote chains...] -- 0:00:32
      7820000 -- (0.000) [...7 remote chains...] -- 0:00:32
      7830000 -- (0.000) [...7 remote chains...] -- 0:00:31
      7840000 -- (0.000) [...7 remote chains...] -- 0:00:31
      7850000 -- (0.000) [...7 remote chains...] -- 0:00:31
      7860000 -- (0.000) [...7 remote chains...] -- 0:00:31
      7870000 -- (0.000) [...7 remote chains...] -- 0:00:31
      7880000 -- (0.000) [...7 remote chains...] -- 0:00:31
      7890000 -- (0.000) [...7 remote chains...] -- 0:00:31
      7900000 -- (0.000) [...7 remote chains...] -- 0:00:30
      7910000 -- (0.000) [...7 remote chains...] -- 0:00:30
      7920000 -- (0.000) [...7 remote chains...] -- 0:00:30
      7930000 -- (0.000) [...7 remote chains...] -- 0:00:30
      7940000 -- (0.000) [...7 remote chains...] -- 0:00:30
      7950000 -- (0.000) [...7 remote chains...] -- 0:00:30
      7960000 -- (0.000) [...7 remote chains...] -- 0:00:29
      7970000 -- [0.000] (...7 remote chains...) -- 0:00:29
      7980000 -- (0.000) [...7 remote chains...] -- 0:00:29
      7990000 -- (0.000) [...7 remote chains...] -- 0:00:29
      8000000 -- (0.000) [...7 remote chains...] -- 0:00:29
      8010000 -- (0.000) [...7 remote chains...] -- 0:00:29
      8020000 -- (0.000) [...7 remote chains...] -- 0:00:29
      8030000 -- (0.000) [...7 remote chains...] -- 0:00:28
      8040000 -- (0.000) [...7 remote chains...] -- 0:00:28
      8050000 -- (0.000) [...7 remote chains...] -- 0:00:28
      8060000 -- (0.000) [...7 remote chains...] -- 0:00:28
      8070000 -- (0.000) [...7 remote chains...] -- 0:00:28
      8080000 -- (0.000) [...7 remote chains...] -- 0:00:28
      8090000 -- [0.000] (...7 remote chains...) -- 0:00:28
      8100000 -- (0.000) [...7 remote chains...] -- 0:00:27
      8110000 -- [0.000] (...7 remote chains...) -- 0:00:27
      8120000 -- [0.000] (...7 remote chains...) -- 0:00:27
      8130000 -- (0.000) [...7 remote chains...] -- 0:00:27
      8140000 -- (0.000) [...7 remote chains...] -- 0:00:27
      8150000 -- (0.000) [...7 remote chains...] -- 0:00:27
      8160000 -- (0.000) [...7 remote chains...] -- 0:00:27
      8170000 -- (0.000) [...7 remote chains...] -- 0:00:26
      8180000 -- (0.000) [...7 remote chains...] -- 0:00:26
      8190000 -- (0.000) [...7 remote chains...] -- 0:00:26
      8200000 -- (0.000) [...7 remote chains...] -- 0:00:26
      8210000 -- (0.000) [...7 remote chains...] -- 0:00:26
      8220000 -- (0.000) [...7 remote chains...] -- 0:00:26
      8230000 -- (0.000) [...7 remote chains...] -- 0:00:26
      8240000 -- (0.000) [...7 remote chains...] -- 0:00:25
      8250000 -- (0.000) [...7 remote chains...] -- 0:00:25
      8260000 -- (0.000) [...7 remote chains...] -- 0:00:25
      8270000 -- (0.000) [...7 remote chains...] -- 0:00:25
      8280000 -- (0.000) [...7 remote chains...] -- 0:00:25
      8290000 -- (0.000) [...7 remote chains...] -- 0:00:25
      8300000 -- (0.000) [...7 remote chains...] -- 0:00:24
      8310000 -- (0.000) [...7 remote chains...] -- 0:00:24
      8320000 -- (0.000) [...7 remote chains...] -- 0:00:24
      8330000 -- (0.000) [...7 remote chains...] -- 0:00:24
      8340000 -- (0.000) [...7 remote chains...] -- 0:00:24
      8350000 -- (0.000) [...7 remote chains...] -- 0:00:24
      8360000 -- (0.000) [...7 remote chains...] -- 0:00:24
      8370000 -- (0.000) [...7 remote chains...] -- 0:00:23
      8380000 -- (0.000) [...7 remote chains...] -- 0:00:23
      8390000 -- (0.000) [...7 remote chains...] -- 0:00:23
      8400000 -- (0.000) [...7 remote chains...] -- 0:00:23
      8410000 -- (0.000) [...7 remote chains...] -- 0:00:23
      8420000 -- (0.000) [...7 remote chains...] -- 0:00:23
      8430000 -- (0.000) [...7 remote chains...] -- 0:00:23
      8440000 -- (0.000) [...7 remote chains...] -- 0:00:22
      8450000 -- (0.000) [...7 remote chains...] -- 0:00:22
      8460000 -- (0.000) [...7 remote chains...] -- 0:00:22
      8470000 -- (0.000) [...7 remote chains...] -- 0:00:22
      8480000 -- (0.000) [...7 remote chains...] -- 0:00:22
      8490000 -- (0.000) [...7 remote chains...] -- 0:00:22
      8500000 -- (0.000) [...7 remote chains...] -- 0:00:22
      8510000 -- (0.000) [...7 remote chains...] -- 0:00:21
      8520000 -- (0.000) [...7 remote chains...] -- 0:00:21
      8530000 -- (0.000) [...7 remote chains...] -- 0:00:21
      8540000 -- (0.000) [...7 remote chains...] -- 0:00:21
      8550000 -- (0.000) [...7 remote chains...] -- 0:00:21
      8560000 -- (0.000) [...7 remote chains...] -- 0:00:21
      8570000 -- (0.000) [...7 remote chains...] -- 0:00:21
      8580000 -- (0.000) [...7 remote chains...] -- 0:00:20
      8590000 -- (0.000) [...7 remote chains...] -- 0:00:20
      8600000 -- (0.000) [...7 remote chains...] -- 0:00:20
      8610000 -- (0.000) [...7 remote chains...] -- 0:00:20
      8620000 -- (0.000) [...7 remote chains...] -- 0:00:20
      8630000 -- (0.000) [...7 remote chains...] -- 0:00:20
      8640000 -- [0.000] (...7 remote chains...) -- 0:00:19
      8650000 -- (0.000) [...7 remote chains...] -- 0:00:19
      8660000 -- (0.000) [...7 remote chains...] -- 0:00:19
      8670000 -- (0.000) [...7 remote chains...] -- 0:00:19
      8680000 -- (0.000) [...7 remote chains...] -- 0:00:19
      8690000 -- (0.000) [...7 remote chains...] -- 0:00:19
      8700000 -- (0.000) [...7 remote chains...] -- 0:00:19
      8710000 -- (0.000) [...7 remote chains...] -- 0:00:18
      8720000 -- (0.000) [...7 remote chains...] -- 0:00:18
      8730000 -- [0.000] (...7 remote chains...) -- 0:00:18
      8740000 -- (0.000) [...7 remote chains...] -- 0:00:18
      8750000 -- (0.000) [...7 remote chains...] -- 0:00:18
      8760000 -- (0.000) [...7 remote chains...] -- 0:00:18
      8770000 -- (0.000) [...7 remote chains...] -- 0:00:18
      8780000 -- (0.000) [...7 remote chains...] -- 0:00:17
      8790000 -- (0.000) [...7 remote chains...] -- 0:00:17
      8800000 -- (0.000) [...7 remote chains...] -- 0:00:17
      8810000 -- (0.000) [...7 remote chains...] -- 0:00:17
      8820000 -- (0.000) [...7 remote chains...] -- 0:00:17
      8830000 -- (0.000) [...7 remote chains...] -- 0:00:17
      8840000 -- (0.000) [...7 remote chains...] -- 0:00:17
      8850000 -- (0.000) [...7 remote chains...] -- 0:00:16
      8860000 -- [0.000] (...7 remote chains...) -- 0:00:16
      8870000 -- (0.000) [...7 remote chains...] -- 0:00:16
      8880000 -- (0.000) [...7 remote chains...] -- 0:00:16
      8890000 -- [0.000] (...7 remote chains...) -- 0:00:16
      8900000 -- (0.000) [...7 remote chains...] -- 0:00:16
      8910000 -- (0.000) [...7 remote chains...] -- 0:00:16
      8920000 -- (0.000) [...7 remote chains...] -- 0:00:15
      8930000 -- (0.000) [...7 remote chains...] -- 0:00:15
      8940000 -- (0.000) [...7 remote chains...] -- 0:00:15
      8950000 -- (0.000) [...7 remote chains...] -- 0:00:15
      8960000 -- (0.000) [...7 remote chains...] -- 0:00:15
      8970000 -- (0.000) [...7 remote chains...] -- 0:00:15
      8980000 -- (0.000) [...7 remote chains...] -- 0:00:14
      8990000 -- (0.000) [...7 remote chains...] -- 0:00:14
      9000000 -- (0.000) [...7 remote chains...] -- 0:00:14
      9010000 -- (0.000) [...7 remote chains...] -- 0:00:14
      9020000 -- (0.000) [...7 remote chains...] -- 0:00:14
      9030000 -- (0.000) [...7 remote chains...] -- 0:00:14
      9040000 -- (0.000) [...7 remote chains...] -- 0:00:14
      9050000 -- [0.000] (...7 remote chains...) -- 0:00:13
      9060000 -- (0.000) [...7 remote chains...] -- 0:00:13
      9070000 -- (0.000) [...7 remote chains...] -- 0:00:13
      9080000 -- (0.000) [...7 remote chains...] -- 0:00:13
      9090000 -- (0.000) [...7 remote chains...] -- 0:00:13
      9100000 -- (0.000) [...7 remote chains...] -- 0:00:13
      9110000 -- (0.000) [...7 remote chains...] -- 0:00:13
      9120000 -- (0.000) [...7 remote chains...] -- 0:00:12
      9130000 -- (0.000) [...7 remote chains...] -- 0:00:12
      9140000 -- (0.000) [...7 remote chains...] -- 0:00:12
      9150000 -- (0.000) [...7 remote chains...] -- 0:00:12
      9160000 -- (0.000) [...7 remote chains...] -- 0:00:12
      9170000 -- (0.000) [...7 remote chains...] -- 0:00:12
      9180000 -- (0.000) [...7 remote chains...] -- 0:00:12
      9190000 -- (0.000) [...7 remote chains...] -- 0:00:11
      9200000 -- (0.000) [...7 remote chains...] -- 0:00:11
      9210000 -- (0.000) [...7 remote chains...] -- 0:00:11
      9220000 -- (0.000) [...7 remote chains...] -- 0:00:11
      9230000 -- (0.000) [...7 remote chains...] -- 0:00:11
      9240000 -- (0.000) [...7 remote chains...] -- 0:00:11
      9250000 -- (0.000) [...7 remote chains...] -- 0:00:11
      9260000 -- (0.000) [...7 remote chains...] -- 0:00:10
      9270000 -- (0.000) [...7 remote chains...] -- 0:00:10
      9280000 -- (0.000) [...7 remote chains...] -- 0:00:10
      9290000 -- (0.000) [...7 remote chains...] -- 0:00:10
      9300000 -- (0.000) [...7 remote chains...] -- 0:00:10
      9310000 -- (0.000) [...7 remote chains...] -- 0:00:10
      9320000 -- (0.000) [...7 remote chains...] -- 0:00:09
      9330000 -- (0.000) [...7 remote chains...] -- 0:00:09
      9340000 -- (0.000) [...7 remote chains...] -- 0:00:09
      9350000 -- (0.000) [...7 remote chains...] -- 0:00:09
      9360000 -- (0.000) [...7 remote chains...] -- 0:00:09
      9370000 -- (0.000) [...7 remote chains...] -- 0:00:09
      9380000 -- (0.000) [...7 remote chains...] -- 0:00:09
      9390000 -- (0.000) [...7 remote chains...] -- 0:00:08
      9400000 -- (0.000) [...7 remote chains...] -- 0:00:08
      9410000 -- (0.000) [...7 remote chains...] -- 0:00:08
      9420000 -- (0.000) [...7 remote chains...] -- 0:00:08
      9430000 -- [0.000] (...7 remote chains...) -- 0:00:08
      9440000 -- (0.000) [...7 remote chains...] -- 0:00:08
      9450000 -- (0.000) [...7 remote chains...] -- 0:00:08
      9460000 -- (0.000) [...7 remote chains...] -- 0:00:07
      9470000 -- (0.000) [...7 remote chains...] -- 0:00:07
      9480000 -- (0.000) [...7 remote chains...] -- 0:00:07
      9490000 -- [0.000] (...7 remote chains...) -- 0:00:07
      9500000 -- [0.000] (...7 remote chains...) -- 0:00:07
      9510000 -- (0.000) [...7 remote chains...] -- 0:00:07
      9520000 -- (0.000) [...7 remote chains...] -- 0:00:07
      9530000 -- [0.000] (...7 remote chains...) -- 0:00:06
      9540000 -- (0.000) [...7 remote chains...] -- 0:00:06
      9550000 -- (0.000) [...7 remote chains...] -- 0:00:06
      9560000 -- (0.000) [...7 remote chains...] -- 0:00:06
      9570000 -- (0.000) [...7 remote chains...] -- 0:00:06
      9580000 -- (0.000) [...7 remote chains...] -- 0:00:06
      9590000 -- (0.000) [...7 remote chains...] -- 0:00:06
      9600000 -- (0.000) [...7 remote chains...] -- 0:00:05
      9610000 -- [0.000] (...7 remote chains...) -- 0:00:05
      9620000 -- [0.000] (...7 remote chains...) -- 0:00:05
      9630000 -- (0.000) [...7 remote chains...] -- 0:00:05
      9640000 -- (0.000) [...7 remote chains...] -- 0:00:05
      9650000 -- (0.000) [...7 remote chains...] -- 0:00:05
      9660000 -- (0.000) [...7 remote chains...] -- 0:00:04
      9670000 -- (0.000) [...7 remote chains...] -- 0:00:04
      9680000 -- [0.000] (...7 remote chains...) -- 0:00:04
      9690000 -- (0.000) [...7 remote chains...] -- 0:00:04
      9700000 -- (0.000) [...7 remote chains...] -- 0:00:04
      9710000 -- (0.000) [...7 remote chains...] -- 0:00:04
      9720000 -- (0.000) [...7 remote chains...] -- 0:00:04
      9730000 -- (0.000) [...7 remote chains...] -- 0:00:03
      9740000 -- (0.000) [...7 remote chains...] -- 0:00:03
      9750000 -- (0.000) [...7 remote chains...] -- 0:00:03
      9760000 -- (0.000) [...7 remote chains...] -- 0:00:03
      9770000 -- (0.000) [...7 remote chains...] -- 0:00:03
      9780000 -- (0.000) [...7 remote chains...] -- 0:00:03
      9790000 -- (0.000) [...7 remote chains...] -- 0:00:03
      9800000 -- (0.000) [...7 remote chains...] -- 0:00:02
      9810000 -- (0.000) [...7 remote chains...] -- 0:00:02
      9820000 -- (0.000) [...7 remote chains...] -- 0:00:02
      9830000 -- (0.000) [...7 remote chains...] -- 0:00:02
      9840000 -- (0.000) [...7 remote chains...] -- 0:00:02
      9850000 -- (0.000) [...7 remote chains...] -- 0:00:02
      9860000 -- [0.000] (...7 remote chains...) -- 0:00:02
      9870000 -- (0.000) [...7 remote chains...] -- 0:00:01
      9880000 -- (0.000) [...7 remote chains...] -- 0:00:01
      9890000 -- [0.000] (...7 remote chains...) -- 0:00:01
      9900000 -- (0.000) [...7 remote chains...] -- 0:00:01
      9910000 -- (0.000) [...7 remote chains...] -- 0:00:01
      9920000 -- (0.000) [...7 remote chains...] -- 0:00:01
      9930000 -- (0.000) [...7 remote chains...] -- 0:00:01
      9940000 -- (0.000) [...7 remote chains...] -- 0:00:00
      9950000 -- (0.000) [...7 remote chains...] -- 0:00:00
      9960000 -- (0.000) [...7 remote chains...] -- 0:00:00
      9970000 -- (0.000) [...7 remote chains...] -- 0:00:00
      9980000 -- (0.000) [...7 remote chains...] -- 0:00:00
      9990000 -- (0.000) [...7 remote chains...] -- 0:00:00
      10000000 -- (0.000) [...7 remote chains...] -- 0:00:00

      Analysis completed in 2 mins 27 seconds
      Analysis used 146.90 seconds of CPU time on processor 0
      Log likelihood of best state for "cold" chain was 0.00

      Acceptance rates for the moves in the "cold" chain:
         With prob.   (last 1000)   chain accepted proposals by move
            11.7 %     ( 13 %)     AddBranch(V)
            11.7 %     ( 15 %)     DelBranch(V)
            96.8 %     ( 97 %)     NodesliderClock(V)
            16.0 %     ( 26 %)     TreeStretch(V)
            14.6 %     ( 24 %)     Slider(Net_speciation)
            24.8 %     ( 24 %)     Slider(Relative_extinction)
            26.1 %     ( 22 %)     Slider(Relative_fossilization)
            30.7 %     ( 24 %)     Multiplier(IGRvar)
            32.5 %     ( 18 %)     Multiplier(IgrBrlens)
            52.2 %     ( 25 %)     Multiplier(Clockrate)

      Chain swap information:

                   1       2       3       4       5       6       7       8 
           ------------------------------------------------------------------
         1 |            0.70    0.52    0.41    0.34    0.28    0.24    0.20 
         2 |  356365            0.79    0.65    0.55    0.47    0.40    0.35 
         3 |  356719  357497            0.85    0.73    0.64    0.55    0.49 
         4 |  357131  356829  357307            0.88    0.77    0.69    0.61 
         5 |  357219  356620  357499  357056            0.89    0.80    0.72 
         6 |  357107  357482  357868  357448  356732            0.90    0.82 
         7 |  357946  357174  356000  357339  357312  357571            0.91 
         8 |  358072  357329  355799  357572  357500  357134  356373         

      Upper diagonal: Proportion of successful state exchanges between chains
      Lower diagonal: Number of attempted state exchanges between chains

      Chain information:

        ID -- Heat 
       -----------
         1 -- 1.00  (cold chain)
         2 -- 0.99 
         3 -- 0.98 
         4 -- 0.97 
         5 -- 0.96 
         6 -- 0.95 
         7 -- 0.94 
         8 -- 0.93 

      Heat = 1 / (1 + T * (ID - 1))
         (where T = 0.01 is the temperature and ID is the chain number)

      Setting sumt nruns to 1
      Using relative burnin (a fraction of samples discarded).
      Setting burnin fraction to 0.10
      Summarizing trees in file "alignment_and_tree.nex.t"
      Using relative burnin ('relburnin=yes'), discarding the first 10 % of sampled trees
      Writing statistics to files alignment_and_tree.nex.<parts|tstat|vstat|trprobs|con>
      Examining file ...
      Found one tree block in file "alignment_and_tree.nex.t" with 10001 trees in last block

      Tree reading status:

      0      10      20      30      40      50      60      70      80      90     100
      v-------v-------v-------v-------v-------v-------v-------v-------v-------v-------v
      *********************************************************************************

      Read 10001 trees from last tree block (sampling 9001 of them)
      Overwriting file "alignment_and_tree.nex.parts"
      Overwriting file "alignment_and_tree.nex.tstat"
      Overwriting file "alignment_and_tree.nex.vstat"
      Overwriting file "alignment_and_tree.nex.con.tre"
      Overwriting file "alignment_and_tree.nex.trprobs"
                                                                                   
      General explanation:                                                          
                                                                                   
      In an unrooted tree, a taxon bipartition (split) is specified by removing a   
      branch, thereby dividing the species into those to the left and those to the  
      right of the branch. Here, taxa to one side of the removed branch are denoted 
      '.' and those to the other side are denoted '*'. Specifically, the '.' symbol 
      is used for the taxa on the same side as the outgroup.                        
                                                                                   
      In a rooted or clock tree, the tree is rooted using the model and not by      
      reference to an outgroup. Each bipartition therefore corresponds to a clade,  
      that is, a group that includes all the descendants of a particular branch in  
      the tree.  Taxa that are included in each clade are denoted using '*', and    
      taxa that are not included are denoted using the '.' symbol.                  
                                                                                   
      The output first includes a key to all the bipartitions with frequency larger 
      or equal to (Minpartfreq) in at least one run. Minpartfreq is a parameter to  
      sumt command and currently it is set to 0.10.  This is followed by a table  
      with statistics for the informative bipartitions (those including at least    
      two taxa), sorted from highest to lowest probability. For each bipartition,   
      the table gives the number of times the partition or split was observed in all
      runs (#obs) and the posterior probability of the bipartition (Probab.), which 
      is the same as the split frequency. If several runs are summarized, this is   
      followed by the minimum split frequency (Min(s)), the maximum frequency       
      (Max(s)), and the standard deviation of frequencies (Stddev(s)) across runs.  
      The latter value should approach 0 for all bipartitions as MCMC runs converge.
                                                                                   
      This is followed by a table summarizing branch lengths, node heights (if a    
      clock model was used) and relaxed clock parameters (if a relaxed clock model  
      was used). The mean, variance, and 95 % credible interval are given for each 
      of these parameters. If several runs are summarized, the potential scale      
      reduction factor (PSRF) is also given; it should approach 1 as runs converge. 
      Node heights will take calibration points into account, if such points were   
      used in the analysis.                                                         
                                                                                    
      Note that Stddev may be unreliable if the partition is not present in all     
      runs (the last column indicates the number of runs that sampled the partition 
      if more than one run is summarized). The PSRF is not calculated at all if     
      the partition is not present in all runs.The PSRF is also sensitive to small  
      sample sizes and it should only be considered a rough guide to convergence    
      since some of the assumptions allowing one to interpret it as a true potential
      scale reduction factor are violated in MrBayes.                               
                                                                                    
      List of taxa in bipartitions:                                                 
                                                                                   
         1 -- Huso_huso
         2 -- Polypterus_senegalus
         3 -- Pteronisculus_cicatrosus
         4 -- Abdobalistum_thyrus
         5 -- Nursallia_veronae
         6 -- Paranursallia_gutturosum
         7 -- Pycnodus_apodus
         8 -- Oropycnodus_ponsorti
         9 -- Coelodus_saturnus
        10 -- Sylvienodus_laveirensis
        11 -- Polazzodus_coronatus
        12 -- Scalacurvichthys_naishi
        13 -- Ocloedus_subdiscus
        14 -- Tepexichthys_aranguthyorum
        15 -- Iemanja_palma
        16 -- Stemmatodus_rhombus
        17 -- Proscinetes_radiatus
        18 -- Proscinetes_bernardi
        19 -- Proscinetes_elegans
        20 -- Neoproscinetes_penalvai
        21 -- Thiollierepycnodus_wagneri
        22 -- Turboscinetes_egertoni
        23 -- Turbomesodon_relegans
        24 -- Turbomesodon_bernissartensis
        25 -- Turbomesodon_praeclarus
        26 -- Akromystax_tilmachiton
        27 -- Stenamara_mia
        28 -- Macromesodon_macropterus
        29 -- Brembodus_ridens
        30 -- Gibbodon_cenensis
        31 -- Eomesodon_liassicus
        32 -- Eomesodon_hoeferi
        33 -- Apomesodon_gibbosus
        34 -- Piranhamesodon_pinnatomus
        35 -- Arduafrons_prominoris
        36 -- Gyrodus_hexagonus
        37 -- Mesturus_verrucosus
        38 -- Aminiichthys_leedsi
        39 -- Palaeobalistum_orbiculatum
        40 -- Micropycnodon_kansasensis
        41 -- Paramesturus_stuehmeri
        42 -- Valgarzaella_antiquissima

      Key to taxon bipartitions (saved to file "alignment_and_tree.nex.parts"):

      ID -- Partition
      ------------------------------------------------
       0 -- 
       1 -- 
       2 -- 
       3 -- 
       4 -- 
       5 -- 
       6 -- 
       7 -- 
       8 -- 
       9 -- 
      10 -- 
      11 -- 
      12 -- 
      13 -- 
      14 -- 
      15 -- 
      16 -- 
      17 -- 
      18 -- 
      19 -- 
      20 -- 
      21 -- 
      22 -- 
      23 -- 
      24 -- 
      25 -- 
      26 -- 
      27 -- 
      28 -- 
      29 -- 
      30 -- 
      31 -- 
      32 -- 
      33 -- 
      34 -- 
      35 -- 
      36 -- 
      37 -- 
      38 -- 
      39 -- 
      40 -- 
      41 -- 
      42 -- 
      43 -- 
      44 -- 
      45 -- 
      46 -- 
      47 -- 
      48 -- 
      49 -- 
      50 -- 
      51 -- 
      52 -- 
      53 -- 
      54 -- 
      55 -- 
      56 -- 
      57 -- 
      58 -- 
      59 -- 
      60 -- 
      61 -- 
      62 -- 
      63 -- 
      64 -- 
      65 -- 
      66 -- 
      67 -- 
      68 -- 
      69 -- 
      70 -- 
      71 -- 
      72 -- 
      73 -- 
      74 -- 
      75 -- 
      76 -- 
      77 -- 
      78 -- 
      79 -- 
      80 -- 
      81 -- 
      82 -- 
      ------------------------------------------------

      Summary statistics for informative taxon bipartitions (clades)
         (saved to file "alignment_and_tree.nex.tstat"):

      ID   #obs    Probab.
      --------------------
      43  9001    1.000000
      44  9001    1.000000
      45  9001    1.000000
      46  9001    1.000000
      47  9001    1.000000
      48  9001    1.000000
      49  9001    1.000000
      50  9001    1.000000
      51  9001    1.000000
      52  9001    1.000000
      53  9001    1.000000
      54  9001    1.000000
      55  9001    1.000000
      56  9001    1.000000
      57  9001    1.000000
      58  9001    1.000000
      59  9001    1.000000
      60  9001    1.000000
      61  9001    1.000000
      62  9001    1.000000
      63  9001    1.000000
      64  9001    1.000000
      65  9001    1.000000
      66  9001    1.000000
      67  9001    1.000000
      68  9001    1.000000
      69  9001    1.000000
      70  9001    1.000000
      71  9001    1.000000
      72  9001    1.000000
      73  9001    1.000000
      74  9001    1.000000
      75  9001    1.000000
      76  9001    1.000000
      77  9001    1.000000
      78  9001    1.000000
      79  9001    1.000000
      80  9001    1.000000
      81  9001    1.000000
      82  9001    1.000000
      --------------------

      Summary statistics for branch and node parameters
         (saved to file "alignment_and_tree.nex.vstat"):

                                                        95% HPD Interval
                                                      --------------------
      Parameter                Mean       Variance     Lower       Upper       Median
      -------------------------------------------------------------------------------
      length[1]              51.515143  2636.531564    0.002284  155.134300   35.814660
      length[2]              55.461099  3053.223807    0.002366  165.726700   38.597200
      length[3]               2.881555   19.675093    0.000000   11.546740    1.178577
      length[4]               8.499668   73.081254    0.000421   25.584880    5.879178
      length[5]               9.330470   89.249064    0.000423   28.080660    6.405377
      length[6]               0.281547    0.704629    0.000000    1.536273    0.000000
      length[7]              10.273417  108.691950    0.000440   30.697840    7.072217
      length[8]               8.345723   75.592429    0.000420   25.896170    5.606826
      length[9]               4.510600   28.994457    0.000000   14.856020    2.717116
      length[10]              0.774757    3.268915    0.000000    3.801085    0.033522
      length[11]              2.810087   10.696130    0.000070    8.956460    1.768227
      length[12]              4.621600   24.508711    0.000273   14.503580    3.064037
      length[13]              6.405379   52.605063    0.000000   20.456680    4.000394
      length[14]             10.593381  113.579125    0.000450   31.917190    7.338841
      length[15]              0.841808    3.874476    0.000000    4.266123    0.037913
      length[16]              4.278991   30.177078    0.000000   15.212120    2.351222
      length[17]              7.916002   65.263401    0.000357   23.870430    5.417275
      length[18]              3.437574   25.726498    0.000000   13.588890    1.526035
      length[19]              0.252961    0.409452    0.000000    1.350567    0.000000
      length[20]              7.805583   62.521747    0.000355   23.936360    5.397484
      length[21]              0.268066    0.650147    0.000000    1.512256    0.000000
      length[22]              3.172315   14.327207    0.000000   10.692350    1.881262
      length[23]              5.856530   40.158149    0.000186   18.461620    3.842005
      length[24]             14.828969  229.306746    0.000621   44.939560   10.122810
      length[25]             11.718816  143.045772    0.000450   35.809140    7.975908
      length[26]              7.985554   72.030184    0.000351   24.666030    5.264673
      length[27]             14.689592  219.583420    0.000572   44.640980   10.021950
      length[28]             13.439963  184.998358    0.000433   41.053630    9.227567
      length[29]              0.365490    0.603529    0.000000    1.681829    0.075808
      length[30]              0.362714    0.596337    0.000000    1.659396    0.074963
      length[31]              3.422474   12.550950    0.000137   10.574690    2.319533
      length[32]              0.280355    0.583564    0.000000    1.506045    0.000000
      length[33]              4.037137   53.280926    0.000000   17.227690    1.295346
      length[34]              3.743357   51.100561    0.000000   16.578980    0.998136
      length[35]             16.118196  258.770418    0.000719   48.501670   11.090450
      length[36]             16.807249  283.673241    0.000721   50.342930   11.558610
      length[37]              6.581215   70.994385    0.000411   23.071380    3.804566
      length[38]              3.573800   41.677618    0.000000   16.095470    0.996593
      length[39]             11.378428  133.959043    0.000534   34.227040    7.782505
      length[40]             28.349348  802.726033    0.001199   85.261330   19.536550
      length[41]             24.818250  616.998875    0.001124   74.597010   17.169570
      length[42]              5.642152   41.463727    0.000000   18.470590    3.540129
      length[43]              1.285929    4.158673    0.000006    5.156775    0.535420
      length[44]              0.990701    2.712413    0.000076    3.959003    0.408770
      length[45]              2.000261    9.287600    0.000058    7.726502    0.893378
      length[46]              0.889124    2.274378    0.000016    3.545466    0.355764
      length[47]              1.571654    6.697437    0.000018    6.206424    0.652872
      length[48]              2.125546   10.427593    0.000066    8.295414    0.947693
      length[49]              1.297201    4.850666    0.000003    5.035099    0.521972
      length[50]              1.617372    6.222123    0.000013    6.285707    0.707682
      length[51]              1.468127    5.222115    0.000006    5.847484    0.623686
      length[52]              1.694946    6.701276    0.000050    6.533834    0.726186
      length[53]              2.251011   12.546391    0.000014    8.753869    0.970376
      length[54]              1.407835    5.339047    0.000010    5.482558    0.597857
      length[55]              1.097395    3.207632    0.000000    4.272587    0.453839
      length[56]              0.848122    1.998497    0.000003    3.394353    0.339546
      length[57]              2.519002   12.778016    0.000002    9.267026    1.268560
      length[58]             11.899327  180.358554    0.000359   38.424640    7.336558
      length[59]              1.123011    3.359174    0.000005    4.446171    0.461325
      length[60]              0.617133    1.070375    0.000002    2.469788    0.245228
      length[61]              0.947651    2.367009    0.000012    3.778614    0.388532
      length[62]              3.215549   23.286031    0.000035   11.990300    1.514669
      length[63]              1.018972    2.676246    0.000027    3.930591    0.429123
      length[64]             11.469213  161.340601    0.000023   37.358460    7.218856
      length[65]              0.696822    1.473707    0.000008    2.794164    0.265370
      length[66]              0.776749    1.664488    0.000030    3.088964    0.306470
      length[67]              0.713561    1.052950    0.000008    2.574694    0.368881
      length[68]              0.613273    1.146004    0.000002    2.368992    0.249644
      length[69]              0.716725    1.272630    0.000012    2.725167    0.309322
      length[70]              0.818149    1.483877    0.000015    3.042183    0.386501
      length[71]              2.068741    9.910841    0.000020    7.884350    0.942900
      length[72]              0.834218    2.017574    0.000014    3.189745    0.350215
      length[73]              1.638345    6.292782    0.000030    6.343818    0.720338
      length[74]              2.069346    9.877327    0.000003    7.903234    0.920313
      length[75]              1.330428    4.637401    0.000022    5.262780    0.554165
      length[76]              0.966228    2.661758    0.000000    3.800582    0.398483
      length[77]              1.134334    3.575445    0.000007    4.626148    0.446019
      length[78]              0.677677    1.375416    0.000002    2.691985    0.272021
      length[79]              0.789217    1.823916    0.000004    3.143238    0.310627
      length[80]              0.612413    0.996967    0.000000    2.454884    0.255396
      length[81]              2.888203   17.896737    0.000004   10.806840    1.344525
      length[82]              0.583313    0.939898    0.000008    2.357171    0.223668
      height[0]              55.461103  3053.224332    0.002366  165.726700   38.597202
      height[1]               0.000004    0.000000    0.000000    0.000020    0.000000
      height[2]               0.000004    0.000000    0.000000    0.000021    0.000000
      height[3]              50.328537  2502.372988    0.002349  150.754179   35.109325
      height[4]              10.454662  108.498873    0.000488   31.289512    7.246887
      height[5]              10.458078  108.339705    0.000511   31.298198    7.276327
      height[6]              18.672783  345.327412    0.000872   55.960845   12.976985
      height[7]              10.462782  108.587763    0.000507   31.389928    7.262789
      height[8]              13.872170  190.209968    0.000639   41.629130    9.636244
      height[9]              18.608923  342.964676    0.000834   55.622950   12.842898
      height[10]             19.442874  373.928997    0.000887   58.403044   13.553968
      height[11]             17.407544  300.060384    0.000817   52.307811   12.097953
      height[12]             19.514681  376.624300    0.000928   58.445846   13.548442
      height[13]             24.794043  607.387610    0.001150   74.292275   17.283881
      height[14]             21.177747  444.016622    0.001026   63.272836   14.704167
      height[15]             23.294473  535.513529    0.001091   69.717291   16.229255
      height[16]             24.794885  607.020164    0.001149   74.300595   17.271972
      height[17]             24.631875  599.848859    0.001166   73.505162   17.147811
      height[18]             26.306037  701.020528    0.001198   78.366127   18.139494
      height[19]             29.490650  859.325249    0.001376   87.961883   20.546151
      height[20]             23.268723  535.211627    0.001087   69.444493   16.159630
      height[21]             30.189106  900.411384    0.001414   90.809430   21.032995
      height[22]             30.223684  902.130295    0.001403   90.529950   21.050677
      height[23]             29.524670  861.838924    0.001385   88.345683   20.568849
      height[24]             23.016993  527.797394    0.001052   69.326027   15.982171
      height[25]             24.796718  607.701680    0.001146   74.571335   17.234286
      height[26]             19.516669  376.993944    0.000879   58.196239   13.615175
      height[27]             24.794715  607.805909    0.001160   74.623188   17.233444
      height[28]             28.113690  781.816393    0.001336   84.049673   19.577905
      height[29]             42.746367  1804.459776    0.001976  128.330974   29.712248
      height[30]             42.749144  1806.518020    0.002000  128.256382   29.820107
      height[31]             39.587959  1549.555901    0.001860  118.365818   27.508022
      height[32]             42.730079  1804.055261    0.001997  128.336793   29.851820
      height[33]             29.518819  861.398479    0.001384   88.429581   20.589578
      height[34]             29.812599  877.780209    0.001379   89.100099   20.744449
      height[35]             29.519385  861.148840    0.001371   88.464559   20.577379
      height[36]             29.508009  859.202428    0.001371   88.663184   20.562149
      height[37]             29.513058  860.479126    0.001368   88.472314   20.587688
      height[38]             32.520473  1045.331117    0.001538   97.669418   22.646519
      height[39]             10.455166  108.566963    0.000489   31.143455    7.280974
      height[40]             18.755127  348.637183    0.000916   55.801524   12.959707
      height[41]             24.166051  577.187132    0.001120   72.499377   16.830093
      height[42]             44.465160  1953.789758    0.002114  133.101641   30.971326
      height[43]             21.833594  477.580912    0.001024   64.833826   15.151642
      height[44]             47.993599  2286.782287    0.002139  144.810317   33.330243
      height[45]             20.217632  405.335619    0.000887   60.902803   13.959427
      height[46]             47.104476  2199.766460    0.002115  141.816312   32.611918
      height[47]             27.502222  754.668651    0.001230   81.144714   18.993106
      height[48]             29.073876  842.267386    0.001346   86.890093   20.074332
      height[49]             26.205022  682.131388    0.001228   78.286376   18.087711
      height[50]             23.119523  533.531014    0.001043   69.486392   16.035843
      height[51]             24.736895  610.611500    0.001061   74.240934   17.120962
      height[52]             51.515147  2636.532010    0.002284  155.134300   35.814662
      height[53]             53.210092  2806.683419    0.002352  159.798943   36.989459
      height[54]             50.107312  2491.946805    0.002274  150.629670   34.860373
      height[55]             20.736199  428.886248    0.000946   61.230947   14.421767
      height[56]             32.547877  1049.231745    0.001524   97.198226   22.513198
      height[57]             22.217893  494.021049    0.001058   66.799857   15.380180
      height[58]             36.094273  1302.647338    0.001780  109.113606   25.231512
      height[59]             48.984301  2380.801403    0.011737  146.939007   34.061793
      height[60]             30.457172  917.389741    0.001414   91.395926   21.250468
      height[61]             19.788548  390.007300    0.000934   58.911827   13.664292
      height[62]             31.199422  966.444070    0.001482   92.926246   21.644579
      height[63]             33.395999  1104.116354    0.001527   99.948670   23.159239
      height[64]             33.555955  1161.866653    0.002068  100.310981   23.086761
      height[65]             31.074306  954.868526    0.001443   93.331894   21.614602
      height[66]             31.771128  999.468695    0.001475   95.354286   22.040363
      height[67]             29.743611  873.846159    0.001406   88.709985   20.717992
      height[68]             43.828583  1896.145418    0.002012  131.655836   30.558589
      height[69]             43.111858  1836.314453    0.002000  129.043896   29.974508
      height[70]             43.010434  1827.592200    0.001997  128.930952   29.942967
      height[71]             24.136281  577.797209    0.001201   72.282697   16.756082
      height[72]             18.954330  356.616219    0.000909   56.862187   13.203284
      height[73]             37.845962  1420.606499    0.001672  114.100547   26.154604
      height[74]             39.484307  1540.333983    0.001732  118.221877   27.271402
      height[75]             36.515534  1323.390601    0.001596  109.123610   25.356238
      height[76]             34.414972  1172.396708    0.001553  102.576336   23.822564
      height[77]             35.381199  1240.339545    0.001571  105.607683   24.556052
      height[78]             45.637581  2058.065303    0.002091  136.533253   31.780005
      height[79]             46.315259  2123.065892    0.002092  139.284569   32.227835
      height[80]             45.025168  2004.932803    0.002091  134.589913   31.387632
      height[81]             41.553653  1705.796059    0.001769  124.439015   28.925079
      height[82]             44.441856  1952.421062    0.002014  132.877095   30.997180
      age[0]                276.496818  165.170712  255.363386  298.954828  276.606271
      age[1]                  0.000017    0.000000    0.000000    0.000085    0.000000
      age[2]                  0.000018    0.000000    0.000000    0.000088    0.000000
      age[3]                250.950491    0.007513  250.814017  251.098613  250.950099
      age[4]                 52.140878    5.178563   48.475884   55.962220   52.205152
      age[5]                 52.154300    5.214958   48.500186   55.997727   52.216305
      age[6]                 93.150432    7.128179   89.800216   98.625911   92.475659
      age[7]                 52.165363    5.145115   48.445814   55.925535   52.229773
      age[8]                 69.162496    3.185448   66.343895   72.196435   69.194889
      age[9]                 92.809824   24.348554   84.681314  100.496540   93.240012
      age[10]                96.940754    3.559583   93.900999  100.082040   96.802574
      age[11]                86.791481    3.190722   83.926451   89.781086   86.841643
      age[12]                97.321611    3.688702   94.251285  100.498586   97.361181
      age[13]               123.626876    1.582045  121.614957  125.740163  123.642863
      age[14]               105.575456    7.607339  101.090367  110.081797  105.764136
      age[15]               116.161676    3.366522  113.212475  119.205407  116.080114
      age[16]               123.652748    1.593869  121.618712  125.749809  123.705410
      age[17]               122.808173    3.183701  119.919851  125.767136  122.882762
      age[18]               131.143499  183.283271  105.447273  151.210672  133.586829
      age[19]               147.050195    1.395448  145.060323  148.949394  147.017703
      age[20]               116.054978   10.564485  110.759817  121.394447  116.198895
      age[21]               150.532122    0.724339  149.204952  151.997765  150.463210
      age[22]               150.714601    0.763284  149.258318  152.110883  150.731668
      age[23]               147.194182    1.432037  145.278497  149.199850  147.235602
      age[24]               114.695017   51.097512  102.309965  125.766042  115.451186
      age[25]               123.641469    1.598156  121.584836  125.730241  123.682681
      age[26]                97.306217    3.604642   94.148903  100.428637   97.371555
      age[27]               123.631580    1.614169  121.630507  125.769079  123.665904
      age[28]               140.172578    3.041067  137.340422  143.049957  140.221524
      age[29]               213.156804    1.413143  211.180154  215.104261  213.109205
      age[30]               213.155153    1.382871  211.196626  215.134159  213.099950
      age[31]               197.362423    6.008638  193.339243  201.381772  197.470168
      age[32]               213.067463    1.380336  211.180546  215.055938  212.980415
      age[33]               147.173274    1.423539  145.267612  149.191258  147.198297
      age[34]               148.672696    4.213879  145.437003  152.207856  148.684709
      age[35]               147.170219    1.434187  145.254474  149.180443  147.182554
      age[36]               147.164227    1.431163  145.279649  149.197325  147.166414
      age[37]               147.163406    1.444755  145.268068  149.181634  147.184338
      age[38]               162.149464    3.274890  159.230720  165.180661  162.138817
      age[39]                52.131154    5.203472   48.486106   55.990570   52.206069
      age[40]                93.562372   18.527846   86.490507  100.491712   93.864193
      age[41]               120.490331    0.279001  119.584532  121.315197  120.489322
      age[42]               221.703225   11.761920  216.087389  227.295869  221.826311
      age[43]               108.987632   66.599611   94.163599  124.832158  108.140325
      age[44]               239.219280   72.945786  223.293241  255.806842  238.391624
      age[45]               100.907597   39.040851   93.901844  113.941732   99.106620
      age[46]               234.827638   57.606353  220.984051  249.733284  234.146717
      age[47]               137.236393  123.219684  117.607011  157.548130  136.613745
      age[48]               145.154629  161.570702  121.419046  166.019110  145.237776
      age[49]               130.811002   93.826431  114.875876  149.255127  129.782163
      age[50]               115.415572   83.686092   98.384259  133.277189  114.749291
      age[51]               123.483909   88.461223  107.202181  143.428938  122.444094
      age[52]               256.818709  128.975133  237.046032  280.057150  255.170379
      age[53]               265.330771  145.699418  250.800190  287.291894  263.962044
      age[54]               249.791739  107.487464  231.207024  271.241909  248.435611
      age[55]               103.519568   47.918479   91.650213  116.843318  102.533444
      age[56]               162.280674   41.729427  151.252010  175.010000  161.258960
      age[57]               110.792903   84.434388   95.650493  128.620659  109.476352
      age[58]               180.473908  414.320576  159.002160  222.634503  173.534714
      age[59]               244.184799   88.878109  226.643361  263.284457  243.316902
      age[60]               151.863356    7.454145  149.200436  157.585505  151.110003
      age[61]                98.744805   30.301420   90.215348  109.255801   97.786649
      age[62]               155.923435  171.289347  124.266926  177.218213  157.057091
      age[63]               166.557903   55.906818  153.526183  181.521164  165.686124
      age[64]               166.996156  401.396462  145.388053  209.317542  159.664614
      age[65]               154.962393   16.786532  149.349616  162.973133  153.994855
      age[66]               158.402429   28.528571  150.146462  169.025319  157.318330
      age[67]               148.322817    5.170292  145.060528  152.472135  148.064134
      age[68]               218.589608   15.255271  212.545835  226.561626  217.653103
      age[69]               214.983905    6.460235  211.410809  220.272122  214.497136
      age[70]               214.464451    7.628085  211.180546  220.127246  213.868159
      age[71]               120.396340   42.858976  113.201144  133.888968  118.364291
      age[72]                94.573464   14.865027   89.800842  101.702698   93.746839
      age[73]               188.675655  119.434014  167.886782  209.575200  188.476334
      age[74]               196.983622  131.063685  174.348470  217.847725  197.218110
      age[75]               182.089456  103.626361  162.683367  201.274580  181.520946
      age[76]               171.688519   72.931524  156.656077  189.180688  170.833372
      age[77]               176.507815   88.768794  159.419424  195.084974  175.778706
      age[78]               227.576423   37.414212  217.105993  239.840202  226.788652
      age[79]               230.949787   46.509199  218.433450  243.984228  230.237043
      age[80]               224.503422   29.160746  215.479398  235.371472  223.764423
      age[81]               207.364156  121.390443  184.135662  225.928819  208.835534
      age[82]               221.632028   22.614952  213.670066  231.204058  220.852269
      IgrBrlens_length[1]    51.328902  4046.346112    0.000056  163.754800   31.433670
      IgrBrlens_length[2]    55.487742  5234.494509    0.000226  180.420300   33.776410
      IgrBrlens_length[3]     2.851534   23.907710    0.000000   11.858380    1.036240
      IgrBrlens_length[4]     8.570643  114.622742    0.000139   28.021100    5.110759
      IgrBrlens_length[5]     9.308495  145.307594    0.000002   29.540810    5.638546
      IgrBrlens_length[6]     0.266543    0.654715    0.000000    1.483627    0.000000
      IgrBrlens_length[7]    10.147498  154.068129    0.000002   32.552540    6.146326
      IgrBrlens_length[8]     8.353819  123.747483    0.000035   27.969460    4.920538
      IgrBrlens_length[9]     4.489305   38.344148    0.000000   15.721260    2.415755
      IgrBrlens_length[10]    0.752807    3.765372    0.000000    3.823762    0.023816
      IgrBrlens_length[11]    2.831843   15.935189    0.000031    9.704195    1.572154
      IgrBrlens_length[12]    4.590412   32.864857    0.000014   15.158400    2.677925
      IgrBrlens_length[13]    6.428236   76.224052    0.000000   22.049800    3.500344
      IgrBrlens_length[14]   10.484224  162.862024    0.000002   33.893060    6.349232
      IgrBrlens_length[15]    0.806773    3.968984    0.000000    4.054048    0.024417
      IgrBrlens_length[16]    4.263862   39.818559    0.000000   15.452660    2.050018
      IgrBrlens_length[17]    7.861938   94.287123    0.000004   26.003550    4.709297
      IgrBrlens_length[18]    3.404257   33.845108    0.000000   14.126040    1.334112
      IgrBrlens_length[19]    0.246577    0.425596    0.000000    1.345166    0.000000
      IgrBrlens_length[20]    7.790047   93.477257    0.000039   25.613060    4.755984
      IgrBrlens_length[21]    0.257896    0.633598    0.000000    1.443409    0.000000
      IgrBrlens_length[22]    3.169400   18.773143    0.000000   11.238440    1.671023
      IgrBrlens_length[23]    5.798692   60.242473    0.000004   19.755030    3.371512
      IgrBrlens_length[24]   14.789182  360.946337    0.000015   48.685340    8.838542
      IgrBrlens_length[25]   11.660746  226.917545    0.000018   37.691710    6.975189
      IgrBrlens_length[26]    7.975122   99.787582    0.000001   26.490480    4.645600
      IgrBrlens_length[27]   14.623662  307.225337    0.000012   48.372770    8.852615
      IgrBrlens_length[28]   13.408244  268.121323    0.000108   43.882550    8.119621
      IgrBrlens_length[29]    0.360480    0.651108    0.000000    1.721321    0.060080
      IgrBrlens_length[30]    0.359080    0.657609    0.000000    1.687843    0.059618
      IgrBrlens_length[31]    3.389901   18.204077    0.000010   11.194610    2.023700
      IgrBrlens_length[32]    0.271115    0.583657    0.000000    1.475312    0.000000
      IgrBrlens_length[33]    3.916671   63.562673    0.000000   16.782390    1.105110
      IgrBrlens_length[34]    3.547047   52.593594    0.000000   16.109130    0.853736
      IgrBrlens_length[35]   16.014962  370.397377    0.000041   52.903530    9.804460
      IgrBrlens_length[36]   16.728152  426.965133    0.000086   53.816340   10.174460
      IgrBrlens_length[37]    6.487972   88.831674    0.000000   23.718030    3.358815
      IgrBrlens_length[38]    3.366501   44.449594    0.000000   15.530110    0.823029
      IgrBrlens_length[39]   11.317916  205.714985    0.000039   36.793240    6.743947
      IgrBrlens_length[40]   28.487569  1235.764851    0.000202   93.537690   17.209520
      IgrBrlens_length[41]   25.260739  1036.339183    0.000086   81.574250   15.300360
      IgrBrlens_length[42]    5.624175   59.898854    0.000000   19.365890    3.138731
      IgrBrlens_length[43]    1.279934    5.238407    0.000000    5.223206    0.470792
      IgrBrlens_length[44]    0.989542    3.538250    0.000002    4.085182    0.363253
      IgrBrlens_length[45]    2.018686   11.984899    0.000000    8.228513    0.791722
      IgrBrlens_length[46]    0.895308    3.114711    0.000000    3.689507    0.310922
      IgrBrlens_length[47]    1.584521   10.243336    0.000001    6.310060    0.570129
      IgrBrlens_length[48]    2.162405   14.871650    0.000001    8.653686    0.845335
      IgrBrlens_length[49]    1.310839    7.144436    0.000001    5.283824    0.460478
      IgrBrlens_length[50]    1.616396    8.227826    0.000001    6.561761    0.609407
      IgrBrlens_length[51]    1.460877    6.698056    0.000007    6.053941    0.539146
      IgrBrlens_length[52]    1.672720    8.107540    0.000000    6.729700    0.636727
      IgrBrlens_length[53]    2.315236   22.185879    0.000000    9.076614    0.858851
      IgrBrlens_length[54]    1.410726    7.155530    0.000002    5.704042    0.521166
      IgrBrlens_length[55]    1.099730    4.573778    0.000000    4.396279    0.393571
      IgrBrlens_length[56]    0.844410    2.872826    0.000002    3.416958    0.294398
      IgrBrlens_length[57]    2.511833   16.910780    0.000001    9.440275    1.110175
      IgrBrlens_length[58]   12.242597  306.231236    0.000005   43.286490    6.380263
      IgrBrlens_length[59]    1.112970    4.139830    0.000005    4.582500    0.402931
      IgrBrlens_length[60]    0.624396    1.556752    0.000001    2.534401    0.212088
      IgrBrlens_length[61]    0.946798    3.490626    0.000000    3.820436    0.339303
      IgrBrlens_length[62]    3.293506   52.966940    0.000008   12.286650    1.320203
      IgrBrlens_length[63]    1.020964    3.615477    0.000008    4.110128    0.373994
      IgrBrlens_length[64]   11.679225  273.509121    0.000024   40.566480    6.413779
      IgrBrlens_length[65]    0.698266    1.891880    0.000000    2.902812    0.233799
      IgrBrlens_length[66]    0.794518    2.453583    0.000000    3.252891    0.274074
      IgrBrlens_length[67]    0.716306    1.479588    0.000000    2.696734    0.320514
      IgrBrlens_length[68]    0.618577    1.585131    0.000001    2.487844    0.214130
      IgrBrlens_length[69]    0.720869    1.810207    0.000001    2.901990    0.271553
      IgrBrlens_length[70]    0.834651    2.560532    0.000001    3.259859    0.339634
      IgrBrlens_length[71]    2.113814   14.924762    0.000003    8.297636    0.814361
      IgrBrlens_length[72]    0.856975    2.940555    0.000000    3.473953    0.302622
      IgrBrlens_length[73]    1.631498    9.315761    0.000002    6.440273    0.620805
      IgrBrlens_length[74]    2.107301   16.372944    0.000000    8.263263    0.813344
      IgrBrlens_length[75]    1.321427    5.895214    0.000002    5.504281    0.482306
      IgrBrlens_length[76]    0.972557    3.713283    0.000000    3.862163    0.345220
      IgrBrlens_length[77]    1.159046    5.021056    0.000007    4.866590    0.401247
      IgrBrlens_length[78]    0.674822    1.653736    0.000000    2.738479    0.239527
      IgrBrlens_length[79]    0.787830    2.249390    0.000004    3.183551    0.274173
      IgrBrlens_length[80]    0.614685    1.382652    0.000000    2.513952    0.223302
      IgrBrlens_length[81]    2.889107   25.667541    0.000001   11.207560    1.187049
      IgrBrlens_length[82]    0.590998    1.304306    0.000001    2.441216    0.195028
      IgrBrlens_rate[1]       1.000976    0.265272    0.000016    1.785316    0.977368
      IgrBrlens_rate[2]       0.991830    0.262246    0.000026    1.728794    0.975492
      IgrBrlens_rate[3]       0.986021    0.161833    0.000002    1.497823    1.000000
      IgrBrlens_rate[4]       1.008252    0.270154    0.000024    1.794671    0.983722
      IgrBrlens_rate[5]       0.999514    0.283816    0.000001    1.779863    0.978943
      IgrBrlens_rate[6]       0.980866    0.033063    0.600576    1.250255    1.000000
      IgrBrlens_rate[7]       0.994306    0.278756    0.000001    1.772486    0.977719
      IgrBrlens_rate[8]       0.996246    0.269846    0.000055    1.755217    0.980078
      IgrBrlens_rate[9]       0.997932    0.273328    0.000003    1.756920    0.981613
      IgrBrlens_rate[10]      0.976916    0.056945    0.386233    1.389511    1.000000
      IgrBrlens_rate[11]      1.009716    0.316264    0.000053    1.803320    0.986996
      IgrBrlens_rate[12]      0.995375    0.270892    0.000002    1.802688    0.970998
      IgrBrlens_rate[13]      1.002205    0.267705    0.000004    1.772177    0.985678
      IgrBrlens_rate[14]      0.992830    0.258113    0.000004    1.749238    0.982587
      IgrBrlens_rate[15]      0.972593    0.055493    0.416778    1.387268    1.000000
      IgrBrlens_rate[16]      0.994547    0.215106    0.000002    1.643206    0.997801
      IgrBrlens_rate[17]      0.992850    0.257034    0.000002    1.769909    0.980329
      IgrBrlens_rate[18]      0.995398    0.227442    0.000007    1.704320    0.989194
      IgrBrlens_rate[19]      0.986332    0.062886    0.478606    1.391148    1.000000
      IgrBrlens_rate[20]      1.000903    0.270647    0.000012    1.796061    0.974164
      IgrBrlens_rate[21]      0.982716    0.033377    0.650177    1.257339    1.000000
      IgrBrlens_rate[22]      1.006495    0.275622    0.000002    1.781791    0.976228
      IgrBrlens_rate[23]      0.991541    0.252419    0.000004    1.774419    0.974080
      IgrBrlens_rate[24]      1.001546    0.312319    0.000003    1.788419    0.976848
      IgrBrlens_rate[25]      0.990757    0.250514    0.000003    1.781596    0.970681
      IgrBrlens_rate[26]      1.001805    0.305818    0.000002    1.750195    0.975859
      IgrBrlens_rate[27]      0.996299    0.267253    0.000009    1.754489    0.980309
      IgrBrlens_rate[28]      1.002284    0.268097    0.000023    1.785871    0.982643
      IgrBrlens_rate[29]      0.986922    0.141626    0.000003    1.423377    1.000000
      IgrBrlens_rate[30]      0.992170    0.160409    0.000022    1.433272    1.000000
      IgrBrlens_rate[31]      0.987209    0.259726    0.000007    1.728476    0.971775
      IgrBrlens_rate[32]      0.984096    0.037146    0.671028    1.314351    1.000000
      IgrBrlens_rate[33]      0.970163    0.201691    0.000002    1.591415    0.984119
      IgrBrlens_rate[34]      0.963238    0.131647    0.000011    1.426815    1.000000
      IgrBrlens_rate[35]      0.995987    0.288563    0.000004    1.730074    0.977527
      IgrBrlens_rate[36]      0.997644    0.272667    0.000031    1.752308    0.980419
      IgrBrlens_rate[37]      0.992781    0.261532    0.000002    1.736201    0.974225
      IgrBrlens_rate[38]      0.956605    0.092534    0.000004    1.327973    1.000000
      IgrBrlens_rate[39]      0.993637    0.274619    0.000023    1.754281    0.978885
      IgrBrlens_rate[40]      1.008107    0.315990    0.000013    1.813020    0.976606
      IgrBrlens_rate[41]      1.008199    0.255053    0.000009    1.781837    0.985111
      IgrBrlens_rate[42]      0.997664    0.268043    0.000010    1.747017    0.977554
      IgrBrlens_rate[43]      1.001989    0.297213    0.000054    1.763632    0.977800
      IgrBrlens_rate[44]      1.002852    0.303232    0.000006    1.790116    0.982250
      IgrBrlens_rate[45]      1.009021    0.298469    0.000022    1.808316    0.979022
      IgrBrlens_rate[46]      1.006022    0.292895    0.000003    1.752578    0.980714
      IgrBrlens_rate[47]      0.999218    0.278062    0.000005    1.768987    0.978911
      IgrBrlens_rate[48]      1.008192    0.263228    0.000003    1.815249    0.980045
      IgrBrlens_rate[49]      1.005251    0.278638    0.000032    1.799307    0.979806
      IgrBrlens_rate[50]      0.997897    0.268747    0.000019    1.792429    0.979597
      IgrBrlens_rate[51]      0.993671    0.253394    0.000075    1.764646    0.979670
      IgrBrlens_rate[52]      0.992681    0.260698    0.000015    1.799669    0.973528
      IgrBrlens_rate[53]      1.012529    0.299403    0.000001    1.824014    0.981678
      IgrBrlens_rate[54]      1.005269    0.322547    0.000001    1.760837    0.976296
      IgrBrlens_rate[55]      0.985733    0.251765    0.000011    1.768345    0.973541
      IgrBrlens_rate[56]      0.993697    0.274138    0.000010    1.785672    0.973296
      IgrBrlens_rate[57]      1.004660    0.288649    0.000010    1.765999    0.980022
      IgrBrlens_rate[58]      1.008786    0.295060    0.000013    1.787502    0.979944
      IgrBrlens_rate[59]      0.999306    0.306494    0.000006    1.751154    0.978890
      IgrBrlens_rate[60]      0.998628    0.269860    0.000057    1.786257    0.977450
      IgrBrlens_rate[61]      1.000169    0.290267    0.000001    1.764504    0.982431
      IgrBrlens_rate[62]      1.004201    0.291777    0.000006    1.786818    0.979584
      IgrBrlens_rate[63]      1.000384    0.284590    0.000024    1.791673    0.979107
      IgrBrlens_rate[64]      1.004222    0.303057    0.000023    1.778920    0.971931
      IgrBrlens_rate[65]      1.003210    0.269838    0.000004    1.794963    0.977874
      IgrBrlens_rate[66]      1.015459    0.294613    0.000003    1.837495    0.982464
      IgrBrlens_rate[67]      0.997018    0.286987    0.000006    1.738747    0.978201
      IgrBrlens_rate[68]      1.002229    0.301971    0.000004    1.754180    0.981769
      IgrBrlens_rate[69]      0.993439    0.284921    0.000002    1.730595    0.980723
      IgrBrlens_rate[70]      1.003713    0.330144    0.000011    1.794661    0.984833
      IgrBrlens_rate[71]      1.000050    0.276354    0.000008    1.795024    0.974173
      IgrBrlens_rate[72]      1.009799    0.324019    0.000005    1.828039    0.976231
      IgrBrlens_rate[73]      0.989700    0.259729    0.000001    1.746946    0.972436
      IgrBrlens_rate[74]      1.007873    0.275570    0.000003    1.806332    0.980743
      IgrBrlens_rate[75]      1.000948    0.288212    0.000005    1.771222    0.980953
      IgrBrlens_rate[76]      0.996767    0.270351    0.000001    1.755722    0.982795
      IgrBrlens_rate[77]      1.013920    0.303098    0.000023    1.799290    0.984051
      IgrBrlens_rate[78]      0.998233    0.255254    0.000003    1.747493    0.981753
      IgrBrlens_rate[79]      0.997732    0.275124    0.000067    1.774686    0.973983
      IgrBrlens_rate[80]      1.003704    0.286276    0.000004    1.788481    0.981155
      IgrBrlens_rate[81]      0.996823    0.273611    0.000001    1.752970    0.980913
      IgrBrlens_rate[82]      1.001171    0.284009    0.000012    1.801012    0.978423
      -------------------------------------------------------------------------------




      Clade credibility values:

      Subtree rooted at node 54:

                                                           /----- Abdobalistum_th~ (4)
                                                     /-100-+                          
                                                     |     \----- Paranursallia_g~ (6)
                                                /-100+                                
                                                |    \----------- Nursallia_veron~ (5)
                                           /-100+                                     
                                           |    \---------------- Pycnodus_apodus (7)
                                      /-100+                                          
                                      |    \--------------------- Palaeobalistum~ (39)
                                /-100-+                                               
                                |     \-------------------------- Coelodus_saturn~ (9)
                                |                                                     
                           /-100+                    /----------- Oropycnodus_pon~ (8)
                           |    |                    |                                
                           |    \---------100--------+     /----- Sylvienodus_la~ (10)
                           |                         \-100-+                          
                      /-100+                               \----- Polazzodus_cor~ (11)
                      |    |                                                          
                      |    |                               /----- Scalacurvichth~ (12)
                 /-100+    \--------------100--------------+                          
                 |    |                                    \----- Iemanja_palma (15)
                 |    |                                                               
           /-100-+    \------------------------------------------ Akromystax_til~ (26)
           |     |                                                                    
      --100+     \----------------------------------------------- Stemmatodus_rh~ (16)
           |                                                                          
           \----------------------------------------------------- Ocloedus_subdi~ (13)
                                                                                      
      Subtree rooted at node 64:

                           /------------------------------------- (54)
                           |                                                          
                           |               /--------------------- Tepexichthys_a~ (14)
                           |               |                                          
                           |               |               /----- Proscinetes_be~ (18)
                           |               |         /-100-+                          
                      /-100+          /-100+         |     \----- Proscinetes_el~ (19)
                      |    |          |    |    /-100+                                
                      |    |          |    |    |    \----------- Thiollierepycn~ (21)
                      |    |    /-100-+    \-100+                                     
                      |    |    |     |         \---------------- Neoproscinetes~ (20)
                 /-100+    |    |     |                                               
                 |    |    \-100+     \-------------------------- Proscinetes_ra~ (17)
                 |    |         |                                                     
                 |    |         \-------------------------------- Turboscinetes_~ (22)
           /-100-+    |                                                               
           |     |    \------------------------------------------ Turbomesodon_r~ (23)
           |     |                                                                    
      --100+     \----------------------------------------------- Turbomesodon_p~ (25)
           |                                                                          
           \----------------------------------------------------- Turbomesodon_b~ (24)
                                                                                      
      Subtree rooted at node 79:

                                                           /----- (64)
                                                     /-100-+                          
                                                     |     \----- Stenamara_mia (27)
                                                /-100+                                
                                                |    \----------- Macromesodon_m~ (28)
                                                |                                     
                                           /-100+          /----- Brembodus_ride~ (29)
                                           |    |    /-100-+                          
                                           |    |    |     \----- Gibbodon_cenen~ (30)
                                           |    \-100+                                
                                           |         |     /----- Eomesodon_lias~ (31)
                                      /-100+         \-100-+                          
                                      |    |               \----- Eomesodon_hoef~ (32)
                                      |    |                                          
                                      |    |               /----- Apomesodon_gib~ (33)
                                /-100-+    \------100------+                          
                                |     |                    \----- Piranhamesodon~ (34)
                                |     |                                               
                           /-100+     \-------------------------- Arduafrons_pro~ (35)
                           |    |                                                     
                      /-100+    \-------------------------------- Gyrodus_hexago~ (36)
                      |    |                                                          
                      |    \------------------------------------- Micropycnodon_~ (40)
                 /-100+                                                               
                 |    |                                    /----- Mesturus_verru~ (37)
                 |    \-----------------100----------------+                          
           /-100-+                                         \----- Aminiichthys_l~ (38)
           |     |                                                                    
      --100+     \----------------------------------------------- Paramesturus_s~ (41)
           |                                                                          
           \----------------------------------------------------- Valgarzaella_a~ (42)
                                                                                      
      Root part of tree:

      /---------------------------------------------------------- Polypterus_sene~ (2)
      |                                                                               
      |                                      /------------------- Huso_huso (1)
      +                  /--------100--------+                                        
      |                  |                   \------------------- (79)
      \--------100-------+                                                            
                         \--------------------------------------- Pteronisculus_c~ (3)
                                                                                      

      Phylogram (based on median node depths):

                                                                                                                                                                                                                                                                                                                                                                                                                                                                                                                              ------|----------|---------|----------|---------|---------|                     
           250        200       150        100       50         0                     

      [User-defined time units]

      /---------------------------------------------------------- Polypterus_sene~ (2)
      |                                                                               
      |   /------------------------------------------------------ Huso_huso (1)
      |   |                                                                           
      |   |                                 /--------- Abdobalistum_th~ (4)
      |   |                                /+                                         
      |   |                                |\- Paranursallia_g~ (6)
      |   |                                |                                          
      |   |                                |---------- Nursallia_veron~ (5)
      |   |                              /-+                                          
      |   |                              | \---------- Pycnodus_apodus (7)
      |   |                             /+                                            
      |   |                             |\------------ Palaeobalistum~ (39)
      |   |                           /-+                                             
      |   |                           | \---- Coelodus_saturn~ (9)
      |   |                           |                                               
      |   |                          /+  /-------- Oropycnodus_pon~ (8)
      |   |                          ||  |                                            
      |   |                          |\--+ /- Sylvienodus_la~ (10)
      |   |                          |   \-+                                          
      |   |                        /-+     \--- Polazzodus_cor~ (11)
      |   |                        | |                                                
      |   |                        | | /----- Scalacurvichth~ (12)
      |   |                       /+ \-+                                              
      |   |                       ||   \- Iemanja_palma (15)
      |   |                       ||                                                  
      |   |                    /--+\--------- Akromystax_til~ (26)
      |   |                    |  |                                                   
      |   |                 /--+  \---- Stemmatodus_rh~ (16)
      |   |                 |  |                                                      
      |   |                 |  \------- Ocloedus_subdi~ (13)
      +   |                 |                                                         
      |   |                 |  /----------- Tepexichthys_a~ (14)
      |   |                 |  |                                                      
      |   |                 |  | /--- Proscinetes_be~ (18)
      |   |                /+  |/+                                                    
      |   |                || /+|\ Proscinetes_el~ (19)
      |   |                || |||                                                     
      |   |                || ||| Thiollierepycn~ (21)
      |   |                ||/+\+                                                     
      |  /+                |||| \-------- Neoproscinetes~ (20)
      |  ||               /+|||                                                       
      |  ||               ||\+\-------- Proscinetes_ra~ (17)
      |  ||               || |                                                        
      |  ||               || \--- Turboscinetes_~ (22)
      |  ||             /-+|                                                          
      |  ||             | |\------ Turbomesodon_r~ (23)
      |  ||             | |                                                           
      |  ||            /+ \------------ Turbomesodon_p~ (25)
      |  ||            ||                                                             
      |  ||         /--+\---------------- Turbomesodon_b~ (24)
      |  ||         |  |                                                              
      |  ||       /-+  \--------------- Stenamara_mia (27)
      |  ||       | |                                                                 
      |  ||       | \--------------- Macromesodon_m~ (28)
      |  ||       |                                                                   
      |  ||      /+/ Brembodus_ride~ (29)
      |  ||      ||+                                                                  
      |  ||      ||\ Gibbodon_cenen~ (30)
      |  ||      ||                                                                   
      |  ||      ||/---- Eomesodon_lias~ (31)
      \--+|     /+\+                                                                  
         ||     || \ Eomesodon_hoef~ (32)
         ||     ||                                                                    
         ||     ||             /-- Apomesodon_gib~ (33)
         ||     |\-------------+                                                      
         ||     |              \-- Piranhamesodon~ (34)
         ||     |                                                                     
         ||    /+----------------- Arduafrons_pro~ (35)
         ||    ||                                                                     
         ||   /+\----------------- Gyrodus_hexago~ (36)
         ||   ||                                                                      
         ||   |\----------------------------- Micropycnodon_~ (40)
         ||  /+                                                                       
         ||  ||             /----- Mesturus_verru~ (37)
         ||  |\-------------+                                                         
         || /+              \-- Aminiichthys_l~ (38)
         || ||                                                                        
         |\-+\-------------------------- Paramesturus_s~ (41)
         |  |                                                                         
         |  \----- Valgarzaella_a~ (42)
         |                                                                            
         \-- Pteronisculus_c~ (3)
                                                                                      
      ------|----------|---------|----------|---------|---------|                     
           250        200       150        100       50         0                     

      [User-defined time units]

      Calculating tree probabilities...

      Credible sets of trees (1 tree sampled):
         99 % credible set contains 1 tree

      Plotting parameters in file alignment_and_tree.nex.p ...
      Found 10000 parameter lines in file "alignment_and_tree.nex.p"
      Of the 10000 lines, 9001 of them will be summarized (starting at line 1002)
      (Only the last set of lines will be read, in case multiple
      parameter blocks are present in the same file.)
      Did not find any parameters matching "lnL" to plot
      Summarizing parameters in file alignment_and_tree.nex.p
      Writing summary statistics to file alignment_and_tree.nex.pstat
      Using relative burnin ('relburnin=yes'), discarding the first 10 % of samples

      Below is a rough plot of the generation (x-axis) versus the log   
      probability of observing the data (y-axis). You can use this      
      graph to determine what the burn in for your analysis should be.  
      When the log probability starts to plateau you may be at station- 
      arity. Sample trees and parameters after the log probability      
      plateaus. Of course, this is not a guarantee that you are at sta- 
      analysis should be. When the log probability starts to plateau    
      tionarity. When possible, run multiple analyses starting from dif-
      ferent random trees; if the inferences you make for independent   
      analyses are the same, this is reasonable evidence that the chains
      have converged. You can use MrBayes to run several independent    
      analyses simultaneously. During such a run, MrBayes will monitor  
      the convergence of topologies. After the run has been completed,  
      the 'sumt' and 'sump' functions will provide additional conver-   
      gence diagnostics for all the parameters in your model. Remember  
      that the burn in is the number of samples to discard. There are   
      a total of ngen / samplefreq samples taken during a MCMC analysis.

   +------------------------------------------------------------+ 0.000
   |                                                            |
   |                                                            |
   |                                                            |
   |                                                            |
   |                                                            |
   |                                                            |
   |                                                            |
   |                                                            |
   |                                                            |
   |                                                            |
   |                                                            |
   |                                                            |
   |                                                            |
   |                                                            |
   |************************************************************|
   +------+-----+-----+-----+-----+-----+-----+-----+-----+-----+ 0.000
   ^                                                            ^
   1000000                                                     10000000

      Overwriting file "alignment_and_tree.nex.lstat"

      Estimated marginal likelihoods for run sampled in file "alignment_and_tree.nex.p":
         (Use the harmonic mean for Bayes factor comparisons of models)
         (Values are saved to the file alignment_and_tree.nex.lstat)

      Arithmetic mean   Harmonic mean
      --------------------------------
             0.00            -0.00
      --------------------------------


      Model parameter summaries for run sampled in file "alignment_and_tree.nex":
         Based on a total of 9001 samples out of a total of 10001 samples
            from this analysis.
         Parameter summaries saved to file "alignment_and_tree.nex.pstat".
      Overwriting file "alignment_and_tree.nex.pstat"

                                                         95% HPD Interval
                                                       --------------------
      Parameter                  Mean      Variance     Lower       Upper       Median     ESS*
      --------------------------------------------------------------------------------------------
      TH                      55.461099  3053.223807    0.002366  165.726700   38.597200   8588.40
      TL                     471.560140  221172.120536    0.020582  1424.150000  328.700000   8607.98
      pr_fossil_ancestor       0.121678    0.004867    0.000000    0.225000    0.125000     59.12
      net_speciation           0.005164    0.000006    0.000680    0.009890    0.004882   1611.49
      relative_extinction      0.931720    0.002245    0.839872    0.998007    0.942078    202.02
      relative_fossilization   0.047973    0.001732    0.000567    0.130123    0.036424    171.94
      igrvar                   0.279504    0.214681    0.000141    1.236207    0.084905    209.15
      clockrate                0.200551    0.039735    0.000009    0.600458    0.139938   8609.65
      --------------------------------------------------------------------------------------------
      * Convergence diagnostic (ESS = Estimated Sample Size); ESS value 
        below 100 may indicate that the parameter is undersampled. 


